-0.5199999809265137	-0.5199999809265137
-0.5000000000000000	-0.5199999809265137
-0.4799999892711639	-0.5199999809265137
-0.4600000083446503	-0.5199999809265137
-0.4399999976158142	-0.5199999809265137
-0.4199999868869781	-0.5199999809265137
-0.4000000059604645	-0.5199999809265137
-0.3799999952316284	-0.5199999809265137
-0.3600000143051147	-0.5199999809265137
-0.3400000035762787	-0.5199999809265137
-0.3199999928474426	-0.5199999809265137
-0.3000000119209290	-0.5199999809265137
-0.2800000011920929	-0.5199999809265137
-0.2599999904632568	-0.5199999809265137
-0.2399999946355820	-0.5199999809265137
-0.2199999988079071	-0.5199999809265137
-0.2000000029802322	-0.5199999809265137
-0.1800000071525574	-0.5199999809265137
-0.1599999964237213	-0.5199999809265137
-0.1400000005960464	-0.5199999809265137
-0.1199999973177910	-0.5199999809265137
-0.1000000014901161	-0.5199999809265137
-0.07999999821186066	-0.5199999809265137
-0.05999999865889549	-0.5199999809265137
-0.03999999910593033	-0.5199999809265137
-0.01999999955296516	-0.5199999809265137
0.000000000000000	-0.5199999809265137
0.01999999955296516	-0.5199999809265137
0.03999999910593033	-0.5199999809265137
0.05999999865889549	-0.5199999809265137
0.07999999821186066	-0.5199999809265137
0.1000000014901161	-0.5199999809265137
0.1199999973177910	-0.5199999809265137
0.1400000005960464	-0.5199999809265137
0.1599999964237213	-0.5199999809265137
0.1800000071525574	-0.5199999809265137
0.2000000029802322	-0.5199999809265137
0.2199999988079071	-0.5199999809265137
0.2399999946355820	-0.5199999809265137
0.2599999904632568	-0.5199999809265137
0.2800000011920929	-0.5199999809265137
0.3000000119209290	-0.5199999809265137
0.3199999928474426	-0.5199999809265137
0.3400000035762787	-0.5199999809265137
0.3600000143051147	-0.5199999809265137
0.3799999952316284	-0.5199999809265137
0.4000000059604645	-0.5199999809265137
0.4199999868869781	-0.5199999809265137
0.4399999976158142	-0.5199999809265137
0.4600000083446503	-0.5199999809265137
0.4799999892711639	-0.5199999809265137
0.5000000000000000	-0.5199999809265137
0.5199999809265137	-0.5199999809265137
-0.5199999809265137	-0.5000000000000000
-0.5000000000000000	-0.5000000000000000
-0.4799999892711639	-0.5000000000000000
-0.4600000083446503	-0.5000000000000000
-0.4399999976158142	-0.5000000000000000
-0.4199999868869781	-0.5000000000000000
-0.4000000059604645	-0.5000000000000000
-0.3799999952316284	-0.5000000000000000
-0.3600000143051147	-0.5000000000000000
-0.3400000035762787	-0.5000000000000000
-0.3199999928474426	-0.5000000000000000
-0.3000000119209290	-0.5000000000000000
-0.2800000011920929	-0.5000000000000000
-0.2599999904632568	-0.5000000000000000
-0.2399999946355820	-0.5000000000000000
-0.2199999988079071	-0.5000000000000000
-0.2000000029802322	-0.5000000000000000
-0.1800000071525574	-0.5000000000000000
-0.1599999964237213	-0.5000000000000000
-0.1400000005960464	-0.5000000000000000
-0.1199999973177910	-0.5000000000000000
-0.1000000014901161	-0.5000000000000000
-0.07999999821186066	-0.5000000000000000
-0.05999999865889549	-0.5000000000000000
-0.03999999910593033	-0.5000000000000000
-0.01999999955296516	-0.5000000000000000
0.000000000000000	-0.5000000000000000
0.01999999955296516	-0.5000000000000000
0.03999999910593033	-0.5000000000000000
0.05999999865889549	-0.5000000000000000
0.07999999821186066	-0.5000000000000000
0.1000000014901161	-0.5000000000000000
0.1199999973177910	-0.5000000000000000
0.1400000005960464	-0.5000000000000000
0.1599999964237213	-0.5000000000000000
0.1800000071525574	-0.5000000000000000
0.2000000029802322	-0.5000000000000000
0.2199999988079071	-0.5000000000000000
0.2399999946355820	-0.5000000000000000
0.2599999904632568	-0.5000000000000000
0.2800000011920929	-0.5000000000000000
0.3000000119209290	-0.5000000000000000
0.3199999928474426	-0.5000000000000000
0.3400000035762787	-0.5000000000000000
0.3600000143051147	-0.5000000000000000
0.3799999952316284	-0.5000000000000000
0.4000000059604645	-0.5000000000000000
0.4199999868869781	-0.5000000000000000
0.4399999976158142	-0.5000000000000000
0.4600000083446503	-0.5000000000000000
0.4799999892711639	-0.5000000000000000
0.5000000000000000	-0.5000000000000000
0.5199999809265137	-0.5000000000000000
-0.5199999809265137	-0.4799999892711639
-0.5000000000000000	-0.4799999892711639
-0.4799999892711639	-0.4799999892711639
-0.4600000083446503	-0.4799999892711639
-0.4399999976158142	-0.4799999892711639
-0.4199999868869781	-0.4799999892711639
-0.4000000059604645	-0.4799999892711639
-0.3799999952316284	-0.4799999892711639
-0.3600000143051147	-0.4799999892711639
-0.3400000035762787	-0.4799999892711639
-0.3199999928474426	-0.4799999892711639
-0.3000000119209290	-0.4799999892711639
-0.2800000011920929	-0.4799999892711639
-0.2599999904632568	-0.4799999892711639
-0.2399999946355820	-0.4799999892711639
-0.2199999988079071	-0.4799999892711639
-0.2000000029802322	-0.4799999892711639
-0.1800000071525574	-0.4799999892711639
-0.1599999964237213	-0.4799999892711639
-0.1400000005960464	-0.4799999892711639
-0.1199999973177910	-0.4799999892711639
-0.1000000014901161	-0.4799999892711639
-0.07999999821186066	-0.4799999892711639
-0.05999999865889549	-0.4799999892711639
-0.03999999910593033	-0.4799999892711639
-0.01999999955296516	-0.4799999892711639
0.000000000000000	-0.4799999892711639
0.01999999955296516	-0.4799999892711639
0.03999999910593033	-0.4799999892711639
0.05999999865889549	-0.4799999892711639
0.07999999821186066	-0.4799999892711639
0.1000000014901161	-0.4799999892711639
0.1199999973177910	-0.4799999892711639
0.1400000005960464	-0.4799999892711639
0.1599999964237213	-0.4799999892711639
0.1800000071525574	-0.4799999892711639
0.2000000029802322	-0.4799999892711639
0.2199999988079071	-0.4799999892711639
0.2399999946355820	-0.4799999892711639
0.2599999904632568	-0.4799999892711639
0.2800000011920929	-0.4799999892711639
0.3000000119209290	-0.4799999892711639
0.3199999928474426	-0.4799999892711639
0.3400000035762787	-0.4799999892711639
0.3600000143051147	-0.4799999892711639
0.3799999952316284	-0.4799999892711639
0.4000000059604645	-0.4799999892711639
0.4199999868869781	-0.4799999892711639
0.4399999976158142	-0.4799999892711639
0.4600000083446503	-0.4799999892711639
0.4799999892711639	-0.4799999892711639
0.5000000000000000	-0.4799999892711639
0.5199999809265137	-0.4799999892711639
-0.5199999809265137	-0.4600000083446503
-0.5000000000000000	-0.4600000083446503
-0.4799999892711639	-0.4600000083446503
-0.4600000083446503	-0.4600000083446503
-0.4399999976158142	-0.4600000083446503
-0.4199999868869781	-0.4600000083446503
-0.4000000059604645	-0.4600000083446503
-0.3799999952316284	-0.4600000083446503
-0.3600000143051147	-0.4600000083446503
-0.3400000035762787	-0.4600000083446503
-0.3199999928474426	-0.4600000083446503
-0.3000000119209290	-0.4600000083446503
-0.2800000011920929	-0.4600000083446503
-0.2599999904632568	-0.4600000083446503
-0.2399999946355820	-0.4600000083446503
-0.2199999988079071	-0.4600000083446503
-0.2000000029802322	-0.4600000083446503
-0.1800000071525574	-0.4600000083446503
-0.1599999964237213	-0.4600000083446503
-0.1400000005960464	-0.4600000083446503
-0.1199999973177910	-0.4600000083446503
-0.1000000014901161	-0.4600000083446503
-0.07999999821186066	-0.4600000083446503
-0.05999999865889549	-0.4600000083446503
-0.03999999910593033	-0.4600000083446503
-0.01999999955296516	-0.4600000083446503
0.000000000000000	-0.4600000083446503
0.01999999955296516	-0.4600000083446503
0.03999999910593033	-0.4600000083446503
0.05999999865889549	-0.4600000083446503
0.07999999821186066	-0.4600000083446503
0.1000000014901161	-0.4600000083446503
0.1199999973177910	-0.4600000083446503
0.1400000005960464	-0.4600000083446503
0.1599999964237213	-0.4600000083446503
0.1800000071525574	-0.4600000083446503
0.2000000029802322	-0.4600000083446503
0.2199999988079071	-0.4600000083446503
0.2399999946355820	-0.4600000083446503
0.2599999904632568	-0.4600000083446503
0.2800000011920929	-0.4600000083446503
0.3000000119209290	-0.4600000083446503
0.3199999928474426	-0.4600000083446503
0.3400000035762787	-0.4600000083446503
0.3600000143051147	-0.4600000083446503
0.3799999952316284	-0.4600000083446503
0.4000000059604645	-0.4600000083446503
0.4199999868869781	-0.4600000083446503
0.4399999976158142	-0.4600000083446503
0.4600000083446503	-0.4600000083446503
0.4799999892711639	-0.4600000083446503
0.5000000000000000	-0.4600000083446503
0.5199999809265137	-0.4600000083446503
-0.5199999809265137	-0.4399999976158142
-0.5000000000000000	-0.4399999976158142
-0.4799999892711639	-0.4399999976158142
-0.4600000083446503	-0.4399999976158142
-0.4399999976158142	-0.4399999976158142
-0.4199999868869781	-0.4399999976158142
-0.4000000059604645	-0.4399999976158142
-0.3799999952316284	-0.4399999976158142
-0.3600000143051147	-0.4399999976158142
-0.3400000035762787	-0.4399999976158142
-0.3199999928474426	-0.4399999976158142
-0.3000000119209290	-0.4399999976158142
-0.2800000011920929	-0.4399999976158142
-0.2599999904632568	-0.4399999976158142
-0.2399999946355820	-0.4399999976158142
-0.2199999988079071	-0.4399999976158142
-0.2000000029802322	-0.4399999976158142
-0.1800000071525574	-0.4399999976158142
-0.1599999964237213	-0.4399999976158142
-0.1400000005960464	-0.4399999976158142
-0.1199999973177910	-0.4399999976158142
-0.1000000014901161	-0.4399999976158142
-0.07999999821186066	-0.4399999976158142
-0.05999999865889549	-0.4399999976158142
-0.03999999910593033	-0.4399999976158142
-0.01999999955296516	-0.4399999976158142
0.000000000000000	-0.4399999976158142
0.01999999955296516	-0.4399999976158142
0.03999999910593033	-0.4399999976158142
0.05999999865889549	-0.4399999976158142
0.07999999821186066	-0.4399999976158142
0.1000000014901161	-0.4399999976158142
0.1199999973177910	-0.4399999976158142
0.1400000005960464	-0.4399999976158142
0.1599999964237213	-0.4399999976158142
0.1800000071525574	-0.4399999976158142
0.2000000029802322	-0.4399999976158142
0.2199999988079071	-0.4399999976158142
0.2399999946355820	-0.4399999976158142
0.2599999904632568	-0.4399999976158142
0.2800000011920929	-0.4399999976158142
0.3000000119209290	-0.4399999976158142
0.3199999928474426	-0.4399999976158142
0.3400000035762787	-0.4399999976158142
0.3600000143051147	-0.4399999976158142
0.3799999952316284	-0.4399999976158142
0.4000000059604645	-0.4399999976158142
0.4199999868869781	-0.4399999976158142
0.4399999976158142	-0.4399999976158142
0.4600000083446503	-0.4399999976158142
0.4799999892711639	-0.4399999976158142
0.5000000000000000	-0.4399999976158142
0.5199999809265137	-0.4399999976158142
-0.5199999809265137	-0.4199999868869781
-0.5000000000000000	-0.4199999868869781
-0.4799999892711639	-0.4199999868869781
-0.4600000083446503	-0.4199999868869781
-0.4399999976158142	-0.4199999868869781
-0.4199999868869781	-0.4199999868869781
-0.4000000059604645	-0.4199999868869781
-0.3799999952316284	-0.4199999868869781
-0.3600000143051147	-0.4199999868869781
-0.3400000035762787	-0.4199999868869781
-0.3199999928474426	-0.4199999868869781
-0.3000000119209290	-0.4199999868869781
-0.2800000011920929	-0.4199999868869781
-0.2599999904632568	-0.4199999868869781
-0.2399999946355820	-0.4199999868869781
-0.2199999988079071	-0.4199999868869781
-0.2000000029802322	-0.4199999868869781
-0.1800000071525574	-0.4199999868869781
-0.1599999964237213	-0.4199999868869781
-0.1400000005960464	-0.4199999868869781
-0.1199999973177910	-0.4199999868869781
-0.1000000014901161	-0.4199999868869781
-0.07999999821186066	-0.4199999868869781
-0.05999999865889549	-0.4199999868869781
-0.03999999910593033	-0.4199999868869781
-0.01999999955296516	-0.4199999868869781
0.000000000000000	-0.4199999868869781
0.01999999955296516	-0.4199999868869781
0.03999999910593033	-0.4199999868869781
0.05999999865889549	-0.4199999868869781
0.07999999821186066	-0.4199999868869781
0.1000000014901161	-0.4199999868869781
0.1199999973177910	-0.4199999868869781
0.1400000005960464	-0.4199999868869781
0.1599999964237213	-0.4199999868869781
0.1800000071525574	-0.4199999868869781
0.2000000029802322	-0.4199999868869781
0.2199999988079071	-0.4199999868869781
0.2399999946355820	-0.4199999868869781
0.2599999904632568	-0.4199999868869781
0.2800000011920929	-0.4199999868869781
0.3000000119209290	-0.4199999868869781
0.3199999928474426	-0.4199999868869781
0.3400000035762787	-0.4199999868869781
0.3600000143051147	-0.4199999868869781
0.3799999952316284	-0.4199999868869781
0.4000000059604645	-0.4199999868869781
0.4199999868869781	-0.4199999868869781
0.4399999976158142	-0.4199999868869781
0.4600000083446503	-0.4199999868869781
0.4799999892711639	-0.4199999868869781
0.5000000000000000	-0.4199999868869781
0.5199999809265137	-0.4199999868869781
-0.5199999809265137	-0.4000000059604645
-0.5000000000000000	-0.4000000059604645
-0.4799999892711639	-0.4000000059604645
-0.4600000083446503	-0.4000000059604645
-0.4399999976158142	-0.4000000059604645
-0.4199999868869781	-0.4000000059604645
-0.4000000059604645	-0.4000000059604645
-0.3799999952316284	-0.4000000059604645
-0.3600000143051147	-0.4000000059604645
-0.3400000035762787	-0.4000000059604645
-0.3199999928474426	-0.4000000059604645
-0.3000000119209290	-0.4000000059604645
-0.2800000011920929	-0.4000000059604645
-0.2599999904632568	-0.4000000059604645
-0.2399999946355820	-0.4000000059604645
-0.2199999988079071	-0.4000000059604645
-0.2000000029802322	-0.4000000059604645
-0.1800000071525574	-0.4000000059604645
-0.1599999964237213	-0.4000000059604645
-0.1400000005960464	-0.4000000059604645
-0.1199999973177910	-0.4000000059604645
-0.1000000014901161	-0.4000000059604645
-0.07999999821186066	-0.4000000059604645
-0.05999999865889549	-0.4000000059604645
-0.03999999910593033	-0.4000000059604645
-0.01999999955296516	-0.4000000059604645
0.000000000000000	-0.4000000059604645
0.01999999955296516	-0.4000000059604645
0.03999999910593033	-0.4000000059604645
0.05999999865889549	-0.4000000059604645
0.07999999821186066	-0.4000000059604645
0.1000000014901161	-0.4000000059604645
0.1199999973177910	-0.4000000059604645
0.1400000005960464	-0.4000000059604645
0.1599999964237213	-0.4000000059604645
0.1800000071525574	-0.4000000059604645
0.2000000029802322	-0.4000000059604645
0.2199999988079071	-0.4000000059604645
0.2399999946355820	-0.4000000059604645
0.2599999904632568	-0.4000000059604645
0.2800000011920929	-0.4000000059604645
0.3000000119209290	-0.4000000059604645
0.3199999928474426	-0.4000000059604645
0.3400000035762787	-0.4000000059604645
0.3600000143051147	-0.4000000059604645
0.3799999952316284	-0.4000000059604645
0.4000000059604645	-0.4000000059604645
0.4199999868869781	-0.4000000059604645
0.4399999976158142	-0.4000000059604645
0.4600000083446503	-0.4000000059604645
0.4799999892711639	-0.4000000059604645
0.5000000000000000	-0.4000000059604645
0.5199999809265137	-0.4000000059604645
-0.5199999809265137	-0.3799999952316284
-0.5000000000000000	-0.3799999952316284
-0.4799999892711639	-0.3799999952316284
-0.4600000083446503	-0.3799999952316284
-0.4399999976158142	-0.3799999952316284
-0.4199999868869781	-0.3799999952316284
-0.4000000059604645	-0.3799999952316284
-0.3799999952316284	-0.3799999952316284
-0.3600000143051147	-0.3799999952316284
-0.3400000035762787	-0.3799999952316284
-0.3199999928474426	-0.3799999952316284
-0.3000000119209290	-0.3799999952316284
-0.2800000011920929	-0.3799999952316284
-0.2599999904632568	-0.3799999952316284
-0.2399999946355820	-0.3799999952316284
-0.2199999988079071	-0.3799999952316284
-0.2000000029802322	-0.3799999952316284
-0.1800000071525574	-0.3799999952316284
-0.1599999964237213	-0.3799999952316284
-0.1400000005960464	-0.3799999952316284
-0.1199999973177910	-0.3799999952316284
-0.1000000014901161	-0.3799999952316284
-0.07999999821186066	-0.3799999952316284
-0.05999999865889549	-0.3799999952316284
-0.03999999910593033	-0.3799999952316284
-0.01999999955296516	-0.3799999952316284
0.000000000000000	-0.3799999952316284
0.01999999955296516	-0.3799999952316284
0.03999999910593033	-0.3799999952316284
0.05999999865889549	-0.3799999952316284
0.07999999821186066	-0.3799999952316284
0.1000000014901161	-0.3799999952316284
0.1199999973177910	-0.3799999952316284
0.1400000005960464	-0.3799999952316284
0.1599999964237213	-0.3799999952316284
0.1800000071525574	-0.3799999952316284
0.2000000029802322	-0.3799999952316284
0.2199999988079071	-0.3799999952316284
0.2399999946355820	-0.3799999952316284
0.2599999904632568	-0.3799999952316284
0.2800000011920929	-0.3799999952316284
0.3000000119209290	-0.3799999952316284
0.3199999928474426	-0.3799999952316284
0.3400000035762787	-0.3799999952316284
0.3600000143051147	-0.3799999952316284
0.3799999952316284	-0.3799999952316284
0.4000000059604645	-0.3799999952316284
0.4199999868869781	-0.3799999952316284
0.4399999976158142	-0.3799999952316284
0.4600000083446503	-0.3799999952316284
0.4799999892711639	-0.3799999952316284
0.5000000000000000	-0.3799999952316284
0.5199999809265137	-0.3799999952316284
-0.5199999809265137	-0.3600000143051147
-0.5000000000000000	-0.3600000143051147
-0.4799999892711639	-0.3600000143051147
-0.4600000083446503	-0.3600000143051147
-0.4399999976158142	-0.3600000143051147
-0.4199999868869781	-0.3600000143051147
-0.4000000059604645	-0.3600000143051147
-0.3799999952316284	-0.3600000143051147
-0.3600000143051147	-0.3600000143051147
-0.3400000035762787	-0.3600000143051147
-0.3199999928474426	-0.3600000143051147
-0.3000000119209290	-0.3600000143051147
-0.2800000011920929	-0.3600000143051147
-0.2599999904632568	-0.3600000143051147
-0.2399999946355820	-0.3600000143051147
-0.2199999988079071	-0.3600000143051147
-0.2000000029802322	-0.3600000143051147
-0.1800000071525574	-0.3600000143051147
-0.1599999964237213	-0.3600000143051147
-0.1400000005960464	-0.3600000143051147
-0.1199999973177910	-0.3600000143051147
-0.1000000014901161	-0.3600000143051147
-0.07999999821186066	-0.3600000143051147
-0.05999999865889549	-0.3600000143051147
-0.03999999910593033	-0.3600000143051147
-0.01999999955296516	-0.3600000143051147
0.000000000000000	-0.3600000143051147
0.01999999955296516	-0.3600000143051147
0.03999999910593033	-0.3600000143051147
0.05999999865889549	-0.3600000143051147
0.07999999821186066	-0.3600000143051147
0.1000000014901161	-0.3600000143051147
0.1199999973177910	-0.3600000143051147
0.1400000005960464	-0.3600000143051147
0.1599999964237213	-0.3600000143051147
0.1800000071525574	-0.3600000143051147
0.2000000029802322	-0.3600000143051147
0.2199999988079071	-0.3600000143051147
0.2399999946355820	-0.3600000143051147
0.2599999904632568	-0.3600000143051147
0.2800000011920929	-0.3600000143051147
0.3000000119209290	-0.3600000143051147
0.3199999928474426	-0.3600000143051147
0.3400000035762787	-0.3600000143051147
0.3600000143051147	-0.3600000143051147
0.3799999952316284	-0.3600000143051147
0.4000000059604645	-0.3600000143051147
0.4199999868869781	-0.3600000143051147
0.4399999976158142	-0.3600000143051147
0.4600000083446503	-0.3600000143051147
0.4799999892711639	-0.3600000143051147
0.5000000000000000	-0.3600000143051147
0.5199999809265137	-0.3600000143051147
-0.5199999809265137	-0.3400000035762787
-0.5000000000000000	-0.3400000035762787
-0.4799999892711639	-0.3400000035762787
-0.4600000083446503	-0.3400000035762787
-0.4399999976158142	-0.3400000035762787
-0.4199999868869781	-0.3400000035762787
-0.4000000059604645	-0.3400000035762787
-0.3799999952316284	-0.3400000035762787
-0.3600000143051147	-0.3400000035762787
-0.3400000035762787	-0.3400000035762787
-0.3199999928474426	-0.3400000035762787
-0.3000000119209290	-0.3400000035762787
-0.2800000011920929	-0.3400000035762787
-0.2599999904632568	-0.3400000035762787
-0.2399999946355820	-0.3400000035762787
-0.2199999988079071	-0.3400000035762787
-0.2000000029802322	-0.3400000035762787
-0.1800000071525574	-0.3400000035762787
-0.1599999964237213	-0.3400000035762787
-0.1400000005960464	-0.3400000035762787
-0.1199999973177910	-0.3400000035762787
-0.1000000014901161	-0.3400000035762787
-0.07999999821186066	-0.3400000035762787
-0.05999999865889549	-0.3400000035762787
-0.03999999910593033	-0.3400000035762787
-0.01999999955296516	-0.3400000035762787
0.000000000000000	-0.3400000035762787
0.01999999955296516	-0.3400000035762787
0.03999999910593033	-0.3400000035762787
0.05999999865889549	-0.3400000035762787
0.07999999821186066	-0.3400000035762787
0.1000000014901161	-0.3400000035762787
0.1199999973177910	-0.3400000035762787
0.1400000005960464	-0.3400000035762787
0.1599999964237213	-0.3400000035762787
0.1800000071525574	-0.3400000035762787
0.2000000029802322	-0.3400000035762787
0.2199999988079071	-0.3400000035762787
0.2399999946355820	-0.3400000035762787
0.2599999904632568	-0.3400000035762787
0.2800000011920929	-0.3400000035762787
0.3000000119209290	-0.3400000035762787
0.3199999928474426	-0.3400000035762787
0.3400000035762787	-0.3400000035762787
0.3600000143051147	-0.3400000035762787
0.3799999952316284	-0.3400000035762787
0.4000000059604645	-0.3400000035762787
0.4199999868869781	-0.3400000035762787
0.4399999976158142	-0.3400000035762787
0.4600000083446503	-0.3400000035762787
0.4799999892711639	-0.3400000035762787
0.5000000000000000	-0.3400000035762787
0.5199999809265137	-0.3400000035762787
-0.5199999809265137	-0.3199999928474426
-0.5000000000000000	-0.3199999928474426
-0.4799999892711639	-0.3199999928474426
-0.4600000083446503	-0.3199999928474426
-0.4399999976158142	-0.3199999928474426
-0.4199999868869781	-0.3199999928474426
-0.4000000059604645	-0.3199999928474426
-0.3799999952316284	-0.3199999928474426
-0.3600000143051147	-0.3199999928474426
-0.3400000035762787	-0.3199999928474426
-0.3199999928474426	-0.3199999928474426
-0.3000000119209290	-0.3199999928474426
-0.2800000011920929	-0.3199999928474426
-0.2599999904632568	-0.3199999928474426
-0.2399999946355820	-0.3199999928474426
-0.2199999988079071	-0.3199999928474426
-0.2000000029802322	-0.3199999928474426
-0.1800000071525574	-0.3199999928474426
-0.1599999964237213	-0.3199999928474426
-0.1400000005960464	-0.3199999928474426
-0.1199999973177910	-0.3199999928474426
-0.1000000014901161	-0.3199999928474426
-0.07999999821186066	-0.3199999928474426
-0.05999999865889549	-0.3199999928474426
-0.03999999910593033	-0.3199999928474426
-0.01999999955296516	-0.3199999928474426
0.000000000000000	-0.3199999928474426
0.01999999955296516	-0.3199999928474426
0.03999999910593033	-0.3199999928474426
0.05999999865889549	-0.3199999928474426
0.07999999821186066	-0.3199999928474426
0.1000000014901161	-0.3199999928474426
0.1199999973177910	-0.3199999928474426
0.1400000005960464	-0.3199999928474426
0.1599999964237213	-0.3199999928474426
0.1800000071525574	-0.3199999928474426
0.2000000029802322	-0.3199999928474426
0.2199999988079071	-0.3199999928474426
0.2399999946355820	-0.3199999928474426
0.2599999904632568	-0.3199999928474426
0.2800000011920929	-0.3199999928474426
0.3000000119209290	-0.3199999928474426
0.3199999928474426	-0.3199999928474426
0.3400000035762787	-0.3199999928474426
0.3600000143051147	-0.3199999928474426
0.3799999952316284	-0.3199999928474426
0.4000000059604645	-0.3199999928474426
0.4199999868869781	-0.3199999928474426
0.4399999976158142	-0.3199999928474426
0.4600000083446503	-0.3199999928474426
0.4799999892711639	-0.3199999928474426
0.5000000000000000	-0.3199999928474426
0.5199999809265137	-0.3199999928474426
-0.5199999809265137	-0.3000000119209290
-0.5000000000000000	-0.3000000119209290
-0.4799999892711639	-0.3000000119209290
-0.4600000083446503	-0.3000000119209290
-0.4399999976158142	-0.3000000119209290
-0.4199999868869781	-0.3000000119209290
-0.4000000059604645	-0.3000000119209290
-0.3799999952316284	-0.3000000119209290
-0.3600000143051147	-0.3000000119209290
-0.3400000035762787	-0.3000000119209290
-0.3199999928474426	-0.3000000119209290
-0.3000000119209290	-0.3000000119209290
-0.2800000011920929	-0.3000000119209290
-0.2599999904632568	-0.3000000119209290
-0.2399999946355820	-0.3000000119209290
-0.2199999988079071	-0.3000000119209290
-0.2000000029802322	-0.3000000119209290
-0.1800000071525574	-0.3000000119209290
-0.1599999964237213	-0.3000000119209290
-0.1400000005960464	-0.3000000119209290
-0.1199999973177910	-0.3000000119209290
-0.1000000014901161	-0.3000000119209290
-0.07999999821186066	-0.3000000119209290
-0.05999999865889549	-0.3000000119209290
-0.03999999910593033	-0.3000000119209290
-0.01999999955296516	-0.3000000119209290
0.000000000000000	-0.3000000119209290
0.01999999955296516	-0.3000000119209290
0.03999999910593033	-0.3000000119209290
0.05999999865889549	-0.3000000119209290
0.07999999821186066	-0.3000000119209290
0.1000000014901161	-0.3000000119209290
0.1199999973177910	-0.3000000119209290
0.1400000005960464	-0.3000000119209290
0.1599999964237213	-0.3000000119209290
0.1800000071525574	-0.3000000119209290
0.2000000029802322	-0.3000000119209290
0.2199999988079071	-0.3000000119209290
0.2399999946355820	-0.3000000119209290
0.2599999904632568	-0.3000000119209290
0.2800000011920929	-0.3000000119209290
0.3000000119209290	-0.3000000119209290
0.3199999928474426	-0.3000000119209290
0.3400000035762787	-0.3000000119209290
0.3600000143051147	-0.3000000119209290
0.3799999952316284	-0.3000000119209290
0.4000000059604645	-0.3000000119209290
0.4199999868869781	-0.3000000119209290
0.4399999976158142	-0.3000000119209290
0.4600000083446503	-0.3000000119209290
0.4799999892711639	-0.3000000119209290
0.5000000000000000	-0.3000000119209290
0.5199999809265137	-0.3000000119209290
-0.5199999809265137	-0.2800000011920929
-0.5000000000000000	-0.2800000011920929
-0.4799999892711639	-0.2800000011920929
-0.4600000083446503	-0.2800000011920929
-0.4399999976158142	-0.2800000011920929
-0.4199999868869781	-0.2800000011920929
-0.4000000059604645	-0.2800000011920929
-0.3799999952316284	-0.2800000011920929
-0.3600000143051147	-0.2800000011920929
-0.3400000035762787	-0.2800000011920929
-0.3199999928474426	-0.2800000011920929
-0.3000000119209290	-0.2800000011920929
-0.2800000011920929	-0.2800000011920929
-0.2599999904632568	-0.2800000011920929
-0.2399999946355820	-0.2800000011920929
-0.2199999988079071	-0.2800000011920929
-0.2000000029802322	-0.2800000011920929
-0.1800000071525574	-0.2800000011920929
-0.1599999964237213	-0.2800000011920929
-0.1400000005960464	-0.2800000011920929
-0.1199999973177910	-0.2800000011920929
-0.1000000014901161	-0.2800000011920929
-0.07999999821186066	-0.2800000011920929
-0.05999999865889549	-0.2800000011920929
-0.03999999910593033	-0.2800000011920929
-0.01999999955296516	-0.2800000011920929
0.000000000000000	-0.2800000011920929
0.01999999955296516	-0.2800000011920929
0.03999999910593033	-0.2800000011920929
0.05999999865889549	-0.2800000011920929
0.07999999821186066	-0.2800000011920929
0.1000000014901161	-0.2800000011920929
0.1199999973177910	-0.2800000011920929
0.1400000005960464	-0.2800000011920929
0.1599999964237213	-0.2800000011920929
0.1800000071525574	-0.2800000011920929
0.2000000029802322	-0.2800000011920929
0.2199999988079071	-0.2800000011920929
0.2399999946355820	-0.2800000011920929
0.2599999904632568	-0.2800000011920929
0.2800000011920929	-0.2800000011920929
0.3000000119209290	-0.2800000011920929
0.3199999928474426	-0.2800000011920929
0.3400000035762787	-0.2800000011920929
0.3600000143051147	-0.2800000011920929
0.3799999952316284	-0.2800000011920929
0.4000000059604645	-0.2800000011920929
0.4199999868869781	-0.2800000011920929
0.4399999976158142	-0.2800000011920929
0.4600000083446503	-0.2800000011920929
0.4799999892711639	-0.2800000011920929
0.5000000000000000	-0.2800000011920929
0.5199999809265137	-0.2800000011920929
-0.5199999809265137	-0.2599999904632568
-0.5000000000000000	-0.2599999904632568
-0.4799999892711639	-0.2599999904632568
-0.4600000083446503	-0.2599999904632568
-0.4399999976158142	-0.2599999904632568
-0.4199999868869781	-0.2599999904632568
-0.4000000059604645	-0.2599999904632568
-0.3799999952316284	-0.2599999904632568
-0.3600000143051147	-0.2599999904632568
-0.3400000035762787	-0.2599999904632568
-0.3199999928474426	-0.2599999904632568
-0.3000000119209290	-0.2599999904632568
-0.2800000011920929	-0.2599999904632568
-0.2599999904632568	-0.2599999904632568
-0.2399999946355820	-0.2599999904632568
-0.2199999988079071	-0.2599999904632568
-0.2000000029802322	-0.2599999904632568
-0.1800000071525574	-0.2599999904632568
-0.1599999964237213	-0.2599999904632568
-0.1400000005960464	-0.2599999904632568
-0.1199999973177910	-0.2599999904632568
-0.1000000014901161	-0.2599999904632568
-0.07999999821186066	-0.2599999904632568
-0.05999999865889549	-0.2599999904632568
-0.03999999910593033	-0.2599999904632568
-0.01999999955296516	-0.2599999904632568
0.000000000000000	-0.2599999904632568
0.01999999955296516	-0.2599999904632568
0.03999999910593033	-0.2599999904632568
0.05999999865889549	-0.2599999904632568
0.07999999821186066	-0.2599999904632568
0.1000000014901161	-0.2599999904632568
0.1199999973177910	-0.2599999904632568
0.1400000005960464	-0.2599999904632568
0.1599999964237213	-0.2599999904632568
0.1800000071525574	-0.2599999904632568
0.2000000029802322	-0.2599999904632568
0.2199999988079071	-0.2599999904632568
0.2399999946355820	-0.2599999904632568
0.2599999904632568	-0.2599999904632568
0.2800000011920929	-0.2599999904632568
0.3000000119209290	-0.2599999904632568
0.3199999928474426	-0.2599999904632568
0.3400000035762787	-0.2599999904632568
0.3600000143051147	-0.2599999904632568
0.3799999952316284	-0.2599999904632568
0.4000000059604645	-0.2599999904632568
0.4199999868869781	-0.2599999904632568
0.4399999976158142	-0.2599999904632568
0.4600000083446503	-0.2599999904632568
0.4799999892711639	-0.2599999904632568
0.5000000000000000	-0.2599999904632568
0.5199999809265137	-0.2599999904632568
-0.5199999809265137	-0.2399999946355820
-0.5000000000000000	-0.2399999946355820
-0.4799999892711639	-0.2399999946355820
-0.4600000083446503	-0.2399999946355820
-0.4399999976158142	-0.2399999946355820
-0.4199999868869781	-0.2399999946355820
-0.4000000059604645	-0.2399999946355820
-0.3799999952316284	-0.2399999946355820
-0.3600000143051147	-0.2399999946355820
-0.3400000035762787	-0.2399999946355820
-0.3199999928474426	-0.2399999946355820
-0.3000000119209290	-0.2399999946355820
-0.2800000011920929	-0.2399999946355820
-0.2599999904632568	-0.2399999946355820
-0.2399999946355820	-0.2399999946355820
-0.2199999988079071	-0.2399999946355820
-0.2000000029802322	-0.2399999946355820
-0.1800000071525574	-0.2399999946355820
-0.1599999964237213	-0.2399999946355820
-0.1400000005960464	-0.2399999946355820
-0.1199999973177910	-0.2399999946355820
-0.1000000014901161	-0.2399999946355820
-0.07999999821186066	-0.2399999946355820
-0.05999999865889549	-0.2399999946355820
-0.03999999910593033	-0.2399999946355820
-0.01999999955296516	-0.2399999946355820
0.000000000000000	-0.2399999946355820
0.01999999955296516	-0.2399999946355820
0.03999999910593033	-0.2399999946355820
0.05999999865889549	-0.2399999946355820
0.07999999821186066	-0.2399999946355820
0.1000000014901161	-0.2399999946355820
0.1199999973177910	-0.2399999946355820
0.1400000005960464	-0.2399999946355820
0.1599999964237213	-0.2399999946355820
0.1800000071525574	-0.2399999946355820
0.2000000029802322	-0.2399999946355820
0.2199999988079071	-0.2399999946355820
0.2399999946355820	-0.2399999946355820
0.2599999904632568	-0.2399999946355820
0.2800000011920929	-0.2399999946355820
0.3000000119209290	-0.2399999946355820
0.3199999928474426	-0.2399999946355820
0.3400000035762787	-0.2399999946355820
0.3600000143051147	-0.2399999946355820
0.3799999952316284	-0.2399999946355820
0.4000000059604645	-0.2399999946355820
0.4199999868869781	-0.2399999946355820
0.4399999976158142	-0.2399999946355820
0.4600000083446503	-0.2399999946355820
0.4799999892711639	-0.2399999946355820
0.5000000000000000	-0.2399999946355820
0.5199999809265137	-0.2399999946355820
-0.5199999809265137	-0.2199999988079071
-0.5000000000000000	-0.2199999988079071
-0.4799999892711639	-0.2199999988079071
-0.4600000083446503	-0.2199999988079071
-0.4399999976158142	-0.2199999988079071
-0.4199999868869781	-0.2199999988079071
-0.4000000059604645	-0.2199999988079071
-0.3799999952316284	-0.2199999988079071
-0.3600000143051147	-0.2199999988079071
-0.3400000035762787	-0.2199999988079071
-0.3199999928474426	-0.2199999988079071
-0.3000000119209290	-0.2199999988079071
-0.2800000011920929	-0.2199999988079071
-0.2599999904632568	-0.2199999988079071
-0.2399999946355820	-0.2199999988079071
-0.2199999988079071	-0.2199999988079071
-0.2000000029802322	-0.2199999988079071
-0.1800000071525574	-0.2199999988079071
-0.1599999964237213	-0.2199999988079071
-0.1400000005960464	-0.2199999988079071
-0.1199999973177910	-0.2199999988079071
-0.1000000014901161	-0.2199999988079071
-0.07999999821186066	-0.2199999988079071
-0.05999999865889549	-0.2199999988079071
-0.03999999910593033	-0.2199999988079071
-0.01999999955296516	-0.2199999988079071
0.000000000000000	-0.2199999988079071
0.01999999955296516	-0.2199999988079071
0.03999999910593033	-0.2199999988079071
0.05999999865889549	-0.2199999988079071
0.07999999821186066	-0.2199999988079071
0.1000000014901161	-0.2199999988079071
0.1199999973177910	-0.2199999988079071
0.1400000005960464	-0.2199999988079071
0.1599999964237213	-0.2199999988079071
0.1800000071525574	-0.2199999988079071
0.2000000029802322	-0.2199999988079071
0.2199999988079071	-0.2199999988079071
0.2399999946355820	-0.2199999988079071
0.2599999904632568	-0.2199999988079071
0.2800000011920929	-0.2199999988079071
0.3000000119209290	-0.2199999988079071
0.3199999928474426	-0.2199999988079071
0.3400000035762787	-0.2199999988079071
0.3600000143051147	-0.2199999988079071
0.3799999952316284	-0.2199999988079071
0.4000000059604645	-0.2199999988079071
0.4199999868869781	-0.2199999988079071
0.4399999976158142	-0.2199999988079071
0.4600000083446503	-0.2199999988079071
0.4799999892711639	-0.2199999988079071
0.5000000000000000	-0.2199999988079071
0.5199999809265137	-0.2199999988079071
-0.5199999809265137	-0.2000000029802322
-0.5000000000000000	-0.2000000029802322
-0.4799999892711639	-0.2000000029802322
-0.4600000083446503	-0.2000000029802322
-0.4399999976158142	-0.2000000029802322
-0.4199999868869781	-0.2000000029802322
-0.4000000059604645	-0.2000000029802322
-0.3799999952316284	-0.2000000029802322
-0.3600000143051147	-0.2000000029802322
-0.3400000035762787	-0.2000000029802322
-0.3199999928474426	-0.2000000029802322
-0.3000000119209290	-0.2000000029802322
-0.2800000011920929	-0.2000000029802322
-0.2599999904632568	-0.2000000029802322
-0.2399999946355820	-0.2000000029802322
-0.2199999988079071	-0.2000000029802322
-0.2000000029802322	-0.2000000029802322
-0.1800000071525574	-0.2000000029802322
-0.1599999964237213	-0.2000000029802322
-0.1400000005960464	-0.2000000029802322
-0.1199999973177910	-0.2000000029802322
-0.1000000014901161	-0.2000000029802322
-0.07999999821186066	-0.2000000029802322
-0.05999999865889549	-0.2000000029802322
-0.03999999910593033	-0.2000000029802322
-0.01999999955296516	-0.2000000029802322
0.000000000000000	-0.2000000029802322
0.01999999955296516	-0.2000000029802322
0.03999999910593033	-0.2000000029802322
0.05999999865889549	-0.2000000029802322
0.07999999821186066	-0.2000000029802322
0.1000000014901161	-0.2000000029802322
0.1199999973177910	-0.2000000029802322
0.1400000005960464	-0.2000000029802322
0.1599999964237213	-0.2000000029802322
0.1800000071525574	-0.2000000029802322
0.2000000029802322	-0.2000000029802322
0.2199999988079071	-0.2000000029802322
0.2399999946355820	-0.2000000029802322
0.2599999904632568	-0.2000000029802322
0.2800000011920929	-0.2000000029802322
0.3000000119209290	-0.2000000029802322
0.3199999928474426	-0.2000000029802322
0.3400000035762787	-0.2000000029802322
0.3600000143051147	-0.2000000029802322
0.3799999952316284	-0.2000000029802322
0.4000000059604645	-0.2000000029802322
0.4199999868869781	-0.2000000029802322
0.4399999976158142	-0.2000000029802322
0.4600000083446503	-0.2000000029802322
0.4799999892711639	-0.2000000029802322
0.5000000000000000	-0.2000000029802322
0.5199999809265137	-0.2000000029802322
-0.5199999809265137	-0.1800000071525574
-0.5000000000000000	-0.1800000071525574
-0.4799999892711639	-0.1800000071525574
-0.4600000083446503	-0.1800000071525574
-0.4399999976158142	-0.1800000071525574
-0.4199999868869781	-0.1800000071525574
-0.4000000059604645	-0.1800000071525574
-0.3799999952316284	-0.1800000071525574
-0.3600000143051147	-0.1800000071525574
-0.3400000035762787	-0.1800000071525574
-0.3199999928474426	-0.1800000071525574
-0.3000000119209290	-0.1800000071525574
-0.2800000011920929	-0.1800000071525574
-0.2599999904632568	-0.1800000071525574
-0.2399999946355820	-0.1800000071525574
-0.2199999988079071	-0.1800000071525574
-0.2000000029802322	-0.1800000071525574
-0.1800000071525574	-0.1800000071525574
-0.1599999964237213	-0.1800000071525574
-0.1400000005960464	-0.1800000071525574
-0.1199999973177910	-0.1800000071525574
-0.1000000014901161	-0.1800000071525574
-0.07999999821186066	-0.1800000071525574
-0.05999999865889549	-0.1800000071525574
-0.03999999910593033	-0.1800000071525574
-0.01999999955296516	-0.1800000071525574
0.000000000000000	-0.1800000071525574
0.01999999955296516	-0.1800000071525574
0.03999999910593033	-0.1800000071525574
0.05999999865889549	-0.1800000071525574
0.07999999821186066	-0.1800000071525574
0.1000000014901161	-0.1800000071525574
0.1199999973177910	-0.1800000071525574
0.1400000005960464	-0.1800000071525574
0.1599999964237213	-0.1800000071525574
0.1800000071525574	-0.1800000071525574
0.2000000029802322	-0.1800000071525574
0.2199999988079071	-0.1800000071525574
0.2399999946355820	-0.1800000071525574
0.2599999904632568	-0.1800000071525574
0.2800000011920929	-0.1800000071525574
0.3000000119209290	-0.1800000071525574
0.3199999928474426	-0.1800000071525574
0.3400000035762787	-0.1800000071525574
0.3600000143051147	-0.1800000071525574
0.3799999952316284	-0.1800000071525574
0.4000000059604645	-0.1800000071525574
0.4199999868869781	-0.1800000071525574
0.4399999976158142	-0.1800000071525574
0.4600000083446503	-0.1800000071525574
0.4799999892711639	-0.1800000071525574
0.5000000000000000	-0.1800000071525574
0.5199999809265137	-0.1800000071525574
-0.5199999809265137	-0.1599999964237213
-0.5000000000000000	-0.1599999964237213
-0.4799999892711639	-0.1599999964237213
-0.4600000083446503	-0.1599999964237213
-0.4399999976158142	-0.1599999964237213
-0.4199999868869781	-0.1599999964237213
-0.4000000059604645	-0.1599999964237213
-0.3799999952316284	-0.1599999964237213
-0.3600000143051147	-0.1599999964237213
-0.3400000035762787	-0.1599999964237213
-0.3199999928474426	-0.1599999964237213
-0.3000000119209290	-0.1599999964237213
-0.2800000011920929	-0.1599999964237213
-0.2599999904632568	-0.1599999964237213
-0.2399999946355820	-0.1599999964237213
-0.2199999988079071	-0.1599999964237213
-0.2000000029802322	-0.1599999964237213
-0.1800000071525574	-0.1599999964237213
-0.1599999964237213	-0.1599999964237213
-0.1400000005960464	-0.1599999964237213
-0.1199999973177910	-0.1599999964237213
-0.1000000014901161	-0.1599999964237213
-0.07999999821186066	-0.1599999964237213
-0.05999999865889549	-0.1599999964237213
-0.03999999910593033	-0.1599999964237213
-0.01999999955296516	-0.1599999964237213
0.000000000000000	-0.1599999964237213
0.01999999955296516	-0.1599999964237213
0.03999999910593033	-0.1599999964237213
0.05999999865889549	-0.1599999964237213
0.07999999821186066	-0.1599999964237213
0.1000000014901161	-0.1599999964237213
0.1199999973177910	-0.1599999964237213
0.1400000005960464	-0.1599999964237213
0.1599999964237213	-0.1599999964237213
0.1800000071525574	-0.1599999964237213
0.2000000029802322	-0.1599999964237213
0.2199999988079071	-0.1599999964237213
0.2399999946355820	-0.1599999964237213
0.2599999904632568	-0.1599999964237213
0.2800000011920929	-0.1599999964237213
0.3000000119209290	-0.1599999964237213
0.3199999928474426	-0.1599999964237213
0.3400000035762787	-0.1599999964237213
0.3600000143051147	-0.1599999964237213
0.3799999952316284	-0.1599999964237213
0.4000000059604645	-0.1599999964237213
0.4199999868869781	-0.1599999964237213
0.4399999976158142	-0.1599999964237213
0.4600000083446503	-0.1599999964237213
0.4799999892711639	-0.1599999964237213
0.5000000000000000	-0.1599999964237213
0.5199999809265137	-0.1599999964237213
-0.5199999809265137	-0.1400000005960464
-0.5000000000000000	-0.1400000005960464
-0.4799999892711639	-0.1400000005960464
-0.4600000083446503	-0.1400000005960464
-0.4399999976158142	-0.1400000005960464
-0.4199999868869781	-0.1400000005960464
-0.4000000059604645	-0.1400000005960464
-0.3799999952316284	-0.1400000005960464
-0.3600000143051147	-0.1400000005960464
-0.3400000035762787	-0.1400000005960464
-0.3199999928474426	-0.1400000005960464
-0.3000000119209290	-0.1400000005960464
-0.2800000011920929	-0.1400000005960464
-0.2599999904632568	-0.1400000005960464
-0.2399999946355820	-0.1400000005960464
-0.2199999988079071	-0.1400000005960464
-0.2000000029802322	-0.1400000005960464
-0.1800000071525574	-0.1400000005960464
-0.1599999964237213	-0.1400000005960464
-0.1400000005960464	-0.1400000005960464
-0.1199999973177910	-0.1400000005960464
-0.1000000014901161	-0.1400000005960464
-0.07999999821186066	-0.1400000005960464
-0.05999999865889549	-0.1400000005960464
-0.03999999910593033	-0.1400000005960464
-0.01999999955296516	-0.1400000005960464
0.000000000000000	-0.1400000005960464
0.01999999955296516	-0.1400000005960464
0.03999999910593033	-0.1400000005960464
0.05999999865889549	-0.1400000005960464
0.07999999821186066	-0.1400000005960464
0.1000000014901161	-0.1400000005960464
0.1199999973177910	-0.1400000005960464
0.1400000005960464	-0.1400000005960464
0.1599999964237213	-0.1400000005960464
0.1800000071525574	-0.1400000005960464
0.2000000029802322	-0.1400000005960464
0.2199999988079071	-0.1400000005960464
0.2399999946355820	-0.1400000005960464
0.2599999904632568	-0.1400000005960464
0.2800000011920929	-0.1400000005960464
0.3000000119209290	-0.1400000005960464
0.3199999928474426	-0.1400000005960464
0.3400000035762787	-0.1400000005960464
0.3600000143051147	-0.1400000005960464
0.3799999952316284	-0.1400000005960464
0.4000000059604645	-0.1400000005960464
0.4199999868869781	-0.1400000005960464
0.4399999976158142	-0.1400000005960464
0.4600000083446503	-0.1400000005960464
0.4799999892711639	-0.1400000005960464
0.5000000000000000	-0.1400000005960464
0.5199999809265137	-0.1400000005960464
-0.5199999809265137	-0.1199999973177910
-0.5000000000000000	-0.1199999973177910
-0.4799999892711639	-0.1199999973177910
-0.4600000083446503	-0.1199999973177910
-0.4399999976158142	-0.1199999973177910
-0.4199999868869781	-0.1199999973177910
-0.4000000059604645	-0.1199999973177910
-0.3799999952316284	-0.1199999973177910
-0.3600000143051147	-0.1199999973177910
-0.3400000035762787	-0.1199999973177910
-0.3199999928474426	-0.1199999973177910
-0.3000000119209290	-0.1199999973177910
-0.2800000011920929	-0.1199999973177910
-0.2599999904632568	-0.1199999973177910
-0.2399999946355820	-0.1199999973177910
-0.2199999988079071	-0.1199999973177910
-0.2000000029802322	-0.1199999973177910
-0.1800000071525574	-0.1199999973177910
-0.1599999964237213	-0.1199999973177910
-0.1400000005960464	-0.1199999973177910
-0.1199999973177910	-0.1199999973177910
-0.1000000014901161	-0.1199999973177910
-0.07999999821186066	-0.1199999973177910
-0.05999999865889549	-0.1199999973177910
-0.03999999910593033	-0.1199999973177910
-0.01999999955296516	-0.1199999973177910
0.000000000000000	-0.1199999973177910
0.01999999955296516	-0.1199999973177910
0.03999999910593033	-0.1199999973177910
0.05999999865889549	-0.1199999973177910
0.07999999821186066	-0.1199999973177910
0.1000000014901161	-0.1199999973177910
0.1199999973177910	-0.1199999973177910
0.1400000005960464	-0.1199999973177910
0.1599999964237213	-0.1199999973177910
0.1800000071525574	-0.1199999973177910
0.2000000029802322	-0.1199999973177910
0.2199999988079071	-0.1199999973177910
0.2399999946355820	-0.1199999973177910
0.2599999904632568	-0.1199999973177910
0.2800000011920929	-0.1199999973177910
0.3000000119209290	-0.1199999973177910
0.3199999928474426	-0.1199999973177910
0.3400000035762787	-0.1199999973177910
0.3600000143051147	-0.1199999973177910
0.3799999952316284	-0.1199999973177910
0.4000000059604645	-0.1199999973177910
0.4199999868869781	-0.1199999973177910
0.4399999976158142	-0.1199999973177910
0.4600000083446503	-0.1199999973177910
0.4799999892711639	-0.1199999973177910
0.5000000000000000	-0.1199999973177910
0.5199999809265137	-0.1199999973177910
-0.5199999809265137	-0.1000000014901161
-0.5000000000000000	-0.1000000014901161
-0.4799999892711639	-0.1000000014901161
-0.4600000083446503	-0.1000000014901161
-0.4399999976158142	-0.1000000014901161
-0.4199999868869781	-0.1000000014901161
-0.4000000059604645	-0.1000000014901161
-0.3799999952316284	-0.1000000014901161
-0.3600000143051147	-0.1000000014901161
-0.3400000035762787	-0.1000000014901161
-0.3199999928474426	-0.1000000014901161
-0.3000000119209290	-0.1000000014901161
-0.2800000011920929	-0.1000000014901161
-0.2599999904632568	-0.1000000014901161
-0.2399999946355820	-0.1000000014901161
-0.2199999988079071	-0.1000000014901161
-0.2000000029802322	-0.1000000014901161
-0.1800000071525574	-0.1000000014901161
-0.1599999964237213	-0.1000000014901161
-0.1400000005960464	-0.1000000014901161
-0.1199999973177910	-0.1000000014901161
-0.1000000014901161	-0.1000000014901161
-0.07999999821186066	-0.1000000014901161
-0.05999999865889549	-0.1000000014901161
-0.03999999910593033	-0.1000000014901161
-0.01999999955296516	-0.1000000014901161
0.000000000000000	-0.1000000014901161
0.01999999955296516	-0.1000000014901161
0.03999999910593033	-0.1000000014901161
0.05999999865889549	-0.1000000014901161
0.07999999821186066	-0.1000000014901161
0.1000000014901161	-0.1000000014901161
0.1199999973177910	-0.1000000014901161
0.1400000005960464	-0.1000000014901161
0.1599999964237213	-0.1000000014901161
0.1800000071525574	-0.1000000014901161
0.2000000029802322	-0.1000000014901161
0.2199999988079071	-0.1000000014901161
0.2399999946355820	-0.1000000014901161
0.2599999904632568	-0.1000000014901161
0.2800000011920929	-0.1000000014901161
0.3000000119209290	-0.1000000014901161
0.3199999928474426	-0.1000000014901161
0.3400000035762787	-0.1000000014901161
0.3600000143051147	-0.1000000014901161
0.3799999952316284	-0.1000000014901161
0.4000000059604645	-0.1000000014901161
0.4199999868869781	-0.1000000014901161
0.4399999976158142	-0.1000000014901161
0.4600000083446503	-0.1000000014901161
0.4799999892711639	-0.1000000014901161
0.5000000000000000	-0.1000000014901161
0.5199999809265137	-0.1000000014901161
-0.5199999809265137	-0.07999999821186066
-0.5000000000000000	-0.07999999821186066
-0.4799999892711639	-0.07999999821186066
-0.4600000083446503	-0.07999999821186066
-0.4399999976158142	-0.07999999821186066
-0.4199999868869781	-0.07999999821186066
-0.4000000059604645	-0.07999999821186066
-0.3799999952316284	-0.07999999821186066
-0.3600000143051147	-0.07999999821186066
-0.3400000035762787	-0.07999999821186066
-0.3199999928474426	-0.07999999821186066
-0.3000000119209290	-0.07999999821186066
-0.2800000011920929	-0.07999999821186066
-0.2599999904632568	-0.07999999821186066
-0.2399999946355820	-0.07999999821186066
-0.2199999988079071	-0.07999999821186066
-0.2000000029802322	-0.07999999821186066
-0.1800000071525574	-0.07999999821186066
-0.1599999964237213	-0.07999999821186066
-0.1400000005960464	-0.07999999821186066
-0.1199999973177910	-0.07999999821186066
-0.1000000014901161	-0.07999999821186066
-0.07999999821186066	-0.07999999821186066
-0.05999999865889549	-0.07999999821186066
-0.03999999910593033	-0.07999999821186066
-0.01999999955296516	-0.07999999821186066
0.000000000000000	-0.07999999821186066
0.01999999955296516	-0.07999999821186066
0.03999999910593033	-0.07999999821186066
0.05999999865889549	-0.07999999821186066
0.07999999821186066	-0.07999999821186066
0.1000000014901161	-0.07999999821186066
0.1199999973177910	-0.07999999821186066
0.1400000005960464	-0.07999999821186066
0.1599999964237213	-0.07999999821186066
0.1800000071525574	-0.07999999821186066
0.2000000029802322	-0.07999999821186066
0.2199999988079071	-0.07999999821186066
0.2399999946355820	-0.07999999821186066
0.2599999904632568	-0.07999999821186066
0.2800000011920929	-0.07999999821186066
0.3000000119209290	-0.07999999821186066
0.3199999928474426	-0.07999999821186066
0.3400000035762787	-0.07999999821186066
0.3600000143051147	-0.07999999821186066
0.3799999952316284	-0.07999999821186066
0.4000000059604645	-0.07999999821186066
0.4199999868869781	-0.07999999821186066
0.4399999976158142	-0.07999999821186066
0.4600000083446503	-0.07999999821186066
0.4799999892711639	-0.07999999821186066
0.5000000000000000	-0.07999999821186066
0.5199999809265137	-0.07999999821186066
-0.5199999809265137	-0.05999999865889549
-0.5000000000000000	-0.05999999865889549
-0.4799999892711639	-0.05999999865889549
-0.4600000083446503	-0.05999999865889549
-0.4399999976158142	-0.05999999865889549
-0.4199999868869781	-0.05999999865889549
-0.4000000059604645	-0.05999999865889549
-0.3799999952316284	-0.05999999865889549
-0.3600000143051147	-0.05999999865889549
-0.3400000035762787	-0.05999999865889549
-0.3199999928474426	-0.05999999865889549
-0.3000000119209290	-0.05999999865889549
-0.2800000011920929	-0.05999999865889549
-0.2599999904632568	-0.05999999865889549
-0.2399999946355820	-0.05999999865889549
-0.2199999988079071	-0.05999999865889549
-0.2000000029802322	-0.05999999865889549
-0.1800000071525574	-0.05999999865889549
-0.1599999964237213	-0.05999999865889549
-0.1400000005960464	-0.05999999865889549
-0.1199999973177910	-0.05999999865889549
-0.1000000014901161	-0.05999999865889549
-0.07999999821186066	-0.05999999865889549
-0.05999999865889549	-0.05999999865889549
-0.03999999910593033	-0.05999999865889549
-0.01999999955296516	-0.05999999865889549
0.000000000000000	-0.05999999865889549
0.01999999955296516	-0.05999999865889549
0.03999999910593033	-0.05999999865889549
0.05999999865889549	-0.05999999865889549
0.07999999821186066	-0.05999999865889549
0.1000000014901161	-0.05999999865889549
0.1199999973177910	-0.05999999865889549
0.1400000005960464	-0.05999999865889549
0.1599999964237213	-0.05999999865889549
0.1800000071525574	-0.05999999865889549
0.2000000029802322	-0.05999999865889549
0.2199999988079071	-0.05999999865889549
0.2399999946355820	-0.05999999865889549
0.2599999904632568	-0.05999999865889549
0.2800000011920929	-0.05999999865889549
0.3000000119209290	-0.05999999865889549
0.3199999928474426	-0.05999999865889549
0.3400000035762787	-0.05999999865889549
0.3600000143051147	-0.05999999865889549
0.3799999952316284	-0.05999999865889549
0.4000000059604645	-0.05999999865889549
0.4199999868869781	-0.05999999865889549
0.4399999976158142	-0.05999999865889549
0.4600000083446503	-0.05999999865889549
0.4799999892711639	-0.05999999865889549
0.5000000000000000	-0.05999999865889549
0.5199999809265137	-0.05999999865889549
-0.5199999809265137	-0.03999999910593033
-0.5000000000000000	-0.03999999910593033
-0.4799999892711639	-0.03999999910593033
-0.4600000083446503	-0.03999999910593033
-0.4399999976158142	-0.03999999910593033
-0.4199999868869781	-0.03999999910593033
-0.4000000059604645	-0.03999999910593033
-0.3799999952316284	-0.03999999910593033
-0.3600000143051147	-0.03999999910593033
-0.3400000035762787	-0.03999999910593033
-0.3199999928474426	-0.03999999910593033
-0.3000000119209290	-0.03999999910593033
-0.2800000011920929	-0.03999999910593033
-0.2599999904632568	-0.03999999910593033
-0.2399999946355820	-0.03999999910593033
-0.2199999988079071	-0.03999999910593033
-0.2000000029802322	-0.03999999910593033
-0.1800000071525574	-0.03999999910593033
-0.1599999964237213	-0.03999999910593033
-0.1400000005960464	-0.03999999910593033
-0.1199999973177910	-0.03999999910593033
-0.1000000014901161	-0.03999999910593033
-0.07999999821186066	-0.03999999910593033
-0.05999999865889549	-0.03999999910593033
-0.03999999910593033	-0.03999999910593033
-0.01999999955296516	-0.03999999910593033
0.000000000000000	-0.03999999910593033
0.01999999955296516	-0.03999999910593033
0.03999999910593033	-0.03999999910593033
0.05999999865889549	-0.03999999910593033
0.07999999821186066	-0.03999999910593033
0.1000000014901161	-0.03999999910593033
0.1199999973177910	-0.03999999910593033
0.1400000005960464	-0.03999999910593033
0.1599999964237213	-0.03999999910593033
0.1800000071525574	-0.03999999910593033
0.2000000029802322	-0.03999999910593033
0.2199999988079071	-0.03999999910593033
0.2399999946355820	-0.03999999910593033
0.2599999904632568	-0.03999999910593033
0.2800000011920929	-0.03999999910593033
0.3000000119209290	-0.03999999910593033
0.3199999928474426	-0.03999999910593033
0.3400000035762787	-0.03999999910593033
0.3600000143051147	-0.03999999910593033
0.3799999952316284	-0.03999999910593033
0.4000000059604645	-0.03999999910593033
0.4199999868869781	-0.03999999910593033
0.4399999976158142	-0.03999999910593033
0.4600000083446503	-0.03999999910593033
0.4799999892711639	-0.03999999910593033
0.5000000000000000	-0.03999999910593033
0.5199999809265137	-0.03999999910593033
-0.5199999809265137	-0.01999999955296516
-0.5000000000000000	-0.01999999955296516
-0.4799999892711639	-0.01999999955296516
-0.4600000083446503	-0.01999999955296516
-0.4399999976158142	-0.01999999955296516
-0.4199999868869781	-0.01999999955296516
-0.4000000059604645	-0.01999999955296516
-0.3799999952316284	-0.01999999955296516
-0.3600000143051147	-0.01999999955296516
-0.3400000035762787	-0.01999999955296516
-0.3199999928474426	-0.01999999955296516
-0.3000000119209290	-0.01999999955296516
-0.2800000011920929	-0.01999999955296516
-0.2599999904632568	-0.01999999955296516
-0.2399999946355820	-0.01999999955296516
-0.2199999988079071	-0.01999999955296516
-0.2000000029802322	-0.01999999955296516
-0.1800000071525574	-0.01999999955296516
-0.1599999964237213	-0.01999999955296516
-0.1400000005960464	-0.01999999955296516
-0.1199999973177910	-0.01999999955296516
-0.1000000014901161	-0.01999999955296516
-0.07999999821186066	-0.01999999955296516
-0.05999999865889549	-0.01999999955296516
-0.03999999910593033	-0.01999999955296516
-0.01999999955296516	-0.01999999955296516
0.000000000000000	-0.01999999955296516
0.01999999955296516	-0.01999999955296516
0.03999999910593033	-0.01999999955296516
0.05999999865889549	-0.01999999955296516
0.07999999821186066	-0.01999999955296516
0.1000000014901161	-0.01999999955296516
0.1199999973177910	-0.01999999955296516
0.1400000005960464	-0.01999999955296516
0.1599999964237213	-0.01999999955296516
0.1800000071525574	-0.01999999955296516
0.2000000029802322	-0.01999999955296516
0.2199999988079071	-0.01999999955296516
0.2399999946355820	-0.01999999955296516
0.2599999904632568	-0.01999999955296516
0.2800000011920929	-0.01999999955296516
0.3000000119209290	-0.01999999955296516
0.3199999928474426	-0.01999999955296516
0.3400000035762787	-0.01999999955296516
0.3600000143051147	-0.01999999955296516
0.3799999952316284	-0.01999999955296516
0.4000000059604645	-0.01999999955296516
0.4199999868869781	-0.01999999955296516
0.4399999976158142	-0.01999999955296516
0.4600000083446503	-0.01999999955296516
0.4799999892711639	-0.01999999955296516
0.5000000000000000	-0.01999999955296516
0.5199999809265137	-0.01999999955296516
-0.5199999809265137	0.000000000000000
-0.5000000000000000	0.000000000000000
-0.4799999892711639	0.000000000000000
-0.4600000083446503	0.000000000000000
-0.4399999976158142	0.000000000000000
-0.4199999868869781	0.000000000000000
-0.4000000059604645	0.000000000000000
-0.3799999952316284	0.000000000000000
-0.3600000143051147	0.000000000000000
-0.3400000035762787	0.000000000000000
-0.3199999928474426	0.000000000000000
-0.3000000119209290	0.000000000000000
-0.2800000011920929	0.000000000000000
-0.2599999904632568	0.000000000000000
-0.2399999946355820	0.000000000000000
-0.2199999988079071	0.000000000000000
-0.2000000029802322	0.000000000000000
-0.1800000071525574	0.000000000000000
-0.1599999964237213	0.000000000000000
-0.1400000005960464	0.000000000000000
-0.1199999973177910	0.000000000000000
-0.1000000014901161	0.000000000000000
-0.07999999821186066	0.000000000000000
-0.05999999865889549	0.000000000000000
-0.03999999910593033	0.000000000000000
-0.01999999955296516	0.000000000000000
0.000000000000000	0.000000000000000
0.01999999955296516	0.000000000000000
0.03999999910593033	0.000000000000000
0.05999999865889549	0.000000000000000
0.07999999821186066	0.000000000000000
0.1000000014901161	0.000000000000000
0.1199999973177910	0.000000000000000
0.1400000005960464	0.000000000000000
0.1599999964237213	0.000000000000000
0.1800000071525574	0.000000000000000
0.2000000029802322	0.000000000000000
0.2199999988079071	0.000000000000000
0.2399999946355820	0.000000000000000
0.2599999904632568	0.000000000000000
0.2800000011920929	0.000000000000000
0.3000000119209290	0.000000000000000
0.3199999928474426	0.000000000000000
0.3400000035762787	0.000000000000000
0.3600000143051147	0.000000000000000
0.3799999952316284	0.000000000000000
0.4000000059604645	0.000000000000000
0.4199999868869781	0.000000000000000
0.4399999976158142	0.000000000000000
0.4600000083446503	0.000000000000000
0.4799999892711639	0.000000000000000
0.5000000000000000	0.000000000000000
0.5199999809265137	0.000000000000000
-0.5199999809265137	0.01999999955296516
-0.5000000000000000	0.01999999955296516
-0.4799999892711639	0.01999999955296516
-0.4600000083446503	0.01999999955296516
-0.4399999976158142	0.01999999955296516
-0.4199999868869781	0.01999999955296516
-0.4000000059604645	0.01999999955296516
-0.3799999952316284	0.01999999955296516
-0.3600000143051147	0.01999999955296516
-0.3400000035762787	0.01999999955296516
-0.3199999928474426	0.01999999955296516
-0.3000000119209290	0.01999999955296516
-0.2800000011920929	0.01999999955296516
-0.2599999904632568	0.01999999955296516
-0.2399999946355820	0.01999999955296516
-0.2199999988079071	0.01999999955296516
-0.2000000029802322	0.01999999955296516
-0.1800000071525574	0.01999999955296516
-0.1599999964237213	0.01999999955296516
-0.1400000005960464	0.01999999955296516
-0.1199999973177910	0.01999999955296516
-0.1000000014901161	0.01999999955296516
-0.07999999821186066	0.01999999955296516
-0.05999999865889549	0.01999999955296516
-0.03999999910593033	0.01999999955296516
-0.01999999955296516	0.01999999955296516
0.000000000000000	0.01999999955296516
0.01999999955296516	0.01999999955296516
0.03999999910593033	0.01999999955296516
0.05999999865889549	0.01999999955296516
0.07999999821186066	0.01999999955296516
0.1000000014901161	0.01999999955296516
0.1199999973177910	0.01999999955296516
0.1400000005960464	0.01999999955296516
0.1599999964237213	0.01999999955296516
0.1800000071525574	0.01999999955296516
0.2000000029802322	0.01999999955296516
0.2199999988079071	0.01999999955296516
0.2399999946355820	0.01999999955296516
0.2599999904632568	0.01999999955296516
0.2800000011920929	0.01999999955296516
0.3000000119209290	0.01999999955296516
0.3199999928474426	0.01999999955296516
0.3400000035762787	0.01999999955296516
0.3600000143051147	0.01999999955296516
0.3799999952316284	0.01999999955296516
0.4000000059604645	0.01999999955296516
0.4199999868869781	0.01999999955296516
0.4399999976158142	0.01999999955296516
0.4600000083446503	0.01999999955296516
0.4799999892711639	0.01999999955296516
0.5000000000000000	0.01999999955296516
0.5199999809265137	0.01999999955296516
-0.5199999809265137	0.03999999910593033
-0.5000000000000000	0.03999999910593033
-0.4799999892711639	0.03999999910593033
-0.4600000083446503	0.03999999910593033
-0.4399999976158142	0.03999999910593033
-0.4199999868869781	0.03999999910593033
-0.4000000059604645	0.03999999910593033
-0.3799999952316284	0.03999999910593033
-0.3600000143051147	0.03999999910593033
-0.3400000035762787	0.03999999910593033
-0.3199999928474426	0.03999999910593033
-0.3000000119209290	0.03999999910593033
-0.2800000011920929	0.03999999910593033
-0.2599999904632568	0.03999999910593033
-0.2399999946355820	0.03999999910593033
-0.2199999988079071	0.03999999910593033
-0.2000000029802322	0.03999999910593033
-0.1800000071525574	0.03999999910593033
-0.1599999964237213	0.03999999910593033
-0.1400000005960464	0.03999999910593033
-0.1199999973177910	0.03999999910593033
-0.1000000014901161	0.03999999910593033
-0.07999999821186066	0.03999999910593033
-0.05999999865889549	0.03999999910593033
-0.03999999910593033	0.03999999910593033
-0.01999999955296516	0.03999999910593033
0.000000000000000	0.03999999910593033
0.01999999955296516	0.03999999910593033
0.03999999910593033	0.03999999910593033
0.05999999865889549	0.03999999910593033
0.07999999821186066	0.03999999910593033
0.1000000014901161	0.03999999910593033
0.1199999973177910	0.03999999910593033
0.1400000005960464	0.03999999910593033
0.1599999964237213	0.03999999910593033
0.1800000071525574	0.03999999910593033
0.2000000029802322	0.03999999910593033
0.2199999988079071	0.03999999910593033
0.2399999946355820	0.03999999910593033
0.2599999904632568	0.03999999910593033
0.2800000011920929	0.03999999910593033
0.3000000119209290	0.03999999910593033
0.3199999928474426	0.03999999910593033
0.3400000035762787	0.03999999910593033
0.3600000143051147	0.03999999910593033
0.3799999952316284	0.03999999910593033
0.4000000059604645	0.03999999910593033
0.4199999868869781	0.03999999910593033
0.4399999976158142	0.03999999910593033
0.4600000083446503	0.03999999910593033
0.4799999892711639	0.03999999910593033
0.5000000000000000	0.03999999910593033
0.5199999809265137	0.03999999910593033
-0.5199999809265137	0.05999999865889549
-0.5000000000000000	0.05999999865889549
-0.4799999892711639	0.05999999865889549
-0.4600000083446503	0.05999999865889549
-0.4399999976158142	0.05999999865889549
-0.4199999868869781	0.05999999865889549
-0.4000000059604645	0.05999999865889549
-0.3799999952316284	0.05999999865889549
-0.3600000143051147	0.05999999865889549
-0.3400000035762787	0.05999999865889549
-0.3199999928474426	0.05999999865889549
-0.3000000119209290	0.05999999865889549
-0.2800000011920929	0.05999999865889549
-0.2599999904632568	0.05999999865889549
-0.2399999946355820	0.05999999865889549
-0.2199999988079071	0.05999999865889549
-0.2000000029802322	0.05999999865889549
-0.1800000071525574	0.05999999865889549
-0.1599999964237213	0.05999999865889549
-0.1400000005960464	0.05999999865889549
-0.1199999973177910	0.05999999865889549
-0.1000000014901161	0.05999999865889549
-0.07999999821186066	0.05999999865889549
-0.05999999865889549	0.05999999865889549
-0.03999999910593033	0.05999999865889549
-0.01999999955296516	0.05999999865889549
0.000000000000000	0.05999999865889549
0.01999999955296516	0.05999999865889549
0.03999999910593033	0.05999999865889549
0.05999999865889549	0.05999999865889549
0.07999999821186066	0.05999999865889549
0.1000000014901161	0.05999999865889549
0.1199999973177910	0.05999999865889549
0.1400000005960464	0.05999999865889549
0.1599999964237213	0.05999999865889549
0.1800000071525574	0.05999999865889549
0.2000000029802322	0.05999999865889549
0.2199999988079071	0.05999999865889549
0.2399999946355820	0.05999999865889549
0.2599999904632568	0.05999999865889549
0.2800000011920929	0.05999999865889549
0.3000000119209290	0.05999999865889549
0.3199999928474426	0.05999999865889549
0.3400000035762787	0.05999999865889549
0.3600000143051147	0.05999999865889549
0.3799999952316284	0.05999999865889549
0.4000000059604645	0.05999999865889549
0.4199999868869781	0.05999999865889549
0.4399999976158142	0.05999999865889549
0.4600000083446503	0.05999999865889549
0.4799999892711639	0.05999999865889549
0.5000000000000000	0.05999999865889549
0.5199999809265137	0.05999999865889549
-0.5199999809265137	0.07999999821186066
-0.5000000000000000	0.07999999821186066
-0.4799999892711639	0.07999999821186066
-0.4600000083446503	0.07999999821186066
-0.4399999976158142	0.07999999821186066
-0.4199999868869781	0.07999999821186066
-0.4000000059604645	0.07999999821186066
-0.3799999952316284	0.07999999821186066
-0.3600000143051147	0.07999999821186066
-0.3400000035762787	0.07999999821186066
-0.3199999928474426	0.07999999821186066
-0.3000000119209290	0.07999999821186066
-0.2800000011920929	0.07999999821186066
-0.2599999904632568	0.07999999821186066
-0.2399999946355820	0.07999999821186066
-0.2199999988079071	0.07999999821186066
-0.2000000029802322	0.07999999821186066
-0.1800000071525574	0.07999999821186066
-0.1599999964237213	0.07999999821186066
-0.1400000005960464	0.07999999821186066
-0.1199999973177910	0.07999999821186066
-0.1000000014901161	0.07999999821186066
-0.07999999821186066	0.07999999821186066
-0.05999999865889549	0.07999999821186066
-0.03999999910593033	0.07999999821186066
-0.01999999955296516	0.07999999821186066
0.000000000000000	0.07999999821186066
0.01999999955296516	0.07999999821186066
0.03999999910593033	0.07999999821186066
0.05999999865889549	0.07999999821186066
0.07999999821186066	0.07999999821186066
0.1000000014901161	0.07999999821186066
0.1199999973177910	0.07999999821186066
0.1400000005960464	0.07999999821186066
0.1599999964237213	0.07999999821186066
0.1800000071525574	0.07999999821186066
0.2000000029802322	0.07999999821186066
0.2199999988079071	0.07999999821186066
0.2399999946355820	0.07999999821186066
0.2599999904632568	0.07999999821186066
0.2800000011920929	0.07999999821186066
0.3000000119209290	0.07999999821186066
0.3199999928474426	0.07999999821186066
0.3400000035762787	0.07999999821186066
0.3600000143051147	0.07999999821186066
0.3799999952316284	0.07999999821186066
0.4000000059604645	0.07999999821186066
0.4199999868869781	0.07999999821186066
0.4399999976158142	0.07999999821186066
0.4600000083446503	0.07999999821186066
0.4799999892711639	0.07999999821186066
0.5000000000000000	0.07999999821186066
0.5199999809265137	0.07999999821186066
-0.5199999809265137	0.1000000014901161
-0.5000000000000000	0.1000000014901161
-0.4799999892711639	0.1000000014901161
-0.4600000083446503	0.1000000014901161
-0.4399999976158142	0.1000000014901161
-0.4199999868869781	0.1000000014901161
-0.4000000059604645	0.1000000014901161
-0.3799999952316284	0.1000000014901161
-0.3600000143051147	0.1000000014901161
-0.3400000035762787	0.1000000014901161
-0.3199999928474426	0.1000000014901161
-0.3000000119209290	0.1000000014901161
-0.2800000011920929	0.1000000014901161
-0.2599999904632568	0.1000000014901161
-0.2399999946355820	0.1000000014901161
-0.2199999988079071	0.1000000014901161
-0.2000000029802322	0.1000000014901161
-0.1800000071525574	0.1000000014901161
-0.1599999964237213	0.1000000014901161
-0.1400000005960464	0.1000000014901161
-0.1199999973177910	0.1000000014901161
-0.1000000014901161	0.1000000014901161
-0.07999999821186066	0.1000000014901161
-0.05999999865889549	0.1000000014901161
-0.03999999910593033	0.1000000014901161
-0.01999999955296516	0.1000000014901161
0.000000000000000	0.1000000014901161
0.01999999955296516	0.1000000014901161
0.03999999910593033	0.1000000014901161
0.05999999865889549	0.1000000014901161
0.07999999821186066	0.1000000014901161
0.1000000014901161	0.1000000014901161
0.1199999973177910	0.1000000014901161
0.1400000005960464	0.1000000014901161
0.1599999964237213	0.1000000014901161
0.1800000071525574	0.1000000014901161
0.2000000029802322	0.1000000014901161
0.2199999988079071	0.1000000014901161
0.2399999946355820	0.1000000014901161
0.2599999904632568	0.1000000014901161
0.2800000011920929	0.1000000014901161
0.3000000119209290	0.1000000014901161
0.3199999928474426	0.1000000014901161
0.3400000035762787	0.1000000014901161
0.3600000143051147	0.1000000014901161
0.3799999952316284	0.1000000014901161
0.4000000059604645	0.1000000014901161
0.4199999868869781	0.1000000014901161
0.4399999976158142	0.1000000014901161
0.4600000083446503	0.1000000014901161
0.4799999892711639	0.1000000014901161
0.5000000000000000	0.1000000014901161
0.5199999809265137	0.1000000014901161
-0.5199999809265137	0.1199999973177910
-0.5000000000000000	0.1199999973177910
-0.4799999892711639	0.1199999973177910
-0.4600000083446503	0.1199999973177910
-0.4399999976158142	0.1199999973177910
-0.4199999868869781	0.1199999973177910
-0.4000000059604645	0.1199999973177910
-0.3799999952316284	0.1199999973177910
-0.3600000143051147	0.1199999973177910
-0.3400000035762787	0.1199999973177910
-0.3199999928474426	0.1199999973177910
-0.3000000119209290	0.1199999973177910
-0.2800000011920929	0.1199999973177910
-0.2599999904632568	0.1199999973177910
-0.2399999946355820	0.1199999973177910
-0.2199999988079071	0.1199999973177910
-0.2000000029802322	0.1199999973177910
-0.1800000071525574	0.1199999973177910
-0.1599999964237213	0.1199999973177910
-0.1400000005960464	0.1199999973177910
-0.1199999973177910	0.1199999973177910
-0.1000000014901161	0.1199999973177910
-0.07999999821186066	0.1199999973177910
-0.05999999865889549	0.1199999973177910
-0.03999999910593033	0.1199999973177910
-0.01999999955296516	0.1199999973177910
0.000000000000000	0.1199999973177910
0.01999999955296516	0.1199999973177910
0.03999999910593033	0.1199999973177910
0.05999999865889549	0.1199999973177910
0.07999999821186066	0.1199999973177910
0.1000000014901161	0.1199999973177910
0.1199999973177910	0.1199999973177910
0.1400000005960464	0.1199999973177910
0.1599999964237213	0.1199999973177910
0.1800000071525574	0.1199999973177910
0.2000000029802322	0.1199999973177910
0.2199999988079071	0.1199999973177910
0.2399999946355820	0.1199999973177910
0.2599999904632568	0.1199999973177910
0.2800000011920929	0.1199999973177910
0.3000000119209290	0.1199999973177910
0.3199999928474426	0.1199999973177910
0.3400000035762787	0.1199999973177910
0.3600000143051147	0.1199999973177910
0.3799999952316284	0.1199999973177910
0.4000000059604645	0.1199999973177910
0.4199999868869781	0.1199999973177910
0.4399999976158142	0.1199999973177910
0.4600000083446503	0.1199999973177910
0.4799999892711639	0.1199999973177910
0.5000000000000000	0.1199999973177910
0.5199999809265137	0.1199999973177910
-0.5199999809265137	0.1400000005960464
-0.5000000000000000	0.1400000005960464
-0.4799999892711639	0.1400000005960464
-0.4600000083446503	0.1400000005960464
-0.4399999976158142	0.1400000005960464
-0.4199999868869781	0.1400000005960464
-0.4000000059604645	0.1400000005960464
-0.3799999952316284	0.1400000005960464
-0.3600000143051147	0.1400000005960464
-0.3400000035762787	0.1400000005960464
-0.3199999928474426	0.1400000005960464
-0.3000000119209290	0.1400000005960464
-0.2800000011920929	0.1400000005960464
-0.2599999904632568	0.1400000005960464
-0.2399999946355820	0.1400000005960464
-0.2199999988079071	0.1400000005960464
-0.2000000029802322	0.1400000005960464
-0.1800000071525574	0.1400000005960464
-0.1599999964237213	0.1400000005960464
-0.1400000005960464	0.1400000005960464
-0.1199999973177910	0.1400000005960464
-0.1000000014901161	0.1400000005960464
-0.07999999821186066	0.1400000005960464
-0.05999999865889549	0.1400000005960464
-0.03999999910593033	0.1400000005960464
-0.01999999955296516	0.1400000005960464
0.000000000000000	0.1400000005960464
0.01999999955296516	0.1400000005960464
0.03999999910593033	0.1400000005960464
0.05999999865889549	0.1400000005960464
0.07999999821186066	0.1400000005960464
0.1000000014901161	0.1400000005960464
0.1199999973177910	0.1400000005960464
0.1400000005960464	0.1400000005960464
0.1599999964237213	0.1400000005960464
0.1800000071525574	0.1400000005960464
0.2000000029802322	0.1400000005960464
0.2199999988079071	0.1400000005960464
0.2399999946355820	0.1400000005960464
0.2599999904632568	0.1400000005960464
0.2800000011920929	0.1400000005960464
0.3000000119209290	0.1400000005960464
0.3199999928474426	0.1400000005960464
0.3400000035762787	0.1400000005960464
0.3600000143051147	0.1400000005960464
0.3799999952316284	0.1400000005960464
0.4000000059604645	0.1400000005960464
0.4199999868869781	0.1400000005960464
0.4399999976158142	0.1400000005960464
0.4600000083446503	0.1400000005960464
0.4799999892711639	0.1400000005960464
0.5000000000000000	0.1400000005960464
0.5199999809265137	0.1400000005960464
-0.5199999809265137	0.1599999964237213
-0.5000000000000000	0.1599999964237213
-0.4799999892711639	0.1599999964237213
-0.4600000083446503	0.1599999964237213
-0.4399999976158142	0.1599999964237213
-0.4199999868869781	0.1599999964237213
-0.4000000059604645	0.1599999964237213
-0.3799999952316284	0.1599999964237213
-0.3600000143051147	0.1599999964237213
-0.3400000035762787	0.1599999964237213
-0.3199999928474426	0.1599999964237213
-0.3000000119209290	0.1599999964237213
-0.2800000011920929	0.1599999964237213
-0.2599999904632568	0.1599999964237213
-0.2399999946355820	0.1599999964237213
-0.2199999988079071	0.1599999964237213
-0.2000000029802322	0.1599999964237213
-0.1800000071525574	0.1599999964237213
-0.1599999964237213	0.1599999964237213
-0.1400000005960464	0.1599999964237213
-0.1199999973177910	0.1599999964237213
-0.1000000014901161	0.1599999964237213
-0.07999999821186066	0.1599999964237213
-0.05999999865889549	0.1599999964237213
-0.03999999910593033	0.1599999964237213
-0.01999999955296516	0.1599999964237213
0.000000000000000	0.1599999964237213
0.01999999955296516	0.1599999964237213
0.03999999910593033	0.1599999964237213
0.05999999865889549	0.1599999964237213
0.07999999821186066	0.1599999964237213
0.1000000014901161	0.1599999964237213
0.1199999973177910	0.1599999964237213
0.1400000005960464	0.1599999964237213
0.1599999964237213	0.1599999964237213
0.1800000071525574	0.1599999964237213
0.2000000029802322	0.1599999964237213
0.2199999988079071	0.1599999964237213
0.2399999946355820	0.1599999964237213
0.2599999904632568	0.1599999964237213
0.2800000011920929	0.1599999964237213
0.3000000119209290	0.1599999964237213
0.3199999928474426	0.1599999964237213
0.3400000035762787	0.1599999964237213
0.3600000143051147	0.1599999964237213
0.3799999952316284	0.1599999964237213
0.4000000059604645	0.1599999964237213
0.4199999868869781	0.1599999964237213
0.4399999976158142	0.1599999964237213
0.4600000083446503	0.1599999964237213
0.4799999892711639	0.1599999964237213
0.5000000000000000	0.1599999964237213
0.5199999809265137	0.1599999964237213
-0.5199999809265137	0.1800000071525574
-0.5000000000000000	0.1800000071525574
-0.4799999892711639	0.1800000071525574
-0.4600000083446503	0.1800000071525574
-0.4399999976158142	0.1800000071525574
-0.4199999868869781	0.1800000071525574
-0.4000000059604645	0.1800000071525574
-0.3799999952316284	0.1800000071525574
-0.3600000143051147	0.1800000071525574
-0.3400000035762787	0.1800000071525574
-0.3199999928474426	0.1800000071525574
-0.3000000119209290	0.1800000071525574
-0.2800000011920929	0.1800000071525574
-0.2599999904632568	0.1800000071525574
-0.2399999946355820	0.1800000071525574
-0.2199999988079071	0.1800000071525574
-0.2000000029802322	0.1800000071525574
-0.1800000071525574	0.1800000071525574
-0.1599999964237213	0.1800000071525574
-0.1400000005960464	0.1800000071525574
-0.1199999973177910	0.1800000071525574
-0.1000000014901161	0.1800000071525574
-0.07999999821186066	0.1800000071525574
-0.05999999865889549	0.1800000071525574
-0.03999999910593033	0.1800000071525574
-0.01999999955296516	0.1800000071525574
0.000000000000000	0.1800000071525574
0.01999999955296516	0.1800000071525574
0.03999999910593033	0.1800000071525574
0.05999999865889549	0.1800000071525574
0.07999999821186066	0.1800000071525574
0.1000000014901161	0.1800000071525574
0.1199999973177910	0.1800000071525574
0.1400000005960464	0.1800000071525574
0.1599999964237213	0.1800000071525574
0.1800000071525574	0.1800000071525574
0.2000000029802322	0.1800000071525574
0.2199999988079071	0.1800000071525574
0.2399999946355820	0.1800000071525574
0.2599999904632568	0.1800000071525574
0.2800000011920929	0.1800000071525574
0.3000000119209290	0.1800000071525574
0.3199999928474426	0.1800000071525574
0.3400000035762787	0.1800000071525574
0.3600000143051147	0.1800000071525574
0.3799999952316284	0.1800000071525574
0.4000000059604645	0.1800000071525574
0.4199999868869781	0.1800000071525574
0.4399999976158142	0.1800000071525574
0.4600000083446503	0.1800000071525574
0.4799999892711639	0.1800000071525574
0.5000000000000000	0.1800000071525574
0.5199999809265137	0.1800000071525574
-0.5199999809265137	0.2000000029802322
-0.5000000000000000	0.2000000029802322
-0.4799999892711639	0.2000000029802322
-0.4600000083446503	0.2000000029802322
-0.4399999976158142	0.2000000029802322
-0.4199999868869781	0.2000000029802322
-0.4000000059604645	0.2000000029802322
-0.3799999952316284	0.2000000029802322
-0.3600000143051147	0.2000000029802322
-0.3400000035762787	0.2000000029802322
-0.3199999928474426	0.2000000029802322
-0.3000000119209290	0.2000000029802322
-0.2800000011920929	0.2000000029802322
-0.2599999904632568	0.2000000029802322
-0.2399999946355820	0.2000000029802322
-0.2199999988079071	0.2000000029802322
-0.2000000029802322	0.2000000029802322
-0.1800000071525574	0.2000000029802322
-0.1599999964237213	0.2000000029802322
-0.1400000005960464	0.2000000029802322
-0.1199999973177910	0.2000000029802322
-0.1000000014901161	0.2000000029802322
-0.07999999821186066	0.2000000029802322
-0.05999999865889549	0.2000000029802322
-0.03999999910593033	0.2000000029802322
-0.01999999955296516	0.2000000029802322
0.000000000000000	0.2000000029802322
0.01999999955296516	0.2000000029802322
0.03999999910593033	0.2000000029802322
0.05999999865889549	0.2000000029802322
0.07999999821186066	0.2000000029802322
0.1000000014901161	0.2000000029802322
0.1199999973177910	0.2000000029802322
0.1400000005960464	0.2000000029802322
0.1599999964237213	0.2000000029802322
0.1800000071525574	0.2000000029802322
0.2000000029802322	0.2000000029802322
0.2199999988079071	0.2000000029802322
0.2399999946355820	0.2000000029802322
0.2599999904632568	0.2000000029802322
0.2800000011920929	0.2000000029802322
0.3000000119209290	0.2000000029802322
0.3199999928474426	0.2000000029802322
0.3400000035762787	0.2000000029802322
0.3600000143051147	0.2000000029802322
0.3799999952316284	0.2000000029802322
0.4000000059604645	0.2000000029802322
0.4199999868869781	0.2000000029802322
0.4399999976158142	0.2000000029802322
0.4600000083446503	0.2000000029802322
0.4799999892711639	0.2000000029802322
0.5000000000000000	0.2000000029802322
0.5199999809265137	0.2000000029802322
-0.5199999809265137	0.2199999988079071
-0.5000000000000000	0.2199999988079071
-0.4799999892711639	0.2199999988079071
-0.4600000083446503	0.2199999988079071
-0.4399999976158142	0.2199999988079071
-0.4199999868869781	0.2199999988079071
-0.4000000059604645	0.2199999988079071
-0.3799999952316284	0.2199999988079071
-0.3600000143051147	0.2199999988079071
-0.3400000035762787	0.2199999988079071
-0.3199999928474426	0.2199999988079071
-0.3000000119209290	0.2199999988079071
-0.2800000011920929	0.2199999988079071
-0.2599999904632568	0.2199999988079071
-0.2399999946355820	0.2199999988079071
-0.2199999988079071	0.2199999988079071
-0.2000000029802322	0.2199999988079071
-0.1800000071525574	0.2199999988079071
-0.1599999964237213	0.2199999988079071
-0.1400000005960464	0.2199999988079071
-0.1199999973177910	0.2199999988079071
-0.1000000014901161	0.2199999988079071
-0.07999999821186066	0.2199999988079071
-0.05999999865889549	0.2199999988079071
-0.03999999910593033	0.2199999988079071
-0.01999999955296516	0.2199999988079071
0.000000000000000	0.2199999988079071
0.01999999955296516	0.2199999988079071
0.03999999910593033	0.2199999988079071
0.05999999865889549	0.2199999988079071
0.07999999821186066	0.2199999988079071
0.1000000014901161	0.2199999988079071
0.1199999973177910	0.2199999988079071
0.1400000005960464	0.2199999988079071
0.1599999964237213	0.2199999988079071
0.1800000071525574	0.2199999988079071
0.2000000029802322	0.2199999988079071
0.2199999988079071	0.2199999988079071
0.2399999946355820	0.2199999988079071
0.2599999904632568	0.2199999988079071
0.2800000011920929	0.2199999988079071
0.3000000119209290	0.2199999988079071
0.3199999928474426	0.2199999988079071
0.3400000035762787	0.2199999988079071
0.3600000143051147	0.2199999988079071
0.3799999952316284	0.2199999988079071
0.4000000059604645	0.2199999988079071
0.4199999868869781	0.2199999988079071
0.4399999976158142	0.2199999988079071
0.4600000083446503	0.2199999988079071
0.4799999892711639	0.2199999988079071
0.5000000000000000	0.2199999988079071
0.5199999809265137	0.2199999988079071
-0.5199999809265137	0.2399999946355820
-0.5000000000000000	0.2399999946355820
-0.4799999892711639	0.2399999946355820
-0.4600000083446503	0.2399999946355820
-0.4399999976158142	0.2399999946355820
-0.4199999868869781	0.2399999946355820
-0.4000000059604645	0.2399999946355820
-0.3799999952316284	0.2399999946355820
-0.3600000143051147	0.2399999946355820
-0.3400000035762787	0.2399999946355820
-0.3199999928474426	0.2399999946355820
-0.3000000119209290	0.2399999946355820
-0.2800000011920929	0.2399999946355820
-0.2599999904632568	0.2399999946355820
-0.2399999946355820	0.2399999946355820
-0.2199999988079071	0.2399999946355820
-0.2000000029802322	0.2399999946355820
-0.1800000071525574	0.2399999946355820
-0.1599999964237213	0.2399999946355820
-0.1400000005960464	0.2399999946355820
-0.1199999973177910	0.2399999946355820
-0.1000000014901161	0.2399999946355820
-0.07999999821186066	0.2399999946355820
-0.05999999865889549	0.2399999946355820
-0.03999999910593033	0.2399999946355820
-0.01999999955296516	0.2399999946355820
0.000000000000000	0.2399999946355820
0.01999999955296516	0.2399999946355820
0.03999999910593033	0.2399999946355820
0.05999999865889549	0.2399999946355820
0.07999999821186066	0.2399999946355820
0.1000000014901161	0.2399999946355820
0.1199999973177910	0.2399999946355820
0.1400000005960464	0.2399999946355820
0.1599999964237213	0.2399999946355820
0.1800000071525574	0.2399999946355820
0.2000000029802322	0.2399999946355820
0.2199999988079071	0.2399999946355820
0.2399999946355820	0.2399999946355820
0.2599999904632568	0.2399999946355820
0.2800000011920929	0.2399999946355820
0.3000000119209290	0.2399999946355820
0.3199999928474426	0.2399999946355820
0.3400000035762787	0.2399999946355820
0.3600000143051147	0.2399999946355820
0.3799999952316284	0.2399999946355820
0.4000000059604645	0.2399999946355820
0.4199999868869781	0.2399999946355820
0.4399999976158142	0.2399999946355820
0.4600000083446503	0.2399999946355820
0.4799999892711639	0.2399999946355820
0.5000000000000000	0.2399999946355820
0.5199999809265137	0.2399999946355820
-0.5199999809265137	0.2599999904632568
-0.5000000000000000	0.2599999904632568
-0.4799999892711639	0.2599999904632568
-0.4600000083446503	0.2599999904632568
-0.4399999976158142	0.2599999904632568
-0.4199999868869781	0.2599999904632568
-0.4000000059604645	0.2599999904632568
-0.3799999952316284	0.2599999904632568
-0.3600000143051147	0.2599999904632568
-0.3400000035762787	0.2599999904632568
-0.3199999928474426	0.2599999904632568
-0.3000000119209290	0.2599999904632568
-0.2800000011920929	0.2599999904632568
-0.2599999904632568	0.2599999904632568
-0.2399999946355820	0.2599999904632568
-0.2199999988079071	0.2599999904632568
-0.2000000029802322	0.2599999904632568
-0.1800000071525574	0.2599999904632568
-0.1599999964237213	0.2599999904632568
-0.1400000005960464	0.2599999904632568
-0.1199999973177910	0.2599999904632568
-0.1000000014901161	0.2599999904632568
-0.07999999821186066	0.2599999904632568
-0.05999999865889549	0.2599999904632568
-0.03999999910593033	0.2599999904632568
-0.01999999955296516	0.2599999904632568
0.000000000000000	0.2599999904632568
0.01999999955296516	0.2599999904632568
0.03999999910593033	0.2599999904632568
0.05999999865889549	0.2599999904632568
0.07999999821186066	0.2599999904632568
0.1000000014901161	0.2599999904632568
0.1199999973177910	0.2599999904632568
0.1400000005960464	0.2599999904632568
0.1599999964237213	0.2599999904632568
0.1800000071525574	0.2599999904632568
0.2000000029802322	0.2599999904632568
0.2199999988079071	0.2599999904632568
0.2399999946355820	0.2599999904632568
0.2599999904632568	0.2599999904632568
0.2800000011920929	0.2599999904632568
0.3000000119209290	0.2599999904632568
0.3199999928474426	0.2599999904632568
0.3400000035762787	0.2599999904632568
0.3600000143051147	0.2599999904632568
0.3799999952316284	0.2599999904632568
0.4000000059604645	0.2599999904632568
0.4199999868869781	0.2599999904632568
0.4399999976158142	0.2599999904632568
0.4600000083446503	0.2599999904632568
0.4799999892711639	0.2599999904632568
0.5000000000000000	0.2599999904632568
0.5199999809265137	0.2599999904632568
-0.5199999809265137	0.2800000011920929
-0.5000000000000000	0.2800000011920929
-0.4799999892711639	0.2800000011920929
-0.4600000083446503	0.2800000011920929
-0.4399999976158142	0.2800000011920929
-0.4199999868869781	0.2800000011920929
-0.4000000059604645	0.2800000011920929
-0.3799999952316284	0.2800000011920929
-0.3600000143051147	0.2800000011920929
-0.3400000035762787	0.2800000011920929
-0.3199999928474426	0.2800000011920929
-0.3000000119209290	0.2800000011920929
-0.2800000011920929	0.2800000011920929
-0.2599999904632568	0.2800000011920929
-0.2399999946355820	0.2800000011920929
-0.2199999988079071	0.2800000011920929
-0.2000000029802322	0.2800000011920929
-0.1800000071525574	0.2800000011920929
-0.1599999964237213	0.2800000011920929
-0.1400000005960464	0.2800000011920929
-0.1199999973177910	0.2800000011920929
-0.1000000014901161	0.2800000011920929
-0.07999999821186066	0.2800000011920929
-0.05999999865889549	0.2800000011920929
-0.03999999910593033	0.2800000011920929
-0.01999999955296516	0.2800000011920929
0.000000000000000	0.2800000011920929
0.01999999955296516	0.2800000011920929
0.03999999910593033	0.2800000011920929
0.05999999865889549	0.2800000011920929
0.07999999821186066	0.2800000011920929
0.1000000014901161	0.2800000011920929
0.1199999973177910	0.2800000011920929
0.1400000005960464	0.2800000011920929
0.1599999964237213	0.2800000011920929
0.1800000071525574	0.2800000011920929
0.2000000029802322	0.2800000011920929
0.2199999988079071	0.2800000011920929
0.2399999946355820	0.2800000011920929
0.2599999904632568	0.2800000011920929
0.2800000011920929	0.2800000011920929
0.3000000119209290	0.2800000011920929
0.3199999928474426	0.2800000011920929
0.3400000035762787	0.2800000011920929
0.3600000143051147	0.2800000011920929
0.3799999952316284	0.2800000011920929
0.4000000059604645	0.2800000011920929
0.4199999868869781	0.2800000011920929
0.4399999976158142	0.2800000011920929
0.4600000083446503	0.2800000011920929
0.4799999892711639	0.2800000011920929
0.5000000000000000	0.2800000011920929
0.5199999809265137	0.2800000011920929
-0.5199999809265137	0.3000000119209290
-0.5000000000000000	0.3000000119209290
-0.4799999892711639	0.3000000119209290
-0.4600000083446503	0.3000000119209290
-0.4399999976158142	0.3000000119209290
-0.4199999868869781	0.3000000119209290
-0.4000000059604645	0.3000000119209290
-0.3799999952316284	0.3000000119209290
-0.3600000143051147	0.3000000119209290
-0.3400000035762787	0.3000000119209290
-0.3199999928474426	0.3000000119209290
-0.3000000119209290	0.3000000119209290
-0.2800000011920929	0.3000000119209290
-0.2599999904632568	0.3000000119209290
-0.2399999946355820	0.3000000119209290
-0.2199999988079071	0.3000000119209290
-0.2000000029802322	0.3000000119209290
-0.1800000071525574	0.3000000119209290
-0.1599999964237213	0.3000000119209290
-0.1400000005960464	0.3000000119209290
-0.1199999973177910	0.3000000119209290
-0.1000000014901161	0.3000000119209290
-0.07999999821186066	0.3000000119209290
-0.05999999865889549	0.3000000119209290
-0.03999999910593033	0.3000000119209290
-0.01999999955296516	0.3000000119209290
0.000000000000000	0.3000000119209290
0.01999999955296516	0.3000000119209290
0.03999999910593033	0.3000000119209290
0.05999999865889549	0.3000000119209290
0.07999999821186066	0.3000000119209290
0.1000000014901161	0.3000000119209290
0.1199999973177910	0.3000000119209290
0.1400000005960464	0.3000000119209290
0.1599999964237213	0.3000000119209290
0.1800000071525574	0.3000000119209290
0.2000000029802322	0.3000000119209290
0.2199999988079071	0.3000000119209290
0.2399999946355820	0.3000000119209290
0.2599999904632568	0.3000000119209290
0.2800000011920929	0.3000000119209290
0.3000000119209290	0.3000000119209290
0.3199999928474426	0.3000000119209290
0.3400000035762787	0.3000000119209290
0.3600000143051147	0.3000000119209290
0.3799999952316284	0.3000000119209290
0.4000000059604645	0.3000000119209290
0.4199999868869781	0.3000000119209290
0.4399999976158142	0.3000000119209290
0.4600000083446503	0.3000000119209290
0.4799999892711639	0.3000000119209290
0.5000000000000000	0.3000000119209290
0.5199999809265137	0.3000000119209290
-0.5199999809265137	0.3199999928474426
-0.5000000000000000	0.3199999928474426
-0.4799999892711639	0.3199999928474426
-0.4600000083446503	0.3199999928474426
-0.4399999976158142	0.3199999928474426
-0.4199999868869781	0.3199999928474426
-0.4000000059604645	0.3199999928474426
-0.3799999952316284	0.3199999928474426
-0.3600000143051147	0.3199999928474426
-0.3400000035762787	0.3199999928474426
-0.3199999928474426	0.3199999928474426
-0.3000000119209290	0.3199999928474426
-0.2800000011920929	0.3199999928474426
-0.2599999904632568	0.3199999928474426
-0.2399999946355820	0.3199999928474426
-0.2199999988079071	0.3199999928474426
-0.2000000029802322	0.3199999928474426
-0.1800000071525574	0.3199999928474426
-0.1599999964237213	0.3199999928474426
-0.1400000005960464	0.3199999928474426
-0.1199999973177910	0.3199999928474426
-0.1000000014901161	0.3199999928474426
-0.07999999821186066	0.3199999928474426
-0.05999999865889549	0.3199999928474426
-0.03999999910593033	0.3199999928474426
-0.01999999955296516	0.3199999928474426
0.000000000000000	0.3199999928474426
0.01999999955296516	0.3199999928474426
0.03999999910593033	0.3199999928474426
0.05999999865889549	0.3199999928474426
0.07999999821186066	0.3199999928474426
0.1000000014901161	0.3199999928474426
0.1199999973177910	0.3199999928474426
0.1400000005960464	0.3199999928474426
0.1599999964237213	0.3199999928474426
0.1800000071525574	0.3199999928474426
0.2000000029802322	0.3199999928474426
0.2199999988079071	0.3199999928474426
0.2399999946355820	0.3199999928474426
0.2599999904632568	0.3199999928474426
0.2800000011920929	0.3199999928474426
0.3000000119209290	0.3199999928474426
0.3199999928474426	0.3199999928474426
0.3400000035762787	0.3199999928474426
0.3600000143051147	0.3199999928474426
0.3799999952316284	0.3199999928474426
0.4000000059604645	0.3199999928474426
0.4199999868869781	0.3199999928474426
0.4399999976158142	0.3199999928474426
0.4600000083446503	0.3199999928474426
0.4799999892711639	0.3199999928474426
0.5000000000000000	0.3199999928474426
0.5199999809265137	0.3199999928474426
-0.5199999809265137	0.3400000035762787
-0.5000000000000000	0.3400000035762787
-0.4799999892711639	0.3400000035762787
-0.4600000083446503	0.3400000035762787
-0.4399999976158142	0.3400000035762787
-0.4199999868869781	0.3400000035762787
-0.4000000059604645	0.3400000035762787
-0.3799999952316284	0.3400000035762787
-0.3600000143051147	0.3400000035762787
-0.3400000035762787	0.3400000035762787
-0.3199999928474426	0.3400000035762787
-0.3000000119209290	0.3400000035762787
-0.2800000011920929	0.3400000035762787
-0.2599999904632568	0.3400000035762787
-0.2399999946355820	0.3400000035762787
-0.2199999988079071	0.3400000035762787
-0.2000000029802322	0.3400000035762787
-0.1800000071525574	0.3400000035762787
-0.1599999964237213	0.3400000035762787
-0.1400000005960464	0.3400000035762787
-0.1199999973177910	0.3400000035762787
-0.1000000014901161	0.3400000035762787
-0.07999999821186066	0.3400000035762787
-0.05999999865889549	0.3400000035762787
-0.03999999910593033	0.3400000035762787
-0.01999999955296516	0.3400000035762787
0.000000000000000	0.3400000035762787
0.01999999955296516	0.3400000035762787
0.03999999910593033	0.3400000035762787
0.05999999865889549	0.3400000035762787
0.07999999821186066	0.3400000035762787
0.1000000014901161	0.3400000035762787
0.1199999973177910	0.3400000035762787
0.1400000005960464	0.3400000035762787
0.1599999964237213	0.3400000035762787
0.1800000071525574	0.3400000035762787
0.2000000029802322	0.3400000035762787
0.2199999988079071	0.3400000035762787
0.2399999946355820	0.3400000035762787
0.2599999904632568	0.3400000035762787
0.2800000011920929	0.3400000035762787
0.3000000119209290	0.3400000035762787
0.3199999928474426	0.3400000035762787
0.3400000035762787	0.3400000035762787
0.3600000143051147	0.3400000035762787
0.3799999952316284	0.3400000035762787
0.4000000059604645	0.3400000035762787
0.4199999868869781	0.3400000035762787
0.4399999976158142	0.3400000035762787
0.4600000083446503	0.3400000035762787
0.4799999892711639	0.3400000035762787
0.5000000000000000	0.3400000035762787
0.5199999809265137	0.3400000035762787
-0.5199999809265137	0.3600000143051147
-0.5000000000000000	0.3600000143051147
-0.4799999892711639	0.3600000143051147
-0.4600000083446503	0.3600000143051147
-0.4399999976158142	0.3600000143051147
-0.4199999868869781	0.3600000143051147
-0.4000000059604645	0.3600000143051147
-0.3799999952316284	0.3600000143051147
-0.3600000143051147	0.3600000143051147
-0.3400000035762787	0.3600000143051147
-0.3199999928474426	0.3600000143051147
-0.3000000119209290	0.3600000143051147
-0.2800000011920929	0.3600000143051147
-0.2599999904632568	0.3600000143051147
-0.2399999946355820	0.3600000143051147
-0.2199999988079071	0.3600000143051147
-0.2000000029802322	0.3600000143051147
-0.1800000071525574	0.3600000143051147
-0.1599999964237213	0.3600000143051147
-0.1400000005960464	0.3600000143051147
-0.1199999973177910	0.3600000143051147
-0.1000000014901161	0.3600000143051147
-0.07999999821186066	0.3600000143051147
-0.05999999865889549	0.3600000143051147
-0.03999999910593033	0.3600000143051147
-0.01999999955296516	0.3600000143051147
0.000000000000000	0.3600000143051147
0.01999999955296516	0.3600000143051147
0.03999999910593033	0.3600000143051147
0.05999999865889549	0.3600000143051147
0.07999999821186066	0.3600000143051147
0.1000000014901161	0.3600000143051147
0.1199999973177910	0.3600000143051147
0.1400000005960464	0.3600000143051147
0.1599999964237213	0.3600000143051147
0.1800000071525574	0.3600000143051147
0.2000000029802322	0.3600000143051147
0.2199999988079071	0.3600000143051147
0.2399999946355820	0.3600000143051147
0.2599999904632568	0.3600000143051147
0.2800000011920929	0.3600000143051147
0.3000000119209290	0.3600000143051147
0.3199999928474426	0.3600000143051147
0.3400000035762787	0.3600000143051147
0.3600000143051147	0.3600000143051147
0.3799999952316284	0.3600000143051147
0.4000000059604645	0.3600000143051147
0.4199999868869781	0.3600000143051147
0.4399999976158142	0.3600000143051147
0.4600000083446503	0.3600000143051147
0.4799999892711639	0.3600000143051147
0.5000000000000000	0.3600000143051147
0.5199999809265137	0.3600000143051147
-0.5199999809265137	0.3799999952316284
-0.5000000000000000	0.3799999952316284
-0.4799999892711639	0.3799999952316284
-0.4600000083446503	0.3799999952316284
-0.4399999976158142	0.3799999952316284
-0.4199999868869781	0.3799999952316284
-0.4000000059604645	0.3799999952316284
-0.3799999952316284	0.3799999952316284
-0.3600000143051147	0.3799999952316284
-0.3400000035762787	0.3799999952316284
-0.3199999928474426	0.3799999952316284
-0.3000000119209290	0.3799999952316284
-0.2800000011920929	0.3799999952316284
-0.2599999904632568	0.3799999952316284
-0.2399999946355820	0.3799999952316284
-0.2199999988079071	0.3799999952316284
-0.2000000029802322	0.3799999952316284
-0.1800000071525574	0.3799999952316284
-0.1599999964237213	0.3799999952316284
-0.1400000005960464	0.3799999952316284
-0.1199999973177910	0.3799999952316284
-0.1000000014901161	0.3799999952316284
-0.07999999821186066	0.3799999952316284
-0.05999999865889549	0.3799999952316284
-0.03999999910593033	0.3799999952316284
-0.01999999955296516	0.3799999952316284
0.000000000000000	0.3799999952316284
0.01999999955296516	0.3799999952316284
0.03999999910593033	0.3799999952316284
0.05999999865889549	0.3799999952316284
0.07999999821186066	0.3799999952316284
0.1000000014901161	0.3799999952316284
0.1199999973177910	0.3799999952316284
0.1400000005960464	0.3799999952316284
0.1599999964237213	0.3799999952316284
0.1800000071525574	0.3799999952316284
0.2000000029802322	0.3799999952316284
0.2199999988079071	0.3799999952316284
0.2399999946355820	0.3799999952316284
0.2599999904632568	0.3799999952316284
0.2800000011920929	0.3799999952316284
0.3000000119209290	0.3799999952316284
0.3199999928474426	0.3799999952316284
0.3400000035762787	0.3799999952316284
0.3600000143051147	0.3799999952316284
0.3799999952316284	0.3799999952316284
0.4000000059604645	0.3799999952316284
0.4199999868869781	0.3799999952316284
0.4399999976158142	0.3799999952316284
0.4600000083446503	0.3799999952316284
0.4799999892711639	0.3799999952316284
0.5000000000000000	0.3799999952316284
0.5199999809265137	0.3799999952316284
-0.5199999809265137	0.4000000059604645
-0.5000000000000000	0.4000000059604645
-0.4799999892711639	0.4000000059604645
-0.4600000083446503	0.4000000059604645
-0.4399999976158142	0.4000000059604645
-0.4199999868869781	0.4000000059604645
-0.4000000059604645	0.4000000059604645
-0.3799999952316284	0.4000000059604645
-0.3600000143051147	0.4000000059604645
-0.3400000035762787	0.4000000059604645
-0.3199999928474426	0.4000000059604645
-0.3000000119209290	0.4000000059604645
-0.2800000011920929	0.4000000059604645
-0.2599999904632568	0.4000000059604645
-0.2399999946355820	0.4000000059604645
-0.2199999988079071	0.4000000059604645
-0.2000000029802322	0.4000000059604645
-0.1800000071525574	0.4000000059604645
-0.1599999964237213	0.4000000059604645
-0.1400000005960464	0.4000000059604645
-0.1199999973177910	0.4000000059604645
-0.1000000014901161	0.4000000059604645
-0.07999999821186066	0.4000000059604645
-0.05999999865889549	0.4000000059604645
-0.03999999910593033	0.4000000059604645
-0.01999999955296516	0.4000000059604645
0.000000000000000	0.4000000059604645
0.01999999955296516	0.4000000059604645
0.03999999910593033	0.4000000059604645
0.05999999865889549	0.4000000059604645
0.07999999821186066	0.4000000059604645
0.1000000014901161	0.4000000059604645
0.1199999973177910	0.4000000059604645
0.1400000005960464	0.4000000059604645
0.1599999964237213	0.4000000059604645
0.1800000071525574	0.4000000059604645
0.2000000029802322	0.4000000059604645
0.2199999988079071	0.4000000059604645
0.2399999946355820	0.4000000059604645
0.2599999904632568	0.4000000059604645
0.2800000011920929	0.4000000059604645
0.3000000119209290	0.4000000059604645
0.3199999928474426	0.4000000059604645
0.3400000035762787	0.4000000059604645
0.3600000143051147	0.4000000059604645
0.3799999952316284	0.4000000059604645
0.4000000059604645	0.4000000059604645
0.4199999868869781	0.4000000059604645
0.4399999976158142	0.4000000059604645
0.4600000083446503	0.4000000059604645
0.4799999892711639	0.4000000059604645
0.5000000000000000	0.4000000059604645
0.5199999809265137	0.4000000059604645
-0.5199999809265137	0.4199999868869781
-0.5000000000000000	0.4199999868869781
-0.4799999892711639	0.4199999868869781
-0.4600000083446503	0.4199999868869781
-0.4399999976158142	0.4199999868869781
-0.4199999868869781	0.4199999868869781
-0.4000000059604645	0.4199999868869781
-0.3799999952316284	0.4199999868869781
-0.3600000143051147	0.4199999868869781
-0.3400000035762787	0.4199999868869781
-0.3199999928474426	0.4199999868869781
-0.3000000119209290	0.4199999868869781
-0.2800000011920929	0.4199999868869781
-0.2599999904632568	0.4199999868869781
-0.2399999946355820	0.4199999868869781
-0.2199999988079071	0.4199999868869781
-0.2000000029802322	0.4199999868869781
-0.1800000071525574	0.4199999868869781
-0.1599999964237213	0.4199999868869781
-0.1400000005960464	0.4199999868869781
-0.1199999973177910	0.4199999868869781
-0.1000000014901161	0.4199999868869781
-0.07999999821186066	0.4199999868869781
-0.05999999865889549	0.4199999868869781
-0.03999999910593033	0.4199999868869781
-0.01999999955296516	0.4199999868869781
0.000000000000000	0.4199999868869781
0.01999999955296516	0.4199999868869781
0.03999999910593033	0.4199999868869781
0.05999999865889549	0.4199999868869781
0.07999999821186066	0.4199999868869781
0.1000000014901161	0.4199999868869781
0.1199999973177910	0.4199999868869781
0.1400000005960464	0.4199999868869781
0.1599999964237213	0.4199999868869781
0.1800000071525574	0.4199999868869781
0.2000000029802322	0.4199999868869781
0.2199999988079071	0.4199999868869781
0.2399999946355820	0.4199999868869781
0.2599999904632568	0.4199999868869781
0.2800000011920929	0.4199999868869781
0.3000000119209290	0.4199999868869781
0.3199999928474426	0.4199999868869781
0.3400000035762787	0.4199999868869781
0.3600000143051147	0.4199999868869781
0.3799999952316284	0.4199999868869781
0.4000000059604645	0.4199999868869781
0.4199999868869781	0.4199999868869781
0.4399999976158142	0.4199999868869781
0.4600000083446503	0.4199999868869781
0.4799999892711639	0.4199999868869781
0.5000000000000000	0.4199999868869781
0.5199999809265137	0.4199999868869781
-0.5199999809265137	0.4399999976158142
-0.5000000000000000	0.4399999976158142
-0.4799999892711639	0.4399999976158142
-0.4600000083446503	0.4399999976158142
-0.4399999976158142	0.4399999976158142
-0.4199999868869781	0.4399999976158142
-0.4000000059604645	0.4399999976158142
-0.3799999952316284	0.4399999976158142
-0.3600000143051147	0.4399999976158142
-0.3400000035762787	0.4399999976158142
-0.3199999928474426	0.4399999976158142
-0.3000000119209290	0.4399999976158142
-0.2800000011920929	0.4399999976158142
-0.2599999904632568	0.4399999976158142
-0.2399999946355820	0.4399999976158142
-0.2199999988079071	0.4399999976158142
-0.2000000029802322	0.4399999976158142
-0.1800000071525574	0.4399999976158142
-0.1599999964237213	0.4399999976158142
-0.1400000005960464	0.4399999976158142
-0.1199999973177910	0.4399999976158142
-0.1000000014901161	0.4399999976158142
-0.07999999821186066	0.4399999976158142
-0.05999999865889549	0.4399999976158142
-0.03999999910593033	0.4399999976158142
-0.01999999955296516	0.4399999976158142
0.000000000000000	0.4399999976158142
0.01999999955296516	0.4399999976158142
0.03999999910593033	0.4399999976158142
0.05999999865889549	0.4399999976158142
0.07999999821186066	0.4399999976158142
0.1000000014901161	0.4399999976158142
0.1199999973177910	0.4399999976158142
0.1400000005960464	0.4399999976158142
0.1599999964237213	0.4399999976158142
0.1800000071525574	0.4399999976158142
0.2000000029802322	0.4399999976158142
0.2199999988079071	0.4399999976158142
0.2399999946355820	0.4399999976158142
0.2599999904632568	0.4399999976158142
0.2800000011920929	0.4399999976158142
0.3000000119209290	0.4399999976158142
0.3199999928474426	0.4399999976158142
0.3400000035762787	0.4399999976158142
0.3600000143051147	0.4399999976158142
0.3799999952316284	0.4399999976158142
0.4000000059604645	0.4399999976158142
0.4199999868869781	0.4399999976158142
0.4399999976158142	0.4399999976158142
0.4600000083446503	0.4399999976158142
0.4799999892711639	0.4399999976158142
0.5000000000000000	0.4399999976158142
0.5199999809265137	0.4399999976158142
-0.5199999809265137	0.4600000083446503
-0.5000000000000000	0.4600000083446503
-0.4799999892711639	0.4600000083446503
-0.4600000083446503	0.4600000083446503
-0.4399999976158142	0.4600000083446503
-0.4199999868869781	0.4600000083446503
-0.4000000059604645	0.4600000083446503
-0.3799999952316284	0.4600000083446503
-0.3600000143051147	0.4600000083446503
-0.3400000035762787	0.4600000083446503
-0.3199999928474426	0.4600000083446503
-0.3000000119209290	0.4600000083446503
-0.2800000011920929	0.4600000083446503
-0.2599999904632568	0.4600000083446503
-0.2399999946355820	0.4600000083446503
-0.2199999988079071	0.4600000083446503
-0.2000000029802322	0.4600000083446503
-0.1800000071525574	0.4600000083446503
-0.1599999964237213	0.4600000083446503
-0.1400000005960464	0.4600000083446503
-0.1199999973177910	0.4600000083446503
-0.1000000014901161	0.4600000083446503
-0.07999999821186066	0.4600000083446503
-0.05999999865889549	0.4600000083446503
-0.03999999910593033	0.4600000083446503
-0.01999999955296516	0.4600000083446503
0.000000000000000	0.4600000083446503
0.01999999955296516	0.4600000083446503
0.03999999910593033	0.4600000083446503
0.05999999865889549	0.4600000083446503
0.07999999821186066	0.4600000083446503
0.1000000014901161	0.4600000083446503
0.1199999973177910	0.4600000083446503
0.1400000005960464	0.4600000083446503
0.1599999964237213	0.4600000083446503
0.1800000071525574	0.4600000083446503
0.2000000029802322	0.4600000083446503
0.2199999988079071	0.4600000083446503
0.2399999946355820	0.4600000083446503
0.2599999904632568	0.4600000083446503
0.2800000011920929	0.4600000083446503
0.3000000119209290	0.4600000083446503
0.3199999928474426	0.4600000083446503
0.3400000035762787	0.4600000083446503
0.3600000143051147	0.4600000083446503
0.3799999952316284	0.4600000083446503
0.4000000059604645	0.4600000083446503
0.4199999868869781	0.4600000083446503
0.4399999976158142	0.4600000083446503
0.4600000083446503	0.4600000083446503
0.4799999892711639	0.4600000083446503
0.5000000000000000	0.4600000083446503
0.5199999809265137	0.4600000083446503
-0.5199999809265137	0.4799999892711639
-0.5000000000000000	0.4799999892711639
-0.4799999892711639	0.4799999892711639
-0.4600000083446503	0.4799999892711639
-0.4399999976158142	0.4799999892711639
-0.4199999868869781	0.4799999892711639
-0.4000000059604645	0.4799999892711639
-0.3799999952316284	0.4799999892711639
-0.3600000143051147	0.4799999892711639
-0.3400000035762787	0.4799999892711639
-0.3199999928474426	0.4799999892711639
-0.3000000119209290	0.4799999892711639
-0.2800000011920929	0.4799999892711639
-0.2599999904632568	0.4799999892711639
-0.2399999946355820	0.4799999892711639
-0.2199999988079071	0.4799999892711639
-0.2000000029802322	0.4799999892711639
-0.1800000071525574	0.4799999892711639
-0.1599999964237213	0.4799999892711639
-0.1400000005960464	0.4799999892711639
-0.1199999973177910	0.4799999892711639
-0.1000000014901161	0.4799999892711639
-0.07999999821186066	0.4799999892711639
-0.05999999865889549	0.4799999892711639
-0.03999999910593033	0.4799999892711639
-0.01999999955296516	0.4799999892711639
0.000000000000000	0.4799999892711639
0.01999999955296516	0.4799999892711639
0.03999999910593033	0.4799999892711639
0.05999999865889549	0.4799999892711639
0.07999999821186066	0.4799999892711639
0.1000000014901161	0.4799999892711639
0.1199999973177910	0.4799999892711639
0.1400000005960464	0.4799999892711639
0.1599999964237213	0.4799999892711639
0.1800000071525574	0.4799999892711639
0.2000000029802322	0.4799999892711639
0.2199999988079071	0.4799999892711639
0.2399999946355820	0.4799999892711639
0.2599999904632568	0.4799999892711639
0.2800000011920929	0.4799999892711639
0.3000000119209290	0.4799999892711639
0.3199999928474426	0.4799999892711639
0.3400000035762787	0.4799999892711639
0.3600000143051147	0.4799999892711639
0.3799999952316284	0.4799999892711639
0.4000000059604645	0.4799999892711639
0.4199999868869781	0.4799999892711639
0.4399999976158142	0.4799999892711639
0.4600000083446503	0.4799999892711639
0.4799999892711639	0.4799999892711639
0.5000000000000000	0.4799999892711639
0.5199999809265137	0.4799999892711639
-0.5199999809265137	0.5000000000000000
-0.5000000000000000	0.5000000000000000
-0.4799999892711639	0.5000000000000000
-0.4600000083446503	0.5000000000000000
-0.4399999976158142	0.5000000000000000
-0.4199999868869781	0.5000000000000000
-0.4000000059604645	0.5000000000000000
-0.3799999952316284	0.5000000000000000
-0.3600000143051147	0.5000000000000000
-0.3400000035762787	0.5000000000000000
-0.3199999928474426	0.5000000000000000
-0.3000000119209290	0.5000000000000000
-0.2800000011920929	0.5000000000000000
-0.2599999904632568	0.5000000000000000
-0.2399999946355820	0.5000000000000000
-0.2199999988079071	0.5000000000000000
-0.2000000029802322	0.5000000000000000
-0.1800000071525574	0.5000000000000000
-0.1599999964237213	0.5000000000000000
-0.1400000005960464	0.5000000000000000
-0.1199999973177910	0.5000000000000000
-0.1000000014901161	0.5000000000000000
-0.07999999821186066	0.5000000000000000
-0.05999999865889549	0.5000000000000000
-0.03999999910593033	0.5000000000000000
-0.01999999955296516	0.5000000000000000
0.000000000000000	0.5000000000000000
0.01999999955296516	0.5000000000000000
0.03999999910593033	0.5000000000000000
0.05999999865889549	0.5000000000000000
0.07999999821186066	0.5000000000000000
0.1000000014901161	0.5000000000000000
0.1199999973177910	0.5000000000000000
0.1400000005960464	0.5000000000000000
0.1599999964237213	0.5000000000000000
0.1800000071525574	0.5000000000000000
0.2000000029802322	0.5000000000000000
0.2199999988079071	0.5000000000000000
0.2399999946355820	0.5000000000000000
0.2599999904632568	0.5000000000000000
0.2800000011920929	0.5000000000000000
0.3000000119209290	0.5000000000000000
0.3199999928474426	0.5000000000000000
0.3400000035762787	0.5000000000000000
0.3600000143051147	0.5000000000000000
0.3799999952316284	0.5000000000000000
0.4000000059604645	0.5000000000000000
0.4199999868869781	0.5000000000000000
0.4399999976158142	0.5000000000000000
0.4600000083446503	0.5000000000000000
0.4799999892711639	0.5000000000000000
0.5000000000000000	0.5000000000000000
0.5199999809265137	0.5000000000000000
-0.5199999809265137	0.5199999809265137
-0.5000000000000000	0.5199999809265137
-0.4799999892711639	0.5199999809265137
-0.4600000083446503	0.5199999809265137
-0.4399999976158142	0.5199999809265137
-0.4199999868869781	0.5199999809265137
-0.4000000059604645	0.5199999809265137
-0.3799999952316284	0.5199999809265137
-0.3600000143051147	0.5199999809265137
-0.3400000035762787	0.5199999809265137
-0.3199999928474426	0.5199999809265137
-0.3000000119209290	0.5199999809265137
-0.2800000011920929	0.5199999809265137
-0.2599999904632568	0.5199999809265137
-0.2399999946355820	0.5199999809265137
-0.2199999988079071	0.5199999809265137
-0.2000000029802322	0.5199999809265137
-0.1800000071525574	0.5199999809265137
-0.1599999964237213	0.5199999809265137
-0.1400000005960464	0.5199999809265137
-0.1199999973177910	0.5199999809265137
-0.1000000014901161	0.5199999809265137
-0.07999999821186066	0.5199999809265137
-0.05999999865889549	0.5199999809265137
-0.03999999910593033	0.5199999809265137
-0.01999999955296516	0.5199999809265137
0.000000000000000	0.5199999809265137
0.01999999955296516	0.5199999809265137
0.03999999910593033	0.5199999809265137
0.05999999865889549	0.5199999809265137
0.07999999821186066	0.5199999809265137
0.1000000014901161	0.5199999809265137
0.1199999973177910	0.5199999809265137
0.1400000005960464	0.5199999809265137
0.1599999964237213	0.5199999809265137
0.1800000071525574	0.5199999809265137
0.2000000029802322	0.5199999809265137
0.2199999988079071	0.5199999809265137
0.2399999946355820	0.5199999809265137
0.2599999904632568	0.5199999809265137
0.2800000011920929	0.5199999809265137
0.3000000119209290	0.5199999809265137
0.3199999928474426	0.5199999809265137
0.3400000035762787	0.5199999809265137
0.3600000143051147	0.5199999809265137
0.3799999952316284	0.5199999809265137
0.4000000059604645	0.5199999809265137
0.4199999868869781	0.5199999809265137
0.4399999976158142	0.5199999809265137
0.4600000083446503	0.5199999809265137
0.4799999892711639	0.5199999809265137
0.5000000000000000	0.5199999809265137
0.5199999809265137	0.5199999809265137