ISO-10303-21;
HEADER;
FILE_DESCRIPTION(('STEP AP214'),'1');
FILE_NAME('Canard_repair_fluid.step','2025-09-08T14:54:51',(' '),(' '),'Spatial InterOp 3D',' ',' ');
FILE_SCHEMA(('AUTOMOTIVE_DESIGN { 1 0 10303 214 1 1 1 1 }'));
ENDSEC;
DATA;
#1=MECHANICAL_DESIGN_GEOMETRIC_PRESENTATION_REPRESENTATION(' ',(#10),#6);
#2=PRODUCT_DEFINITION_CONTEXT('',#11,'design');
#3=APPLICATION_PROTOCOL_DEFINITION('INTERNATIONAL STANDARD','automotive_design',1994,#11);
#4=PRODUCT_CATEGORY_RELATIONSHIP('NONE','NONE',#12,#13);
#5=SHAPE_DEFINITION_REPRESENTATION(#14,#15);
#6= (GEOMETRIC_REPRESENTATION_CONTEXT(3)GLOBAL_UNCERTAINTY_ASSIGNED_CONTEXT((#18))GLOBAL_UNIT_ASSIGNED_CONTEXT((#20,#21,#22))REPRESENTATION_CONTEXT('NONE','WORKSPACE'));
#10=STYLED_ITEM('',(#24),#25);
#11=APPLICATION_CONTEXT(' ');
#12=PRODUCT_CATEGORY('part','NONE');
#13=PRODUCT_RELATED_PRODUCT_CATEGORY('detail',' ',(#26));
#14=PRODUCT_DEFINITION_SHAPE('NONE','NONE',#27);
#15=ADVANCED_BREP_SHAPE_REPRESENTATION('fluid',(#25,#28),#6);
#18=UNCERTAINTY_MEASURE_WITH_UNIT(LENGTH_MEASURE(1.0E-08),#20,'','');
#20= (CONVERSION_BASED_UNIT('METRE',#31)LENGTH_UNIT()NAMED_UNIT(#34));
#21= (NAMED_UNIT(#36)PLANE_ANGLE_UNIT()SI_UNIT($,.RADIAN.));
#22= (NAMED_UNIT(#36)SOLID_ANGLE_UNIT()SI_UNIT($,.STERADIAN.));
#24=PRESENTATION_STYLE_ASSIGNMENT((#42));
#25=BREP_WITH_VOIDS('fluid',#43,(#44));
#26=PRODUCT('fluid','','PART--DESC',(#45));
#27=PRODUCT_DEFINITION('','NONE',#46,#2);
#28=AXIS2_PLACEMENT_3D('',#47,#48,#49);
#31=LENGTH_MEASURE_WITH_UNIT(LENGTH_MEASURE(1.0),#50);
#34=DIMENSIONAL_EXPONENTS(1.0,0.0,0.0,0.0,0.0,0.0,0.0);
#36=DIMENSIONAL_EXPONENTS(0.0,0.0,0.0,0.0,0.0,0.0,0.0);
#42=SURFACE_STYLE_USAGE(.BOTH.,#51);
#43=CLOSED_SHELL('',(#52,#53,#54,#55));
#44=ORIENTED_CLOSED_SHELL('',*,#56,.T.);
#45=PRODUCT_CONTEXT('',#11,'mechanical');
#46=PRODUCT_DEFINITION_FORMATION_WITH_SPECIFIED_SOURCE(' ','NONE',#26,.NOT_KNOWN.);
#47=CARTESIAN_POINT('',(0.0,0.0,0.0));
#48=DIRECTION('',(0.0,0.0,1.0));
#49=DIRECTION('',(1.0,0.0,0.0));
#50= (NAMED_UNIT(#34)LENGTH_UNIT()SI_UNIT($,.METRE.));
#51=SURFACE_SIDE_STYLE('',(#58));
#52=ADVANCED_FACE('3:10',(#59),#60,.T.);
#53=ADVANCED_FACE('3:10',(#61),#62,.T.);
#54=ADVANCED_FACE('3:13',(#63),#64,.T.);
#55=ADVANCED_FACE('3:16',(#65),#66,.F.);
#56=CLOSED_SHELL('',(#67,#68,#69,#70,#71,#72,#73,#74,#75,#76,#77,#78,#79,#80,#81,#82,#83,#84,#85,#86,#87,#88,#89,#90,#91,#92,#93,#94,#95,#96,#97,#98,#99,#100,#101,#102,#103,#104,#105,#106,#107,#108,#109,#110,#111,#112,#113,#114,#115,#116,#117,#118,#119));
#58=SURFACE_STYLE_FILL_AREA(#120);
#59=FACE_OUTER_BOUND('',#121,.T.);
#60=CYLINDRICAL_SURFACE('',#122,6.72457712206678);
#61=FACE_OUTER_BOUND('',#123,.T.);
#62=CYLINDRICAL_SURFACE('',#124,6.72457712206678);
#63=FACE_OUTER_BOUND('',#125,.T.);
#64=PLANE('',#126);
#65=FACE_OUTER_BOUND('',#127,.T.);
#66=PLANE('',#128);
#67=ADVANCED_FACE('3:19',(#129),#130,.T.);
#68=ADVANCED_FACE('3:22',(#131),#132,.F.);
#69=ADVANCED_FACE('3:25',(#133,#134,#135,#136,#137),#138,.T.);
#70=ADVANCED_FACE('3:28',(#139,#140,#141,#142,#143),#144,.T.);
#71=ADVANCED_FACE('3:31',(#145),#146,.F.);
#72=ADVANCED_FACE('3:34',(#147),#148,.F.);
#73=ADVANCED_FACE('3:37',(#149),#150,.F.);
#74=ADVANCED_FACE('3:40',(#151),#152,.T.);
#75=ADVANCED_FACE('3:43',(#153),#154,.T.);
#76=ADVANCED_FACE('3:46',(#155),#156,.T.);
#77=ADVANCED_FACE('3:49',(#157),#158,.T.);
#78=ADVANCED_FACE('3:52',(#159),#160,.F.);
#79=ADVANCED_FACE('3:55',(#161),#162,.F.);
#80=ADVANCED_FACE('3:58',(#163),#164,.F.);
#81=ADVANCED_FACE('3:61',(#165),#166,.T.);
#82=ADVANCED_FACE('3:64',(#167),#168,.T.);
#83=ADVANCED_FACE('3:67',(#169),#170,.T.);
#84=ADVANCED_FACE('3:70',(#171),#172,.T.);
#85=ADVANCED_FACE('3:73',(#173),#174,.F.);
#86=ADVANCED_FACE('3:76',(#175),#176,.F.);
#87=ADVANCED_FACE('3:79',(#177),#178,.F.);
#88=ADVANCED_FACE('3:82',(#179),#180,.F.);
#89=ADVANCED_FACE('3:85',(#181),#182,.T.);
#90=ADVANCED_FACE('3:88',(#183),#184,.F.);
#91=ADVANCED_FACE('3:91',(#185),#186,.F.);
#92=ADVANCED_FACE('3:94',(#187),#188,.F.);
#93=ADVANCED_FACE('3:97',(#189),#190,.T.);
#94=ADVANCED_FACE('3:100',(#191),#192,.T.);
#95=ADVANCED_FACE('3:103',(#193),#194,.T.);
#96=ADVANCED_FACE('3:106',(#195),#196,.F.);
#97=ADVANCED_FACE('3:109',(#197),#198,.F.);
#98=ADVANCED_FACE('3:112',(#199),#200,.T.);
#99=ADVANCED_FACE('3:115',(#201),#202,.T.);
#100=ADVANCED_FACE('3:118',(#203),#204,.F.);
#101=ADVANCED_FACE('3:121',(#205),#206,.T.);
#102=ADVANCED_FACE('3:124',(#207),#208,.T.);
#103=ADVANCED_FACE('3:127',(#209),#210,.F.);
#104=ADVANCED_FACE('3:130',(#211),#212,.F.);
#105=ADVANCED_FACE('3:133',(#213),#214,.T.);
#106=ADVANCED_FACE('3:136',(#215),#216,.T.);
#107=ADVANCED_FACE('3:139',(#217),#218,.F.);
#108=ADVANCED_FACE('3:142',(#219),#220,.T.);
#109=ADVANCED_FACE('3:145',(#221),#222,.T.);
#110=ADVANCED_FACE('3:148',(#223),#224,.F.);
#111=ADVANCED_FACE('3:151',(#225),#226,.F.);
#112=ADVANCED_FACE('3:154',(#227),#228,.T.);
#113=ADVANCED_FACE('3:157',(#229),#230,.F.);
#114=ADVANCED_FACE('3:160',(#231),#232,.T.);
#115=ADVANCED_FACE('3:163',(#233),#234,.F.);
#116=ADVANCED_FACE('3:166',(#235),#236,.T.);
#117=ADVANCED_FACE('3:169',(#237),#238,.T.);
#118=ADVANCED_FACE('3:172',(#239),#240,.T.);
#119=ADVANCED_FACE('3:175',(#241),#242,.F.);
#120=FILL_AREA_STYLE('',(#243));
#121=EDGE_LOOP('',(#244,#245,#246,#247));
#122=AXIS2_PLACEMENT_3D('',#248,#249,#250);
#123=EDGE_LOOP('',(#251,#252,#253,#254));
#124=AXIS2_PLACEMENT_3D('',#255,#256,#257);
#125=EDGE_LOOP('',(#258,#259));
#126=AXIS2_PLACEMENT_3D('',#260,#261,#262);
#127=EDGE_LOOP('',(#263,#264));
#128=AXIS2_PLACEMENT_3D('',#265,#266,#267);
#129=FACE_OUTER_BOUND('',#268,.T.);
#130=PLANE('',#269);
#131=FACE_OUTER_BOUND('',#270,.T.);
#132=PLANE('',#271);
#133=FACE_OUTER_BOUND('',#272,.T.);
#134=FACE_BOUND('',#273,.T.);
#135=FACE_BOUND('',#274,.T.);
#136=FACE_BOUND('',#275,.T.);
#137=FACE_BOUND('',#276,.T.);
#138=(B_SPLINE_SURFACE(3,2,((#278,#279,#280,#281,#282,#283),(#284,#285,#286,#287,#288,#289),(#290,#291,#292,#293,#294,#295),(#296,#297,#298,#299,#300,#301),(#302,#303,#304,#305,#306,#307),(#308,#309,#310,#311,#312,#313),(#314,#315,#316,#317,#318,#319),(#320,#321,#322,#323,#324,#325),(#326,#327,#328,#329,#330,#331),(#332,#333,#334,#335,#336,#337),(#338,#339,#340,#341,#342,#343),(#344,#345,#346,#347,#348,#349),(#350,#351,#352,#353,#354,#355),(#356,#357,#358,#359,#360,#361)),.UNSPECIFIED.,.F.,.F.,.F.)B_SPLINE_SURFACE_WITH_KNOTS((4,1,1,1,1,1,1,1,1,1,1,4),(3,1,1,1,3),(0.0,0.07716529816389,0.11574794724584,0.19291324540973,0.23149589449167,0.30854795557178,0.30866119265556,0.30877442973934,4.70854948164882,4.7086627187326,4.70877595581638,5.6618541890874),(0.0,1.57067066308876,1.57092199050104,3.14146698988366,3.1415926535898),.UNSPECIFIED.)RATIONAL_B_SPLINE_SURFACE(((1.0,0.70710678118655,1.0,0.70710678118655,0.99997656854249,0.99997656854249),(1.0,0.70710678118655,1.0,0.70710678118655,0.99997656854249,0.99997656854249),(1.0,0.70710678118655,1.0,0.70710678118655,0.99997656854249,0.99997656854249),(1.0,0.70710678118655,1.0,0.70710678118655,0.99997656854249,0.99997656854249),(1.0,0.70710678118655,1.0,0.70710678118655,0.99997656854249,0.99997656854249),(1.0,0.70710678118655,1.0,0.70710678118655,0.99997656854249,0.99997656854249),(1.0,0.70710678118655,1.0,0.70710678118655,0.99997656854249,0.99997656854249),(1.0,0.70710678118655,1.0,0.70710678118655,0.99997656854249,0.99997656854249),(1.0,0.70710678118655,1.0,0.70710678118655,0.99997656854249,0.99997656854249),(1.0,0.70710678118655,1.0,0.70710678118655,0.99997656854249,0.99997656854249),(1.0,0.70710678118655,1.0,0.70710678118655,0.99997656854249,0.99997656854249),(1.0,0.70710678118655,1.0,0.70710678118655,0.99997656854249,0.99997656854249),(1.0,0.70710678118655,1.0,0.70710678118655,0.99997656854249,0.99997656854249),(1.0,0.70710678118655,1.0,0.70710678118655,0.99997656854249,0.99997656854249)))BOUNDED_SURFACE()REPRESENTATION_ITEM('')GEOMETRIC_REPRESENTATION_ITEM()SURFACE());
#139=FACE_OUTER_BOUND('',#368,.T.);
#140=FACE_BOUND('',#369,.T.);
#141=FACE_BOUND('',#370,.T.);
#142=FACE_BOUND('',#371,.T.);
#143=FACE_BOUND('',#372,.T.);
#144=(B_SPLINE_SURFACE(3,2,((#374,#375,#376,#377,#378,#379),(#380,#381,#382,#383,#384,#385),(#386,#387,#388,#389,#390,#391),(#392,#393,#394,#395,#396,#397),(#398,#399,#400,#401,#402,#403),(#404,#405,#406,#407,#408,#409),(#410,#411,#412,#413,#414,#415),(#416,#417,#418,#419,#420,#421),(#422,#423,#424,#425,#426,#427),(#428,#429,#430,#431,#432,#433),(#434,#435,#436,#437,#438,#439),(#440,#441,#442,#443,#444,#445),(#446,#447,#448,#449,#450,#451),(#452,#453,#454,#455,#456,#457)),.UNSPECIFIED.,.F.,.F.,.F.)B_SPLINE_SURFACE_WITH_KNOTS((4,1,1,1,1,1,1,1,1,1,1,4),(3,1,1,1,3),(0.0,0.07716529816389,0.11574794724584,0.19291324540973,0.23149589449167,0.30854795557178,0.30866119265556,0.30877442973934,4.70854948164882,4.7086627187326,4.70877595581638,5.6618541890874),(3.1415926535898,3.14171831729594,4.71226331667856,4.71251464409084,6.2831853071796),.UNSPECIFIED.)RATIONAL_B_SPLINE_SURFACE(((0.99997656854249,0.99997656854249,0.70710678118655,1.0,0.70710678118655,1.0),(0.99997656854249,0.99997656854249,0.70710678118655,1.0,0.70710678118655,1.0),(0.99997656854249,0.99997656854249,0.70710678118655,1.0,0.70710678118655,1.0),(0.99997656854249,0.99997656854249,0.70710678118655,1.0,0.70710678118655,1.0),(0.99997656854249,0.99997656854249,0.70710678118655,1.0,0.70710678118655,1.0),(0.99997656854249,0.99997656854249,0.70710678118655,1.0,0.70710678118655,1.0),(0.99997656854249,0.99997656854249,0.70710678118655,1.0,0.70710678118655,1.0),(0.99997656854249,0.99997656854249,0.70710678118655,1.0,0.70710678118655,1.0),(0.99997656854249,0.99997656854249,0.70710678118655,1.0,0.70710678118655,1.0),(0.99997656854249,0.99997656854249,0.70710678118655,1.0,0.70710678118655,1.0),(0.99997656854249,0.99997656854249,0.70710678118655,1.0,0.70710678118655,1.0),(0.99997656854249,0.99997656854249,0.70710678118655,1.0,0.70710678118655,1.0),(0.99997656854249,0.99997656854249,0.70710678118655,1.0,0.70710678118655,1.0),(0.99997656854249,0.99997656854249,0.70710678118655,1.0,0.70710678118655,1.0)))BOUNDED_SURFACE()REPRESENTATION_ITEM('')GEOMETRIC_REPRESENTATION_ITEM()SURFACE());
#145=FACE_OUTER_BOUND('',#464,.T.);
#146=PLANE('',#465);
#147=FACE_OUTER_BOUND('',#466,.T.);
#148=PLANE('',#467);
#149=FACE_OUTER_BOUND('',#468,.T.);
#150=PLANE('',#469);
#151=FACE_OUTER_BOUND('',#470,.T.);
#152=PLANE('',#471);
#153=FACE_OUTER_BOUND('',#472,.T.);
#154=PLANE('',#473);
#155=FACE_OUTER_BOUND('',#474,.T.);
#156=PLANE('',#475);
#157=FACE_OUTER_BOUND('',#476,.T.);
#158=PLANE('',#477);
#159=FACE_OUTER_BOUND('',#478,.T.);
#160=PLANE('',#479);
#161=FACE_OUTER_BOUND('',#480,.T.);
#162=PLANE('',#481);
#163=FACE_OUTER_BOUND('',#482,.T.);
#164=PLANE('',#483);
#165=FACE_OUTER_BOUND('',#484,.T.);
#166=PLANE('',#485);
#167=FACE_OUTER_BOUND('',#486,.T.);
#168=PLANE('',#487);
#169=FACE_OUTER_BOUND('',#488,.T.);
#170=PLANE('',#489);
#171=FACE_OUTER_BOUND('',#490,.T.);
#172=PLANE('',#491);
#173=FACE_OUTER_BOUND('',#492,.T.);
#174=PLANE('',#493);
#175=FACE_OUTER_BOUND('',#494,.T.);
#176=PLANE('',#495);
#177=FACE_OUTER_BOUND('',#496,.T.);
#178=PLANE('',#497);
#179=FACE_OUTER_BOUND('',#498,.T.);
#180=PLANE('',#499);
#181=FACE_OUTER_BOUND('',#500,.T.);
#182=PLANE('',#501);
#183=FACE_OUTER_BOUND('',#502,.T.);
#184=PLANE('',#503);
#185=FACE_OUTER_BOUND('',#504,.T.);
#186=PLANE('',#505);
#187=FACE_OUTER_BOUND('',#506,.T.);
#188=PLANE('',#507);
#189=FACE_OUTER_BOUND('',#508,.T.);
#190=PLANE('',#509);
#191=FACE_OUTER_BOUND('',#510,.T.);
#192=PLANE('',#511);
#193=FACE_OUTER_BOUND('',#512,.T.);
#194=PLANE('',#513);
#195=FACE_OUTER_BOUND('',#514,.T.);
#196=PLANE('',#515);
#197=FACE_OUTER_BOUND('',#516,.T.);
#198=PLANE('',#517);
#199=FACE_OUTER_BOUND('',#518,.T.);
#200=PLANE('',#519);
#201=FACE_OUTER_BOUND('',#520,.T.);
#202=PLANE('',#521);
#203=FACE_OUTER_BOUND('',#522,.T.);
#204=PLANE('',#523);
#205=FACE_OUTER_BOUND('',#524,.T.);
#206=PLANE('',#525);
#207=FACE_OUTER_BOUND('',#526,.T.);
#208=PLANE('',#527);
#209=FACE_OUTER_BOUND('',#528,.T.);
#210=PLANE('',#529);
#211=FACE_OUTER_BOUND('',#530,.T.);
#212=PLANE('',#531);
#213=FACE_OUTER_BOUND('',#532,.T.);
#214=PLANE('',#533);
#215=FACE_OUTER_BOUND('',#534,.T.);
#216=PLANE('',#535);
#217=FACE_OUTER_BOUND('',#536,.T.);
#218=PLANE('',#537);
#219=FACE_OUTER_BOUND('',#538,.T.);
#220=B_SPLINE_SURFACE_WITH_KNOTS('',3,1,((#539,#540),(#541,#542),(#543,#544),(#545,#546),(#547,#548),(#549,#550),(#551,#552)),.UNSPECIFIED.,.F.,.F.,.F.,(4,1,1,1,4),(2,2),(0.0453470245712885,0.20586560051641,0.20588560051641,0.20590560051641,1.0),(0.0,1.0),.UNSPECIFIED.);
#221=FACE_OUTER_BOUND('',#553,.T.);
#222=B_SPLINE_SURFACE_WITH_KNOTS('',3,1,((#554,#555),(#556,#557),(#558,#559),(#560,#561)),.UNSPECIFIED.,.F.,.F.,.F.,(4,4),(2,2),(0.0197268249990513,1.0),(0.0,1.0),.UNSPECIFIED.);
#223=FACE_OUTER_BOUND('',#562,.T.);
#224=B_SPLINE_SURFACE_WITH_KNOTS('',3,1,((#563,#564),(#565,#566),(#567,#568),(#569,#570)),.UNSPECIFIED.,.F.,.F.,.F.,(4,4),(2,2),(0.0177158681468896,1.0),(0.0,1.0),.UNSPECIFIED.);
#225=FACE_OUTER_BOUND('',#571,.T.);
#226=B_SPLINE_SURFACE_WITH_KNOTS('',1,1,((#572,#573),(#574,#575)),.UNSPECIFIED.,.F.,.F.,.F.,(2,2),(2,2),(0.0,1.0),(0.0,1.0),.UNSPECIFIED.);
#227=FACE_OUTER_BOUND('',#576,.T.);
#228=PLANE('',#577);
#229=FACE_OUTER_BOUND('',#578,.T.);
#230=PLANE('',#579);
#231=FACE_OUTER_BOUND('',#580,.T.);
#232=PLANE('',#581);
#233=FACE_OUTER_BOUND('',#582,.T.);
#234=PLANE('',#583);
#235=FACE_OUTER_BOUND('',#584,.T.);
#236=PLANE('',#585);
#237=FACE_OUTER_BOUND('',#586,.T.);
#238=PLANE('',#587);
#239=FACE_OUTER_BOUND('',#588,.T.);
#240=PLANE('',#589);
#241=FACE_OUTER_BOUND('',#590,.T.);
#242=PLANE('',#591);
#243=FILL_AREA_STYLE_COLOUR('',#592);
#244=ORIENTED_EDGE('',*,*,#593,.F.);
#245=ORIENTED_EDGE('',*,*,#594,.T.);
#246=ORIENTED_EDGE('',*,*,#595,.F.);
#247=ORIENTED_EDGE('',*,*,#596,.T.);
#248=CARTESIAN_POINT('',(-6.95802310854197,0.0,0.0));
#249=DIRECTION('',(1.0,0.0,0.0));
#250=DIRECTION('',(0.0,1.0,0.0));
#251=ORIENTED_EDGE('',*,*,#593,.T.);
#252=ORIENTED_EDGE('',*,*,#597,.T.);
#253=ORIENTED_EDGE('',*,*,#595,.T.);
#254=ORIENTED_EDGE('',*,*,#598,.T.);
#255=CARTESIAN_POINT('',(-6.95802310854197,0.0,0.0));
#256=DIRECTION('',(1.0,0.0,0.0));
#257=DIRECTION('',(0.0,1.0,0.0));
#258=ORIENTED_EDGE('',*,*,#597,.F.);
#259=ORIENTED_EDGE('',*,*,#596,.F.);
#260=CARTESIAN_POINT('',(16.3210078477859,0.0,0.0));
#261=DIRECTION('',(1.0,0.0,0.0));
#262=DIRECTION('',(0.0,1.0,0.0));
#263=ORIENTED_EDGE('',*,*,#594,.F.);
#264=ORIENTED_EDGE('',*,*,#598,.F.);
#265=CARTESIAN_POINT('',(-6.95802310854197,0.0,0.0));
#266=DIRECTION('',(1.0,0.0,0.0));
#267=DIRECTION('',(-0.0,1.0,0.0));
#268=EDGE_LOOP('',(#599,#600,#601,#602));
#269=AXIS2_PLACEMENT_3D('',#603,#604,#605);
#270=EDGE_LOOP('',(#606,#607,#608,#609));
#271=AXIS2_PLACEMENT_3D('',#610,#611,#612);
#272=EDGE_LOOP('',(#613,#614,#615,#616));
#273=EDGE_LOOP('',(#617,#618,#619,#620,#621,#622));
#274=EDGE_LOOP('',(#623,#624,#625,#626,#627,#628));
#275=EDGE_LOOP('',(#629,#630,#631,#632));
#276=EDGE_LOOP('',(#633,#634,#635,#636));
#278=CARTESIAN_POINT('',(0.04197854269056,0.012251053242816,-0.0057127594695528));
#279=CARTESIAN_POINT('',(0.04197689131426,0.0179634068874598,0.0065384829012555));
#280=CARTESIAN_POINT('',(0.041976891369104,0.0057121644252335,0.012250836588533));
#281=CARTESIAN_POINT('',(0.0419768914239478,-0.006539078036993,0.0179631902758092));
#282=CARTESIAN_POINT('',(0.0419785427068299,-0.0122511085345453,0.0057126409561652));
#283=CARTESIAN_POINT('',(0.041978542800248,-0.012251431681637,0.0057119479050013));
#284=CARTESIAN_POINT('',(0.07058901379911,0.020066878099769,-0.0093573381501742));
#285=CARTESIAN_POINT('',(0.070586308891521,0.0294269781343257,0.0107082518792622));
#286=CARTESIAN_POINT('',(0.070586308519464,0.0093613879551372,0.020068351983625));
#287=CARTESIAN_POINT('',(0.0705863081474071,-0.0107042022240518,0.0294284520879883));
#288=CARTESIAN_POINT('',(0.0705890129019807,-0.0200637727589855,0.0093639971663308));
#289=CARTESIAN_POINT('',(0.070589013054997,-0.020064302258609,0.0093628620585513));
#290=CARTESIAN_POINT('',(0.11362368386431,0.030202755265719,-0.014083774899273));
#291=CARTESIAN_POINT('',(0.113619612694813,0.0442940567904028,0.0161154703684728));
#292=CARTESIAN_POINT('',(0.11361961168061,0.014094811297253,0.030206771998196));
#293=CARTESIAN_POINT('',(0.11361961066641,-0.0161044341958965,0.0442980736279181));
#294=CARTESIAN_POINT('',(0.113623681605595,-0.0301949385775127,0.0141005367274928));
#295=CARTESIAN_POINT('',(0.1136236818359,-0.03019573572058,0.014098828360174));
#296=CARTESIAN_POINT('',(0.18522407982528,0.043240938083902,-0.020163578887065));
#297=CARTESIAN_POINT('',(0.18521825117864,0.0634199711096293,0.0230701524197266));
#298=CARTESIAN_POINT('',(0.185218249096,0.02018623948011,0.043249185595803));
#299=CARTESIAN_POINT('',(0.185218247013357,-0.0230474921494092,0.0634282187718795));
#300=CARTESIAN_POINT('',(0.185224075330274,-0.0432253836499002,0.0201969331915606));
#301=CARTESIAN_POINT('',(0.18522407566,-0.043226525175135,0.020194487465087));
#302=CARTESIAN_POINT('',(0.24205387826686,0.050621070779457,-0.02360499099323));
#303=CARTESIAN_POINT('',(0.2420470548179,0.0742478080514081,0.0270059388685413));
#304=CARTESIAN_POINT('',(0.2420470518872,0.023636877811817,0.050632676316475));
#305=CARTESIAN_POINT('',(0.242047048956494,-0.0269740524277733,0.0742594137644084));
#306=CARTESIAN_POINT('',(0.242053872019458,-0.050599453138315,0.0236513469562601));
#307=CARTESIAN_POINT('',(0.24205387240546,-0.050600789699724,0.023648483902638));
#308=CARTESIAN_POINT('',(0.31218760068375,0.056253814553804,-0.026231582331843));
#309=CARTESIAN_POINT('',(0.312180017971123,0.082514908314054,0.0300084703038011));
#310=CARTESIAN_POINT('',(0.31218001399378,0.026274855258531,0.056269564259577));
#311=CARTESIAN_POINT('',(0.31218001001644,-0.029965197796993,0.0825306582153522));
#312=CARTESIAN_POINT('',(0.312187592300117,-0.0562248059706352,0.0262937870720624));
#313=CARTESIAN_POINT('',(0.31218759272907,-0.056226291557243,0.026290605579708));
#314=CARTESIAN_POINT('',(0.35366428912706,0.057550477742978,-0.026836226256406));
#315=CARTESIAN_POINT('',(0.35365653163119,0.0844208077006622,0.030698348144307));
#316=CARTESIAN_POINT('',(0.35365652703485,0.026886232870378,0.057568678301994));
#317=CARTESIAN_POINT('',(0.353656522438519,-0.0306483419599063,0.0844390084596811));
#318=CARTESIAN_POINT('',(0.353664279495549,-0.0575171518665719,0.0269076887822478));
#319=CARTESIAN_POINT('',(0.35366427993439,-0.057518671917591,0.026904434058968));
#320=CARTESIAN_POINT('',(0.38099998474121,0.05755054473877,-0.026836256980896));
#321=CARTESIAN_POINT('',(0.380992227236336,0.0844239320149522,0.0306969730914354));
#322=CARTESIAN_POINT('',(0.38099222223209,0.026890701513038,0.057570360567598));
#323=CARTESIAN_POINT('',(0.380992217227833,-0.0306425289888765,0.0844437480437612));
#324=CARTESIAN_POINT('',(0.380999974293879,-0.0575143960410878,0.0269137726186603));
#325=CARTESIAN_POINT('',(0.38099997473272,-0.057515916265059,0.026910517971429));
#326=CARTESIAN_POINT('',(0.39566665649414,0.05755054473877,-0.026836256980896));
#327=CARTESIAN_POINT('',(0.39565889898926,0.0844255559012245,0.0306962158607197));
#328=CARTESIAN_POINT('',(0.39565889376613,0.026893082630021,0.057571227223142));
#329=CARTESIAN_POINT('',(0.395658888542988,-0.0306393906411827,0.0844462385855631));
#330=CARTESIAN_POINT('',(0.395666645609019,-0.0575128814878028,0.0269170203483439));
#331=CARTESIAN_POINT('',(0.39566664604786,-0.057514401803637,0.026913765743949));
#332=CARTESIAN_POINT('',(0.41033332824707,0.05755054473877,-0.026836256980896));
#333=CARTESIAN_POINT('',(0.410325570742198,0.0844271797874953,0.0306954586300025));
#334=CARTESIAN_POINT('',(0.41032556530016,0.026895463747004,0.057572093878685));
#335=CARTESIAN_POINT('',(0.410325559858128,-0.0306362522934889,0.0844487291273665));
#336=CARTESIAN_POINT('',(0.410333316924169,-0.0575113669345178,0.0269202680780275));
#337=CARTESIAN_POINT('',(0.41033331736301,-0.057512887342215,0.026917013516469));
#338=CARTESIAN_POINT('',(0.42500000348352,0.057550545441787,-0.026836257824876));
#339=CARTESIAN_POINT('',(0.424992245978515,0.0844288052211506,0.0306947012581427));
#340=CARTESIAN_POINT('',(0.42499224031754,0.026897845708533,0.057572961237451));
#341=CARTESIAN_POINT('',(0.424992234656561,-0.0306331138040867,0.0844512212167594));
#342=CARTESIAN_POINT('',(0.424999991722719,-0.057509853083842,0.0269235166525018));
#343=CARTESIAN_POINT('',(0.42499999216156,-0.05751137358345,0.02692026213374));
#344=CARTESIAN_POINT('',(0.72366670232234,0.057550545441787,-0.026836257824876));
#345=CARTESIAN_POINT('',(0.723658944817348,0.0844618734427829,0.0306792812908731));
#346=CARTESIAN_POINT('',(0.72365893469895,0.02694633389732,0.057590609491567));
#347=CARTESIAN_POINT('',(0.723658924580546,-0.0305692056481429,0.0845019376922595));
#348=CARTESIAN_POINT('',(0.723666681646709,-0.057479011278867,0.0269896522229673));
#349=CARTESIAN_POINT('',(0.72366668208555,-0.05748053364914,0.026986398576511));
#350=CARTESIAN_POINT('',(1.0223334011612,0.057550545441787,-0.026836257824876));
#351=CARTESIAN_POINT('',(1.02232564365617,0.0844949416644153,0.0306638613236021));
#352=CARTESIAN_POINT('',(1.0223256290804,0.026994822086108,0.057608257745682));
#353=CARTESIAN_POINT('',(1.02232561450454,-0.0305052974922005,0.084552654167761));
#354=CARTESIAN_POINT('',(1.02233337157066,-0.0574481694738921,0.0270557877934338));
#355=CARTESIAN_POINT('',(1.0223333720095,-0.05744969371483,0.027052535019283));
#356=CARTESIAN_POINT('',(1.3210001,0.057550545441787,-0.026836257824876));
#357=CARTESIAN_POINT('',(1.320992342495,0.084528009886049,0.0306484413563325));
#358=CARTESIAN_POINT('',(1.3209923234618,0.027043310274895,0.057625905999797));
#359=CARTESIAN_POINT('',(1.32099230442853,-0.030441389336258,0.0846033706432625));
#360=CARTESIAN_POINT('',(1.32100006149466,-0.0574173276689162,0.0271219233638992));
#361=CARTESIAN_POINT('',(1.3210000619335,-0.057418853780519,0.027118671462054));
#368=EDGE_LOOP('',(#637,#638,#639,#640));
#369=EDGE_LOOP('',(#641,#642,#643,#644,#645,#646));
#370=EDGE_LOOP('',(#647,#648,#649,#650,#651,#652));
#371=EDGE_LOOP('',(#653,#654,#655,#656));
#372=EDGE_LOOP('',(#657,#658,#659,#660));
#374=CARTESIAN_POINT('',(0.041978542800248,-0.012251431681637,0.0057119479050013));
#375=CARTESIAN_POINT('',(0.0419785428936661,-0.0122517548287287,0.0057112548538374));
#376=CARTESIAN_POINT('',(0.0419801941765463,-0.0179637853262814,-0.006539294465807));
#377=CARTESIAN_POINT('',(0.041980194121703,-0.005712542864055,-0.012251648153084));
#378=CARTESIAN_POINT('',(0.0419801940668599,0.0065386995981716,-0.0179640018403611));
#379=CARTESIAN_POINT('',(0.04197854269056,0.012251053242816,-0.0057127594695528));
#380=CARTESIAN_POINT('',(0.070589013054997,-0.020064302258609,0.0093628620585513));
#381=CARTESIAN_POINT('',(0.0705890132080133,-0.0200648317582325,0.0093617269507718));
#382=CARTESIAN_POINT('',(0.0705917179625861,-0.0294244022931664,-0.0107027279708851));
#383=CARTESIAN_POINT('',(0.070591718334644,-0.0093588121139769,-0.020062828075248));
#384=CARTESIAN_POINT('',(0.0705917187067,0.0107067780652121,-0.0294229281796099));
#385=CARTESIAN_POINT('',(0.07058901379911,0.020066878099769,-0.0093573381501743));
#386=CARTESIAN_POINT('',(0.1136236818359,-0.03019573572058,0.014098828360174));
#387=CARTESIAN_POINT('',(0.113623682066206,-0.0301965328636473,0.0140971199928552));
#388=CARTESIAN_POINT('',(0.113627753005398,-0.0442870372452633,-0.0161004169075709));
#389=CARTESIAN_POINT('',(0.1136277540196,-0.014087791752114,-0.030191718537294));
#390=CARTESIAN_POINT('',(0.113627755033801,0.016111453741036,-0.0442830201670163));
#391=CARTESIAN_POINT('',(0.11362368386431,0.030202755265719,-0.014083774899273));
#392=CARTESIAN_POINT('',(0.18522407566,-0.043226525175135,0.020194487465087));
#393=CARTESIAN_POINT('',(0.185224075989726,-0.0432276667003698,0.0201920417386134));
#394=CARTESIAN_POINT('',(0.185229904306639,-0.063405558200862,-0.0230392438417049));
#395=CARTESIAN_POINT('',(0.18522990638928,-0.020171826571344,-0.043218277017782));
#396=CARTESIAN_POINT('',(0.185229908471922,0.0230619050581751,-0.0633973101938577));
#397=CARTESIAN_POINT('',(0.18522407982528,0.043240938083902,-0.020163578887065));
#398=CARTESIAN_POINT('',(0.24205387240546,-0.050600789699724,0.023648483902638));
#399=CARTESIAN_POINT('',(0.242053872791462,-0.050602126261133,0.0236456208490159));
#400=CARTESIAN_POINT('',(0.242060695854426,-0.0742275269716751,-0.0269624459591332));
#401=CARTESIAN_POINT('',(0.24206069878513,-0.023616596732084,-0.050589183407067));
#402=CARTESIAN_POINT('',(0.242060701715833,0.0269943335075063,-0.0742159208550003));
#403=CARTESIAN_POINT('',(0.24205387826686,0.050621070779457,-0.02360499099323));
#404=CARTESIAN_POINT('',(0.31218759272907,-0.056226291557243,0.026290605579708));
#405=CARTESIAN_POINT('',(0.312187593158023,-0.0562277771438508,0.0262874240873536));
#406=CARTESIAN_POINT('',(0.312195175441699,-0.0824873853174928,-0.0299494470559361));
#407=CARTESIAN_POINT('',(0.31219517941904,-0.02624733226197,-0.056210541011711));
#408=CARTESIAN_POINT('',(0.312195183396367,0.0299927207935542,-0.0824716349674858));
#409=CARTESIAN_POINT('',(0.31218760068375,0.056253814553804,-0.026231582331843));
#410=CARTESIAN_POINT('',(0.35366427993439,-0.057518671917591,0.026904434058968));
#411=CARTESIAN_POINT('',(0.35366428037323,-0.0575201919686101,0.0269011793356882));
#412=CARTESIAN_POINT('',(0.35367203743026,-0.0843890018752744,-0.0306301403417441));
#413=CARTESIAN_POINT('',(0.3536720420266,-0.026854427044991,-0.057500470499431));
#414=CARTESIAN_POINT('',(0.353672046622931,0.0306801477852927,-0.0843708006571183));
#415=CARTESIAN_POINT('',(0.35366428912706,0.057550477742978,-0.026836226256406));
#416=CARTESIAN_POINT('',(0.38099997473272,-0.057515916265059,0.026910517971429));
#417=CARTESIAN_POINT('',(0.380999975171561,-0.0575174364890302,0.0269072633241977));
#418=CARTESIAN_POINT('',(0.381007732237591,-0.0843893035412401,-0.0306227121009031));
#419=CARTESIAN_POINT('',(0.38100773724184,-0.026856073039327,-0.057496099577065));
#420=CARTESIAN_POINT('',(0.38100774224608,0.0306771574625872,-0.0843694870532275));
#421=CARTESIAN_POINT('',(0.38099998474121,0.05755054473877,-0.026836256980896));
#422=CARTESIAN_POINT('',(0.39566664604786,-0.057514401803637,0.026913765743949));
#423=CARTESIAN_POINT('',(0.395666646486701,-0.0575159221194712,0.0269105111395541));
#424=CARTESIAN_POINT('',(0.395674403552746,-0.0843894129660908,-0.0306187070976669));
#425=CARTESIAN_POINT('',(0.39567440877588,-0.026856939694888,-0.057493718460089));
#426=CARTESIAN_POINT('',(0.395674413999018,0.0306755335763164,-0.0843687298225104));
#427=CARTESIAN_POINT('',(0.39566665649414,0.05755054473877,-0.026836256980896));
#428=CARTESIAN_POINT('',(0.41033331736301,-0.057512887342215,0.026917013516469));
#429=CARTESIAN_POINT('',(0.410333317801851,-0.0575144077499122,0.0269137589549105));
#430=CARTESIAN_POINT('',(0.410341074867886,-0.0843895223909402,-0.0306147020944293));
#431=CARTESIAN_POINT('',(0.41034108030992,-0.026857806350449,-0.057491337343112));
#432=CARTESIAN_POINT('',(0.410341085751942,0.0306739096900441,-0.0843679725917947));
#433=CARTESIAN_POINT('',(0.41033332824707,0.05755054473877,-0.026836256980896));
#434=CARTESIAN_POINT('',(0.42499999216156,-0.05751137358345,0.02692026213374));
#435=CARTESIAN_POINT('',(0.424999992600401,-0.057512894083058,0.0269170076149782));
#436=CARTESIAN_POINT('',(0.42500774966656,-0.0843896333628147,-0.0306106969492795));
#437=CARTESIAN_POINT('',(0.42500775532754,-0.026858673850196,-0.057488956928587));
#438=CARTESIAN_POINT('',(0.425007760988513,0.0306722856624226,-0.0843672169078948));
#439=CARTESIAN_POINT('',(0.42500000348352,0.057550545441787,-0.026836257824876));
#440=CARTESIAN_POINT('',(0.72366668208555,-0.05748053364914,0.026986398576511));
#441=CARTESIAN_POINT('',(0.723666682524391,-0.057482056019413,0.0269831449300547));
#442=CARTESIAN_POINT('',(0.723674439590544,-0.084391861650137,-0.0305291405392374));
#443=CARTESIAN_POINT('',(0.72367444970895,-0.026876322104673,-0.057440468739931));
#444=CARTESIAN_POINT('',(0.723674459827346,0.0306392174407903,-0.0843517969406253));
#445=CARTESIAN_POINT('',(0.72366670232234,0.057550545441787,-0.026836257824876));
#446=CARTESIAN_POINT('',(1.0223333720095,-0.05744969371483,0.027052535019283));
#447=CARTESIAN_POINT('',(1.02233337244834,-0.0574512179557679,0.0270492822451322));
#448=CARTESIAN_POINT('',(1.02234112951454,-0.0843940899374592,-0.0304475841291953));
#449=CARTESIAN_POINT('',(1.0223411440904,-0.02689397035915,-0.057391980551275));
#450=CARTESIAN_POINT('',(1.02234115866617,0.0306061492191579,-0.0843363769733543));
#451=CARTESIAN_POINT('',(1.0223334011612,0.057550545441787,-0.026836257824876));
#452=CARTESIAN_POINT('',(1.3210000619335,-0.057418853780519,0.027118671462054));
#453=CARTESIAN_POINT('',(1.32100006237234,-0.0574203798921218,0.0271154195602088));
#454=CARTESIAN_POINT('',(1.32100781943853,-0.0843963182247815,-0.0303660277191546));
#455=CARTESIAN_POINT('',(1.3210078384718,-0.026911618613628,-0.05734349236262));
#456=CARTESIAN_POINT('',(1.321007857505,0.0305730809975256,-0.0843209570060847));
#457=CARTESIAN_POINT('',(1.3210001,0.057550545441787,-0.026836257824876));
#464=EDGE_LOOP('',(#661,#662));
#465=AXIS2_PLACEMENT_3D('',#663,#664,#665);
#466=EDGE_LOOP('',(#666,#667));
#467=AXIS2_PLACEMENT_3D('',#668,#669,#670);
#468=EDGE_LOOP('',(#671,#672,#673,#674));
#469=AXIS2_PLACEMENT_3D('',#675,#676,#677);
#470=EDGE_LOOP('',(#678,#679,#680,#681));
#471=AXIS2_PLACEMENT_3D('',#682,#683,#684);
#472=EDGE_LOOP('',(#685,#686,#687,#688,#689,#690));
#473=AXIS2_PLACEMENT_3D('',#691,#692,#693);
#474=EDGE_LOOP('',(#694,#695,#696,#697));
#475=AXIS2_PLACEMENT_3D('',#698,#699,#700);
#476=EDGE_LOOP('',(#701,#702,#703,#704));
#477=AXIS2_PLACEMENT_3D('',#705,#706,#707);
#478=EDGE_LOOP('',(#708,#709,#710,#711));
#479=AXIS2_PLACEMENT_3D('',#712,#713,#714);
#480=EDGE_LOOP('',(#715,#716,#717,#718));
#481=AXIS2_PLACEMENT_3D('',#719,#720,#721);
#482=EDGE_LOOP('',(#722,#723,#724,#725));
#483=AXIS2_PLACEMENT_3D('',#726,#727,#728);
#484=EDGE_LOOP('',(#729,#730,#731,#732));
#485=AXIS2_PLACEMENT_3D('',#733,#734,#735);
#486=EDGE_LOOP('',(#736,#737,#738,#739,#740,#741));
#487=AXIS2_PLACEMENT_3D('',#742,#743,#744);
#488=EDGE_LOOP('',(#745,#746,#747,#748));
#489=AXIS2_PLACEMENT_3D('',#749,#750,#751);
#490=EDGE_LOOP('',(#752,#753,#754,#755));
#491=AXIS2_PLACEMENT_3D('',#756,#757,#758);
#492=EDGE_LOOP('',(#759,#760,#761,#762));
#493=AXIS2_PLACEMENT_3D('',#763,#764,#765);
#494=EDGE_LOOP('',(#766,#767,#768,#769));
#495=AXIS2_PLACEMENT_3D('',#770,#771,#772);
#496=EDGE_LOOP('',(#773,#774,#775,#776));
#497=AXIS2_PLACEMENT_3D('',#777,#778,#779);
#498=EDGE_LOOP('',(#780,#781,#782,#783));
#499=AXIS2_PLACEMENT_3D('',#784,#785,#786);
#500=EDGE_LOOP('',(#787,#788,#789,#790));
#501=AXIS2_PLACEMENT_3D('',#791,#792,#793);
#502=EDGE_LOOP('',(#794,#795,#796,#797));
#503=AXIS2_PLACEMENT_3D('',#798,#799,#800);
#504=EDGE_LOOP('',(#801,#802,#803,#804));
#505=AXIS2_PLACEMENT_3D('',#805,#806,#807);
#506=EDGE_LOOP('',(#808,#809,#810,#811));
#507=AXIS2_PLACEMENT_3D('',#812,#813,#814);
#508=EDGE_LOOP('',(#815,#816,#817,#818));
#509=AXIS2_PLACEMENT_3D('',#819,#820,#821);
#510=EDGE_LOOP('',(#822,#823,#824,#825));
#511=AXIS2_PLACEMENT_3D('',#826,#827,#828);
#512=EDGE_LOOP('',(#829,#830,#831,#832));
#513=AXIS2_PLACEMENT_3D('',#833,#834,#835);
#514=EDGE_LOOP('',(#836,#837,#838,#839));
#515=AXIS2_PLACEMENT_3D('',#840,#841,#842);
#516=EDGE_LOOP('',(#843,#844,#845,#846));
#517=AXIS2_PLACEMENT_3D('',#847,#848,#849);
#518=EDGE_LOOP('',(#850,#851,#852,#853));
#519=AXIS2_PLACEMENT_3D('',#854,#855,#856);
#520=EDGE_LOOP('',(#857,#858,#859,#860,#861,#862));
#521=AXIS2_PLACEMENT_3D('',#863,#864,#865);
#522=EDGE_LOOP('',(#866,#867,#868,#869));
#523=AXIS2_PLACEMENT_3D('',#870,#871,#872);
#524=EDGE_LOOP('',(#873,#874,#875,#876));
#525=AXIS2_PLACEMENT_3D('',#877,#878,#879);
#526=EDGE_LOOP('',(#880,#881,#882,#883));
#527=AXIS2_PLACEMENT_3D('',#884,#885,#886);
#528=EDGE_LOOP('',(#887,#888,#889,#890));
#529=AXIS2_PLACEMENT_3D('',#891,#892,#893);
#530=EDGE_LOOP('',(#894,#895,#896,#897));
#531=AXIS2_PLACEMENT_3D('',#898,#899,#900);
#532=EDGE_LOOP('',(#901,#902,#903,#904));
#533=AXIS2_PLACEMENT_3D('',#905,#906,#907);
#534=EDGE_LOOP('',(#908,#909,#910,#911));
#535=AXIS2_PLACEMENT_3D('',#912,#913,#914);
#536=EDGE_LOOP('',(#915,#916,#917,#918));
#537=AXIS2_PLACEMENT_3D('',#919,#920,#921);
#538=EDGE_LOOP('',(#922,#923,#924,#925));
#539=CARTESIAN_POINT('',(1.09896813198478,0.0628495944293302,0.00101599502841545));
#540=CARTESIAN_POINT('',(1.12849089549154,0.0618945071423052,0.00507999575673327));
#541=CARTESIAN_POINT('',(1.10065232947379,0.0645300114776415,0.00101599489063879));
#542=CARTESIAN_POINT('',(1.12895084917927,0.0623534283931104,0.00507999571910652));
#543=CARTESIAN_POINT('',(1.10340324017524,0.067274747336289,0.00101599466559908));
#544=CARTESIAN_POINT('',(1.12941082533331,0.062812372059844,0.00507999568147793));
#545=CARTESIAN_POINT('',(1.1069667998166,0.070830308019136,0.0010159943740802));
#546=CARTESIAN_POINT('',(1.1298708239486,0.063271338137413,0.0050799956438475));
#547=CARTESIAN_POINT('',(1.1245936933393,0.088417635264197,0.0010159929321027));
#548=CARTESIAN_POINT('',(1.1596472159658,0.092980892456121,0.0050799932079737));
#549=CARTESIAN_POINT('',(1.1621006290361,0.12584038086656,0.0010159898638275));
#550=CARTESIAN_POINT('',(1.1894236079829,0.12269044677483,0.0050799907721));
#551=CARTESIAN_POINT('',(1.1887200001135,0.15240000066535,0.0010159876862156));
#552=CARTESIAN_POINT('',(1.2192,0.15240000109354,0.0050799883362262));
#553=EDGE_LOOP('',(#926,#927,#928,#929));
#554=CARTESIAN_POINT('',(1.09964281916504,0.0635227675226979,-0.00101600531393418));
#555=CARTESIAN_POINT('',(1.09824418584011,0.0621272732933043,0.00101599508763825));
#556=CARTESIAN_POINT('',(1.12933521262527,0.0931485118322184,-0.00101600774293614));
#557=CARTESIAN_POINT('',(1.10641039013342,0.0702751472832264,0.00101599441959764));
#558=CARTESIAN_POINT('',(1.15902760608558,0.122774256141742,-0.00101601017193856));
#559=CARTESIAN_POINT('',(1.15586043300386,0.119614191915489,0.00101599037431011));
#560=CARTESIAN_POINT('',(1.1887199995458,0.15240000045126,-0.0010160126009408));
#561=CARTESIAN_POINT('',(1.1887200001135,0.15240000066535,0.0010159876862156));
#562=EDGE_LOOP('',(#930,#931,#932,#933));
#563=CARTESIAN_POINT('',(1.09946008401445,0.0633404425492958,-0.00101600529898543));
#564=CARTESIAN_POINT('',(1.12994008446865,0.0633404421211166,-0.00508000602469384));
#565=CARTESIAN_POINT('',(1.12921338919154,0.0930269618499503,-0.0010160077329703));
#566=CARTESIAN_POINT('',(1.15969338964574,0.0930269614217693,-0.0050800084586788));
#567=CARTESIAN_POINT('',(1.15896669436872,0.122713481150608,-0.00101601016695565));
#568=CARTESIAN_POINT('',(1.18944669482292,0.122713480722428,-0.00508001089266415));
#569=CARTESIAN_POINT('',(1.1887199995458,0.15240000045126,-0.0010160126009408));
#570=CARTESIAN_POINT('',(1.2192,0.15240000002308,-0.0050800133266493));
#571=EDGE_LOOP('',(#934,#935,#936,#937));
#572=CARTESIAN_POINT('',(1.2192,0.15240000109354,0.0050799883362262));
#573=CARTESIAN_POINT('',(1.1887200165778,0.15240000066535,0.001015989881455));
#574=CARTESIAN_POINT('',(1.2192,0.15240000002308,-0.0050800133266493));
#575=CARTESIAN_POINT('',(1.1887200154424,0.15240000045126,-0.0010160147204823));
#576=EDGE_LOOP('',(#938,#939,#940,#941));
#577=AXIS2_PLACEMENT_3D('',#942,#943,#944);
#578=EDGE_LOOP('',(#945,#946,#947,#948));
#579=AXIS2_PLACEMENT_3D('',#949,#950,#951);
#580=EDGE_LOOP('',(#952,#953,#954,#955));
#581=AXIS2_PLACEMENT_3D('',#956,#957,#958);
#582=EDGE_LOOP('',(#959,#960,#961,#962));
#583=AXIS2_PLACEMENT_3D('',#963,#964,#965);
#584=EDGE_LOOP('',(#966,#967,#968,#969));
#585=AXIS2_PLACEMENT_3D('',#970,#971,#972);
#586=EDGE_LOOP('',(#973,#974,#975,#976));
#587=AXIS2_PLACEMENT_3D('',#977,#978,#979);
#588=EDGE_LOOP('',(#980,#981,#982,#983));
#589=AXIS2_PLACEMENT_3D('',#984,#985,#986);
#590=EDGE_LOOP('',(#987,#988,#989,#990));
#591=AXIS2_PLACEMENT_3D('',#991,#992,#993);
#592=COLOUR_RGB('',0.560784339904785,0.560784339904785,0.686274528503418);
#593=EDGE_CURVE('',#994,#995,#996,.T.);
#594=EDGE_CURVE('3:181',#994,#997,#998,.T.);
#595=EDGE_CURVE('',#999,#997,#1000,.T.);
#596=EDGE_CURVE('3:178',#999,#995,#1001,.T.);
#597=EDGE_CURVE('3:178',#995,#999,#1002,.T.);
#598=EDGE_CURVE('3:181',#997,#994,#1003,.T.);
#599=ORIENTED_EDGE('',*,*,#1004,.T.);
#600=ORIENTED_EDGE('',*,*,#1005,.T.);
#601=ORIENTED_EDGE('',*,*,#1006,.T.);
#602=ORIENTED_EDGE('',*,*,#1007,.T.);
#603=CARTESIAN_POINT('',(0.421849995,0.158800000581755,-1.30199448501039E-08));
#604=DIRECTION('',(0.0,-0.999999999999994,1.05348678514444E-07));
#605=DIRECTION('',(0.0,-1.05348678514444E-07,-0.999999999999994));
#606=ORIENTED_EDGE('',*,*,#1008,.F.);
#607=ORIENTED_EDGE('',*,*,#1009,.F.);
#608=ORIENTED_EDGE('',*,*,#1005,.F.);
#609=ORIENTED_EDGE('',*,*,#1010,.F.);
#610=CARTESIAN_POINT('',(0.370048739698468,0.110352098602939,-2.08752012087476E-08));
#611=DIRECTION('',(-0.705624386926538,0.708586074217187,-1.50600337253907E-07));
#612=DIRECTION('',(-2.13428475608486E-07,0.0,0.999999999999977));
#613=ORIENTED_EDGE('',*,*,#1011,.T.);
#614=ORIENTED_EDGE('',*,*,#1012,.F.);
#615=ORIENTED_EDGE('',*,*,#1013,.T.);
#616=ORIENTED_EDGE('',*,*,#1014,.F.);
#617=ORIENTED_EDGE('',*,*,#1015,.T.);
#618=ORIENTED_EDGE('',*,*,#1016,.T.);
#619=ORIENTED_EDGE('',*,*,#1017,.F.);
#620=ORIENTED_EDGE('',*,*,#1018,.T.);
#621=ORIENTED_EDGE('',*,*,#1019,.F.);
#622=ORIENTED_EDGE('',*,*,#1020,.F.);
#623=ORIENTED_EDGE('',*,*,#1021,.T.);
#624=ORIENTED_EDGE('',*,*,#1022,.T.);
#625=ORIENTED_EDGE('',*,*,#1023,.F.);
#626=ORIENTED_EDGE('',*,*,#1024,.T.);
#627=ORIENTED_EDGE('',*,*,#1025,.F.);
#628=ORIENTED_EDGE('',*,*,#1026,.F.);
#629=ORIENTED_EDGE('',*,*,#1027,.F.);
#630=ORIENTED_EDGE('',*,*,#1008,.T.);
#631=ORIENTED_EDGE('',*,*,#1028,.F.);
#632=ORIENTED_EDGE('',*,*,#1029,.T.);
#633=ORIENTED_EDGE('',*,*,#1030,.F.);
#634=ORIENTED_EDGE('',*,*,#1031,.T.);
#635=ORIENTED_EDGE('',*,*,#1032,.F.);
#636=ORIENTED_EDGE('',*,*,#1033,.T.);
#637=ORIENTED_EDGE('',*,*,#1014,.T.);
#638=ORIENTED_EDGE('',*,*,#1034,.T.);
#639=ORIENTED_EDGE('',*,*,#1012,.T.);
#640=ORIENTED_EDGE('',*,*,#1035,.T.);
#641=ORIENTED_EDGE('',*,*,#1036,.T.);
#642=ORIENTED_EDGE('',*,*,#1037,.T.);
#643=ORIENTED_EDGE('',*,*,#1038,.F.);
#644=ORIENTED_EDGE('',*,*,#1039,.T.);
#645=ORIENTED_EDGE('',*,*,#1040,.F.);
#646=ORIENTED_EDGE('',*,*,#1041,.F.);
#647=ORIENTED_EDGE('',*,*,#1042,.T.);
#648=ORIENTED_EDGE('',*,*,#1043,.T.);
#649=ORIENTED_EDGE('',*,*,#1044,.F.);
#650=ORIENTED_EDGE('',*,*,#1045,.T.);
#651=ORIENTED_EDGE('',*,*,#1046,.F.);
#652=ORIENTED_EDGE('',*,*,#1047,.F.);
#653=ORIENTED_EDGE('',*,*,#1048,.F.);
#654=ORIENTED_EDGE('',*,*,#1049,.T.);
#655=ORIENTED_EDGE('',*,*,#1050,.F.);
#656=ORIENTED_EDGE('',*,*,#1051,.T.);
#657=ORIENTED_EDGE('',*,*,#1052,.F.);
#658=ORIENTED_EDGE('',*,*,#1053,.T.);
#659=ORIENTED_EDGE('',*,*,#1054,.F.);
#660=ORIENTED_EDGE('',*,*,#1055,.T.);
#661=ORIENTED_EDGE('',*,*,#1034,.F.);
#662=ORIENTED_EDGE('',*,*,#1013,.F.);
#663=CARTESIAN_POINT('',(0.0419785427454056,-1.89281969720217E-07,-4.05771680395024E-07));
#664=DIRECTION('',(-0.999999992537803,-5.16293709161257E-05,-0.000110719469992398));
#665=DIRECTION('',(-0.000110719470139965,-1.09329445529928E-24,0.9999999938706));
#666=ORIENTED_EDGE('',*,*,#1035,.F.);
#667=ORIENTED_EDGE('',*,*,#1011,.F.);
#668=CARTESIAN_POINT('',(1.32100007399939,-0.020977267201755,0.0100167013703503));
#669=DIRECTION('',(0.999999992537803,5.16291284969215E-05,0.000110719583720654));
#670=DIRECTION('',(0.00011071958386822,0.0,-0.999999993870587));
#671=ORIENTED_EDGE('',*,*,#1037,.F.);
#672=ORIENTED_EDGE('',*,*,#1056,.T.);
#673=ORIENTED_EDGE('',*,*,#1057,.F.);
#674=ORIENTED_EDGE('',*,*,#1058,.F.);
#675=CARTESIAN_POINT('',(1.27,-0.107808221410603,3.06173043002067E-09));
#676=DIRECTION('',(1.0,0.0,0.0));
#677=DIRECTION('',(0.0,1.0,0.0));
#678=ORIENTED_EDGE('',*,*,#1059,.T.);
#679=ORIENTED_EDGE('',*,*,#1038,.T.);
#680=ORIENTED_EDGE('',*,*,#1058,.T.);
#681=ORIENTED_EDGE('',*,*,#1060,.T.);
#682=CARTESIAN_POINT('',(1.22226276067668,-0.107645317271845,0.00508000388854177));
#683=DIRECTION('',(-1.53707513715965E-16,-2.83997855720321E-08,-1.0));
#684=DIRECTION('',(-1.0,5.46959974473532E-40,1.53707513715965E-16));
#685=ORIENTED_EDGE('',*,*,#1057,.T.);
#686=ORIENTED_EDGE('',*,*,#1061,.T.);
#687=ORIENTED_EDGE('',*,*,#1062,.F.);
#688=ORIENTED_EDGE('',*,*,#1063,.F.);
#689=ORIENTED_EDGE('',*,*,#1064,.F.);
#690=ORIENTED_EDGE('',*,*,#1060,.F.);
#691=CARTESIAN_POINT('',(1.2446,-0.152400000555654,5.13123365249707E-05));
#692=DIRECTION('',(1.39870617275607E-15,0.999999999999999,-5.17696781747782E-08));
#693=DIRECTION('',(0.0,5.17696781747782E-08,0.999999999999999));
#694=ORIENTED_EDGE('',*,*,#1036,.F.);
#695=ORIENTED_EDGE('',*,*,#1065,.F.);
#696=ORIENTED_EDGE('',*,*,#1061,.F.);
#697=ORIENTED_EDGE('',*,*,#1056,.F.);
#698=CARTESIAN_POINT('',(1.21951942033459,-0.105081255050691,-0.00507999784715257));
#699=DIRECTION('',(7.93010482897622E-16,2.83997869994151E-08,1.0));
#700=DIRECTION('',(1.0,0.0,-7.93010482897622E-16));
#701=ORIENTED_EDGE('',*,*,#1065,.T.);
#702=ORIENTED_EDGE('',*,*,#1041,.T.);
#703=ORIENTED_EDGE('',*,*,#1066,.F.);
#704=ORIENTED_EDGE('',*,*,#1062,.T.);
#705=CARTESIAN_POINT('',(1.15548463563001,-0.104033446711591,-0.00304799755190477));
#706=DIRECTION('',(0.131019311758134,0.131314094313697,0.982644670560523));
#707=DIRECTION('',(0.991227897729103,0.0,-0.132163742242502));
#708=ORIENTED_EDGE('',*,*,#1066,.T.);
#709=ORIENTED_EDGE('',*,*,#1040,.T.);
#710=ORIENTED_EDGE('',*,*,#1067,.T.);
#711=ORIENTED_EDGE('',*,*,#1063,.T.);
#712=CARTESIAN_POINT('',(1.14173018211333,-0.105515658725819,2.95877323285183E-09));
#713=DIRECTION('',(-0.706311838615835,-0.707900831071057,-1.6069267957605E-07));
#714=DIRECTION('',(0.707900831071066,-0.706311838615844,0.0));
#715=ORIENTED_EDGE('',*,*,#1039,.F.);
#716=ORIENTED_EDGE('',*,*,#1059,.F.);
#717=ORIENTED_EDGE('',*,*,#1064,.T.);
#718=ORIENTED_EDGE('',*,*,#1067,.F.);
#719=CARTESIAN_POINT('',(1.15928448455342,-0.107824766256447,0.00304800353078384));
#720=DIRECTION('',(-0.131019310968024,-0.131314037708109,0.982644678230263));
#721=DIRECTION('',(0.991227897968655,-2.84741929921951E-18,0.132163740445866));
#722=ORIENTED_EDGE('',*,*,#1043,.F.);
#723=ORIENTED_EDGE('',*,*,#1068,.T.);
#724=ORIENTED_EDGE('',*,*,#1069,.F.);
#725=ORIENTED_EDGE('',*,*,#1070,.F.);
#726=CARTESIAN_POINT('',(1.27,-5.94857246745406E-09,-0.107774374975149));
#727=DIRECTION('',(1.0,0.0,0.0));
#728=DIRECTION('',(0.0,1.0,0.0));
#729=ORIENTED_EDGE('',*,*,#1071,.T.);
#730=ORIENTED_EDGE('',*,*,#1044,.T.);
#731=ORIENTED_EDGE('',*,*,#1070,.T.);
#732=ORIENTED_EDGE('',*,*,#1072,.T.);
#733=CARTESIAN_POINT('',(1.22224304834282,-0.00508000677070701,-0.107605821688659));
#734=DIRECTION('',(1.97279002673651E-16,0.999999999999999,-5.5194682513732E-08));
#735=DIRECTION('',(-1.0,1.97279002673651E-16,2.12602183648286E-39));
#736=ORIENTED_EDGE('',*,*,#1069,.T.);
#737=ORIENTED_EDGE('',*,*,#1073,.T.);
#738=ORIENTED_EDGE('',*,*,#1074,.F.);
#739=ORIENTED_EDGE('',*,*,#1075,.F.);
#740=ORIENTED_EDGE('',*,*,#1076,.F.);
#741=ORIENTED_EDGE('',*,*,#1072,.F.);
#742=CARTESIAN_POINT('',(1.2446,-5.13164200672694E-05,-0.152400000554279));
#743=DIRECTION('',(-0.0,7.85649466065046E-08,0.999999999999997));
#744=DIRECTION('',(1.0,0.0,0.0));
#745=ORIENTED_EDGE('',*,*,#1042,.F.);
#746=ORIENTED_EDGE('',*,*,#1077,.F.);
#747=ORIENTED_EDGE('',*,*,#1073,.F.);
#748=ORIENTED_EDGE('',*,*,#1068,.F.);
#749=CARTESIAN_POINT('',(1.21950949889882,0.00507999503288431,-0.105056377239442));
#750=DIRECTION('',(8.76431078573333E-16,-0.999999999999999,5.519468409276E-08));
#751=DIRECTION('',(1.0,8.76431078573334E-16,0.0));
#752=ORIENTED_EDGE('',*,*,#1077,.T.);
#753=ORIENTED_EDGE('',*,*,#1047,.T.);
#754=ORIENTED_EDGE('',*,*,#1078,.F.);
#755=ORIENTED_EDGE('',*,*,#1074,.T.);
#756=CARTESIAN_POINT('',(1.15384580676592,0.00304799485459089,-0.102398296532992));
#757=DIRECTION('',(0.131019311758162,-0.982644667041964,0.131314120643613));
#758=DIRECTION('',(0.991227897667103,0.132163742707503,2.84742109759658E-18));
#759=ORIENTED_EDGE('',*,*,#1078,.T.);
#760=ORIENTED_EDGE('',*,*,#1046,.T.);
#761=ORIENTED_EDGE('',*,*,#1079,.T.);
#762=ORIENTED_EDGE('',*,*,#1075,.T.);
#763=CARTESIAN_POINT('',(1.14170144264976,-5.78447172567414E-09,-0.1054869837724));
#764=DIRECTION('',(-0.706311838615815,1.41724732503012E-07,-0.707900831071081));
#765=DIRECTION('',(-0.707900831071088,0.0,0.706311838615822));
#766=ORIENTED_EDGE('',*,*,#1045,.F.);
#767=ORIENTED_EDGE('',*,*,#1071,.F.);
#768=ORIENTED_EDGE('',*,*,#1076,.T.);
#769=ORIENTED_EDGE('',*,*,#1079,.F.);
#770=CARTESIAN_POINT('',(1.15852512373405,-0.00304800637811872,-0.107067109857732));
#771=DIRECTION('',(-0.131019310968027,-0.982644681748808,-0.131314011378252));
#772=DIRECTION('',(0.99122789803065,-0.132163739980898,0.0));
#773=ORIENTED_EDGE('',*,*,#1049,.F.);
#774=ORIENTED_EDGE('',*,*,#1080,.F.);
#775=ORIENTED_EDGE('',*,*,#1081,.F.);
#776=ORIENTED_EDGE('',*,*,#1082,.F.);
#777=CARTESIAN_POINT('',(0.3700258230903,-1.79146229975502E-08,-0.110329277779641));
#778=DIRECTION('',(-0.705624386926546,-1.31616071402319E-07,-0.708586074217183));
#779=DIRECTION('',(-0.708586074217189,-1.14158744438722E-23,0.705624386926552));
#780=ORIENTED_EDGE('',*,*,#1083,.T.);
#781=ORIENTED_EDGE('',*,*,#1050,.T.);
#782=ORIENTED_EDGE('',*,*,#1082,.T.);
#783=ORIENTED_EDGE('',*,*,#1084,.F.);
#784=CARTESIAN_POINT('',(0.3975169931019,0.00196903771250861,-0.11058954716402));
#785=DIRECTION('',(3.36536354339501E-16,0.999685673546302,-0.0250709813584474));
#786=DIRECTION('',(-1.0,3.36642169878924E-16,1.93139814933632E-33));
#787=ORIENTED_EDGE('',*,*,#1084,.T.);
#788=ORIENTED_EDGE('',*,*,#1081,.T.);
#789=ORIENTED_EDGE('',*,*,#1085,.T.);
#790=ORIENTED_EDGE('',*,*,#1086,.T.);
#791=CARTESIAN_POINT('',(0.421849995,-7.60876566042054E-06,-0.158800000581158));
#792=DIRECTION('',(-0.0,7.85591883914195E-08,0.999999999999997));
#793=DIRECTION('',(1.0,0.0,0.0));
#794=ORIENTED_EDGE('',*,*,#1080,.T.);
#795=ORIENTED_EDGE('',*,*,#1048,.T.);
#796=ORIENTED_EDGE('',*,*,#1087,.T.);
#797=ORIENTED_EDGE('',*,*,#1085,.F.);
#798=CARTESIAN_POINT('',(0.39751656055869,-0.00196909511831808,-0.110588689444189));
#799=DIRECTION('',(-2.16840434497101E-16,-0.999685681688751,-0.025070656682617));
#800=DIRECTION('',(1.0,-2.16908612845986E-16,9.65686568610081E-34));
#801=ORIENTED_EDGE('',*,*,#1051,.F.);
#802=ORIENTED_EDGE('',*,*,#1083,.F.);
#803=ORIENTED_EDGE('',*,*,#1086,.F.);
#804=ORIENTED_EDGE('',*,*,#1087,.F.);
#805=CARTESIAN_POINT('',(0.425,-6.13114595225672E-09,-0.111082508504309));
#806=DIRECTION('',(1.0,0.0,0.0));
#807=DIRECTION('',(0.0,1.0,0.0));
#808=ORIENTED_EDGE('',*,*,#1053,.F.);
#809=ORIENTED_EDGE('',*,*,#1088,.F.);
#810=ORIENTED_EDGE('',*,*,#1089,.F.);
#811=ORIENTED_EDGE('',*,*,#1090,.F.);
#812=CARTESIAN_POINT('',(0.370034659401659,-0.110338077157746,1.4959554404748E-08));
#813=DIRECTION('',(-0.705624386926564,-0.708586074217168,1.12629545685522E-07));
#814=DIRECTION('',(0.708586074217172,-0.705624386926569,0.0));
#815=ORIENTED_EDGE('',*,*,#1091,.T.);
#816=ORIENTED_EDGE('',*,*,#1054,.T.);
#817=ORIENTED_EDGE('',*,*,#1090,.T.);
#818=ORIENTED_EDGE('',*,*,#1092,.F.);
#819=CARTESIAN_POINT('',(0.397520979636848,-0.110597445547258,-0.00196884259215128));
#820=DIRECTION('',(8.67361737988404E-17,0.0250709545719729,0.999685674218076));
#821=DIRECTION('',(1.0,0.0,-8.67634457867797E-17));
#822=ORIENTED_EDGE('',*,*,#1092,.T.);
#823=ORIENTED_EDGE('',*,*,#1089,.T.);
#824=ORIENTED_EDGE('',*,*,#1093,.T.);
#825=ORIENTED_EDGE('',*,*,#1094,.T.);
#826=CARTESIAN_POINT('',(0.421849995,-0.158800000581362,7.60451063072064E-06));
#827=DIRECTION('',(0.0,0.999999999999999,-5.17697350636929E-08));
#828=DIRECTION('',(0.0,5.17697350636929E-08,0.999999999999999));
#829=ORIENTED_EDGE('',*,*,#1088,.T.);
#830=ORIENTED_EDGE('',*,*,#1052,.T.);
#831=ORIENTED_EDGE('',*,*,#1095,.T.);
#832=ORIENTED_EDGE('',*,*,#1093,.F.);
#833=CARTESIAN_POINT('',(0.397521704465367,-0.110598881008758,0.00196883656660268));
#834=DIRECTION('',(-3.72965547335014E-16,0.0250706834690896,-0.999685681016985));
#835=DIRECTION('',(-1.0,-1.93137520077495E-33,3.73082814345799E-16));
#836=ORIENTED_EDGE('',*,*,#1055,.F.);
#837=ORIENTED_EDGE('',*,*,#1091,.F.);
#838=ORIENTED_EDGE('',*,*,#1094,.F.);
#839=ORIENTED_EDGE('',*,*,#1095,.F.);
#840=CARTESIAN_POINT('',(0.425,-0.111093705310269,3.15501955842207E-09));
#841=DIRECTION('',(1.0,0.0,0.0));
#842=DIRECTION('',(0.0,1.0,0.0));
#843=ORIENTED_EDGE('',*,*,#1016,.F.);
#844=ORIENTED_EDGE('',*,*,#1096,.T.);
#845=ORIENTED_EDGE('',*,*,#1097,.F.);
#846=ORIENTED_EDGE('',*,*,#1098,.F.);
#847=CARTESIAN_POINT('',(1.27,1.73184501184309E-10,0.107910566149333));
#848=DIRECTION('',(1.0,0.0,0.0));
#849=DIRECTION('',(0.0,0.0,-1.0));
#850=ORIENTED_EDGE('',*,*,#1099,.T.);
#851=ORIENTED_EDGE('',*,*,#1017,.T.);
#852=ORIENTED_EDGE('',*,*,#1098,.T.);
#853=ORIENTED_EDGE('',*,*,#1100,.F.);
#854=CARTESIAN_POINT('',(1.22230559919065,0.00508000100433428,0.107731148252428));
#855=DIRECTION('',(-1.77579676294937E-16,-1.0,1.60489115237064E-09));
#856=DIRECTION('',(0.0,-1.60489115237064E-09,-1.0));
#857=ORIENTED_EDGE('',*,*,#1097,.T.);
#858=ORIENTED_EDGE('',*,*,#1101,.T.);
#859=ORIENTED_EDGE('',*,*,#1102,.F.);
#860=ORIENTED_EDGE('',*,*,#1103,.F.);
#861=ORIENTED_EDGE('',*,*,#1104,.F.);
#862=ORIENTED_EDGE('',*,*,#1100,.T.);
#863=CARTESIAN_POINT('',(1.2446,2.44585149911103E-10,0.152400000558305));
#864=DIRECTION('',(-0.0,-2.49753877457067E-08,-1.0));
#865=DIRECTION('',(-1.0,0.0,0.0));
#866=ORIENTED_EDGE('',*,*,#1015,.F.);
#867=ORIENTED_EDGE('',*,*,#1105,.F.);
#868=ORIENTED_EDGE('',*,*,#1101,.F.);
#869=ORIENTED_EDGE('',*,*,#1096,.F.);
#870=CARTESIAN_POINT('',(1.2164774746549,-0.00508000066855689,0.101490387205898));
#871=DIRECTION('',(-2.49185679101388E-16,-1.0,1.60488916408995E-09));
#872=DIRECTION('',(0.0,-1.60488916408995E-09,-1.0));
#873=ORIENTED_EDGE('',*,*,#1105,.T.);
#874=ORIENTED_EDGE('',*,*,#1020,.T.);
#875=ORIENTED_EDGE('',*,*,#1106,.F.);
#876=ORIENTED_EDGE('',*,*,#1102,.T.);
#877=CARTESIAN_POINT('',(1.15097128901883,-0.00304800034669741,0.0995302309203962));
#878=DIRECTION('',(0.131019311758125,0.982644674079068,-0.131314067983857));
#879=DIRECTION('',(0.0,0.132455861859968,0.991188904628645));
#880=ORIENTED_EDGE('',*,*,#1106,.T.);
#881=ORIENTED_EDGE('',*,*,#1019,.T.);
#882=ORIENTED_EDGE('',*,*,#1107,.T.);
#883=ORIENTED_EDGE('',*,*,#1103,.T.);
#884=CARTESIAN_POINT('',(1.13923733700496,1.27500254937241E-10,0.103028409192265));
#885=DIRECTION('',(0.706311838615701,1.79665723769142E-07,-0.707900831071186));
#886=DIRECTION('',(-0.707900831071198,1.55835174425347E-23,-0.706311838615712));
#887=ORIENTED_EDGE('',*,*,#1018,.F.);
#888=ORIENTED_EDGE('',*,*,#1099,.F.);
#889=ORIENTED_EDGE('',*,*,#1104,.T.);
#890=ORIENTED_EDGE('',*,*,#1107,.F.);
#891=CARTESIAN_POINT('',(1.1593701683156,0.0030480006417675,0.107910257769894));
#892=DIRECTION('',(-0.131019310968004,0.982644674711713,0.131314064038019));
#893=DIRECTION('',(-2.84102843178128E-18,-0.132455857865869,0.99118890516239));
#894=ORIENTED_EDGE('',*,*,#1022,.F.);
#895=ORIENTED_EDGE('',*,*,#1108,.T.);
#896=ORIENTED_EDGE('',*,*,#1109,.F.);
#897=ORIENTED_EDGE('',*,*,#1110,.F.);
#898=CARTESIAN_POINT('',(1.27,0.10787019274361,-8.84423144109636E-09));
#899=DIRECTION('',(1.0,0.0,0.0));
#900=DIRECTION('',(0.0,0.0,-1.0));
#901=ORIENTED_EDGE('',*,*,#1111,.T.);
#902=ORIENTED_EDGE('',*,*,#1023,.T.);
#903=ORIENTED_EDGE('',*,*,#1110,.T.);
#904=ORIENTED_EDGE('',*,*,#1112,.T.);
#905=CARTESIAN_POINT('',(1.22228553019387,0.107690937790506,-0.00508000966097215));
#906=DIRECTION('',(2.44176116430597E-16,8.19895781001616E-08,0.999999999999997));
#907=DIRECTION('',(1.0,-3.15812367181554E-39,-2.44176116430597E-16));
#908=ORIENTED_EDGE('',*,*,#1109,.T.);
#909=ORIENTED_EDGE('',*,*,#1113,.T.);
#910=ORIENTED_EDGE('',*,*,#1114,.T.);
#911=ORIENTED_EDGE('',*,*,#1112,.F.);
#912=CARTESIAN_POINT('',(1.2446,0.15240000055831,-1.249521154989E-08));
#913=DIRECTION('',(0.0,-0.999999999999994,1.05360221224815E-07));
#914=DIRECTION('',(0.0,-1.05360221224815E-07,-0.999999999999994));
#915=ORIENTED_EDGE('',*,*,#1021,.F.);
#916=ORIENTED_EDGE('',*,*,#1115,.F.);
#917=ORIENTED_EDGE('',*,*,#1113,.F.);
#918=ORIENTED_EDGE('',*,*,#1108,.F.);
#919=CARTESIAN_POINT('',(1.2164774746549,0.101490387614255,0.00507999251028385));
#920=DIRECTION('',(-4.59915497302277E-16,8.19895760499703E-08,0.999999999999997));
#921=DIRECTION('',(1.0,-6.31624718569009E-39,4.59915497302278E-16));
#922=ORIENTED_EDGE('',*,*,#1115,.T.);
#923=ORIENTED_EDGE('',*,*,#1026,.T.);
#924=ORIENTED_EDGE('',*,*,#1116,.F.);
#925=ORIENTED_EDGE('',*,*,#1117,.T.);
#926=ORIENTED_EDGE('',*,*,#1025,.T.);
#927=ORIENTED_EDGE('',*,*,#1118,.T.);
#928=ORIENTED_EDGE('',*,*,#1119,.T.);
#929=ORIENTED_EDGE('',*,*,#1116,.T.);
#930=ORIENTED_EDGE('',*,*,#1024,.F.);
#931=ORIENTED_EDGE('',*,*,#1111,.F.);
#932=ORIENTED_EDGE('',*,*,#1120,.T.);
#933=ORIENTED_EDGE('',*,*,#1118,.F.);
#934=ORIENTED_EDGE('',*,*,#1119,.F.);
#935=ORIENTED_EDGE('',*,*,#1120,.F.);
#936=ORIENTED_EDGE('',*,*,#1114,.F.);
#937=ORIENTED_EDGE('',*,*,#1117,.F.);
#938=ORIENTED_EDGE('',*,*,#1121,.T.);
#939=ORIENTED_EDGE('',*,*,#1028,.T.);
#940=ORIENTED_EDGE('',*,*,#1010,.T.);
#941=ORIENTED_EDGE('',*,*,#1004,.F.);
#942=CARTESIAN_POINT('',(0.397528939438403,0.110613216236459,0.00196844115650603));
#943=DIRECTION('',(-8.55874893045232E-16,-0.0250710081449168,-0.999685672874528));
#944=DIRECTION('',(-1.0,0.0,8.56144002328475E-16));
#945=ORIENTED_EDGE('',*,*,#1029,.F.);
#946=ORIENTED_EDGE('',*,*,#1121,.F.);
#947=ORIENTED_EDGE('',*,*,#1007,.F.);
#948=ORIENTED_EDGE('',*,*,#1122,.F.);
#949=CARTESIAN_POINT('',(0.425,0.111112175104973,-9.11002227918512E-09));
#950=DIRECTION('',(1.0,0.0,0.0));
#951=DIRECTION('',(0.0,0.0,-1.0));
#952=ORIENTED_EDGE('',*,*,#1009,.T.);
#953=ORIENTED_EDGE('',*,*,#1027,.T.);
#954=ORIENTED_EDGE('',*,*,#1122,.T.);
#955=ORIENTED_EDGE('',*,*,#1006,.F.);
#956=CARTESIAN_POINT('',(0.397528018595568,0.110611390953805,-0.00196852876011407));
#957=DIRECTION('',(-1.42724895891576E-15,-0.0250706298961435,0.999685682360516));
#958=DIRECTION('',(1.0,-7.72548429466123E-33,1.4276977094897E-15));
#959=ORIENTED_EDGE('',*,*,#1031,.F.);
#960=ORIENTED_EDGE('',*,*,#1123,.F.);
#961=ORIENTED_EDGE('',*,*,#1124,.F.);
#962=ORIENTED_EDGE('',*,*,#1125,.F.);
#963=CARTESIAN_POINT('',(0.370059104427216,1.20057050703726E-08,0.110362420010083));
#964=DIRECTION('',(-0.705624386926531,9.36413345107814E-08,0.708586074217204));
#965=DIRECTION('',(0.708586074217207,0.0,0.705624386926534));
#966=ORIENTED_EDGE('',*,*,#1126,.T.);
#967=ORIENTED_EDGE('',*,*,#1032,.T.);
#968=ORIENTED_EDGE('',*,*,#1125,.T.);
#969=ORIENTED_EDGE('',*,*,#1127,.F.);
#970=CARTESIAN_POINT('',(0.397533201806984,-0.00196823825908211,0.110621661017477));
#971=DIRECTION('',(-8.09973226724993E-16,0.99968567488985,-0.0250709277854967));
#972=DIRECTION('',(0.0,0.0250709277854967,0.99968567488985));
#973=ORIENTED_EDGE('',*,*,#1127,.T.);
#974=ORIENTED_EDGE('',*,*,#1124,.T.);
#975=ORIENTED_EDGE('',*,*,#1128,.T.);
#976=ORIENTED_EDGE('',*,*,#1129,.T.);
#977=CARTESIAN_POINT('',(0.421849995,2.54856400011549E-10,0.158800000581755));
#978=DIRECTION('',(-0.0,-2.49671136475107E-08,-1.0));
#979=DIRECTION('',(-1.0,0.0,0.0));
#980=ORIENTED_EDGE('',*,*,#1123,.T.);
#981=ORIENTED_EDGE('',*,*,#1030,.T.);
#982=ORIENTED_EDGE('',*,*,#1130,.T.);
#983=ORIENTED_EDGE('',*,*,#1128,.F.);
#984=CARTESIAN_POINT('',(0.397533477291205,0.0019682486387437,0.110622206308447));
#985=DIRECTION('',(8.1636880321884E-16,-0.999685680345218,-0.0250707102555658));
#986=DIRECTION('',(0.0,0.0250707102555658,-0.999685680345218));
#987=ORIENTED_EDGE('',*,*,#1033,.F.);
#988=ORIENTED_EDGE('',*,*,#1126,.F.);
#989=ORIENTED_EDGE('',*,*,#1129,.F.);
#990=ORIENTED_EDGE('',*,*,#1130,.F.);
#991=CARTESIAN_POINT('',(0.425,1.78325551408731E-10,0.111125094349706));
#992=DIRECTION('',(1.0,0.0,0.0));
#993=DIRECTION('',(0.0,0.0,-1.0));
#994=VERTEX_POINT('',#1131);
#995=VERTEX_POINT('',#1132);
#996=LINE('',#1133,#1134);
#997=VERTEX_POINT('',#1135);
#998=CIRCLE('',#1136,6.72457712206678);
#999=VERTEX_POINT('',#1137);
#1000=LINE('',#1138,#1139);
#1001=CIRCLE('',#1140,6.72457712206678);
#1002=CIRCLE('',#1141,6.72457712206678);
#1003=CIRCLE('',#1142,6.72457712206678);
#1004=EDGE_CURVE('3:184',#1143,#1144,#1145,.T.);
#1005=EDGE_CURVE('3:187',#1144,#1146,#1147,.T.);
#1006=EDGE_CURVE('3:190',#1146,#1148,#1149,.T.);
#1007=EDGE_CURVE('3:193',#1148,#1143,#1150,.T.);
#1008=EDGE_CURVE('3:196',#1151,#1152,#1153,.T.);
#1009=EDGE_CURVE('3:199',#1146,#1151,#1154,.T.);
#1010=EDGE_CURVE('3:202',#1152,#1144,#1155,.T.);
#1011=EDGE_CURVE('3:205',#1156,#1157,#1158,.T.);
#1012=EDGE_CURVE('3:208',#1159,#1157,#1160,.T.);
#1013=EDGE_CURVE('3:211',#1159,#1161,#1162,.T.);
#1014=EDGE_CURVE('3:214',#1156,#1161,#1163,.T.);
#1015=EDGE_CURVE('3:217',#1164,#1165,#1166,.T.);
#1016=EDGE_CURVE('3:220',#1165,#1167,#1168,.T.);
#1017=EDGE_CURVE('3:223',#1169,#1167,#1170,.T.);
#1018=EDGE_CURVE('3:226',#1169,#1171,#1172,.T.);
#1019=EDGE_CURVE('3:229',#1173,#1171,#1174,.T.);
#1020=EDGE_CURVE('3:232',#1164,#1173,#1175,.T.);
#1021=EDGE_CURVE('3:235',#1176,#1177,#1178,.T.);
#1022=EDGE_CURVE('3:238',#1177,#1179,#1180,.T.);
#1023=EDGE_CURVE('3:241',#1181,#1179,#1182,.T.);
#1024=EDGE_CURVE('3:244',#1181,#1183,#1184,.T.);
#1025=EDGE_CURVE('3:247',#1185,#1183,#1186,.T.);
#1026=EDGE_CURVE('3:250',#1176,#1185,#1187,.T.);
#1027=EDGE_CURVE('3:253',#1151,#1188,#1189,.T.);
#1028=EDGE_CURVE('3:256',#1190,#1152,#1191,.T.);
#1029=EDGE_CURVE('3:259',#1190,#1188,#1192,.T.);
#1030=EDGE_CURVE('3:262',#1193,#1194,#1195,.T.);
#1031=EDGE_CURVE('3:265',#1193,#1196,#1197,.T.);
#1032=EDGE_CURVE('3:268',#1198,#1196,#1199,.T.);
#1033=EDGE_CURVE('3:271',#1198,#1194,#1200,.T.);
#1034=EDGE_CURVE('3:274',#1161,#1159,#1201,.T.);
#1035=EDGE_CURVE('3:277',#1157,#1156,#1202,.T.);
#1036=EDGE_CURVE('3:280',#1203,#1204,#1205,.T.);
#1037=EDGE_CURVE('3:283',#1204,#1206,#1207,.F.);
#1038=EDGE_CURVE('3:286',#1208,#1206,#1209,.T.);
#1039=EDGE_CURVE('3:289',#1208,#1210,#1211,.T.);
#1040=EDGE_CURVE('3:292',#1212,#1210,#1213,.F.);
#1041=EDGE_CURVE('3:295',#1203,#1212,#1214,.F.);
#1042=EDGE_CURVE('3:298',#1215,#1216,#1217,.T.);
#1043=EDGE_CURVE('3:301',#1216,#1218,#1219,.F.);
#1044=EDGE_CURVE('3:304',#1220,#1218,#1221,.T.);
#1045=EDGE_CURVE('3:307',#1220,#1222,#1223,.T.);
#1046=EDGE_CURVE('3:310',#1224,#1222,#1225,.F.);
#1047=EDGE_CURVE('3:313',#1215,#1224,#1226,.F.);
#1048=EDGE_CURVE('3:316',#1227,#1228,#1229,.T.);
#1049=EDGE_CURVE('3:319',#1227,#1230,#1231,.F.);
#1050=EDGE_CURVE('3:322',#1232,#1230,#1233,.F.);
#1051=EDGE_CURVE('3:325',#1232,#1228,#1234,.T.);
#1052=EDGE_CURVE('3:328',#1235,#1236,#1237,.T.);
#1053=EDGE_CURVE('3:331',#1235,#1238,#1239,.F.);
#1054=EDGE_CURVE('3:334',#1240,#1238,#1241,.F.);
#1055=EDGE_CURVE('3:337',#1240,#1236,#1242,.T.);
#1056=EDGE_CURVE('3:340',#1204,#1243,#1244,.T.);
#1057=EDGE_CURVE('3:343',#1245,#1243,#1246,.F.);
#1058=EDGE_CURVE('3:346',#1206,#1245,#1247,.T.);
#1059=EDGE_CURVE('3:349',#1248,#1208,#1249,.T.);
#1060=EDGE_CURVE('3:352',#1245,#1248,#1250,.F.);
#1061=EDGE_CURVE('3:355',#1243,#1251,#1252,.F.);
#1062=EDGE_CURVE('3:358',#1253,#1251,#1254,.T.);
#1063=EDGE_CURVE('3:361',#1255,#1253,#1256,.T.);
#1064=EDGE_CURVE('3:364',#1248,#1255,#1257,.F.);
#1065=EDGE_CURVE('3:367',#1251,#1203,#1258,.T.);
#1066=EDGE_CURVE('3:370',#1253,#1212,#1259,.F.);
#1067=EDGE_CURVE('3:373',#1210,#1255,#1260,.F.);
#1068=EDGE_CURVE('3:376',#1216,#1261,#1262,.T.);
#1069=EDGE_CURVE('3:379',#1263,#1261,#1264,.F.);
#1070=EDGE_CURVE('3:382',#1218,#1263,#1265,.T.);
#1071=EDGE_CURVE('3:385',#1266,#1220,#1267,.T.);
#1072=EDGE_CURVE('3:388',#1263,#1266,#1268,.F.);
#1073=EDGE_CURVE('3:391',#1261,#1269,#1270,.F.);
#1074=EDGE_CURVE('3:394',#1271,#1269,#1272,.T.);
#1075=EDGE_CURVE('3:397',#1273,#1271,#1274,.T.);
#1076=EDGE_CURVE('3:400',#1266,#1273,#1275,.F.);
#1077=EDGE_CURVE('3:403',#1269,#1215,#1276,.T.);
#1078=EDGE_CURVE('3:406',#1271,#1224,#1277,.F.);
#1079=EDGE_CURVE('3:409',#1222,#1273,#1278,.F.);
#1080=EDGE_CURVE('3:412',#1279,#1227,#1280,.T.);
#1081=EDGE_CURVE('3:415',#1281,#1279,#1282,.T.);
#1082=EDGE_CURVE('3:418',#1230,#1281,#1283,.T.);
#1083=EDGE_CURVE('3:421',#1284,#1232,#1285,.F.);
#1084=EDGE_CURVE('3:424',#1284,#1281,#1286,.T.);
#1085=EDGE_CURVE('3:427',#1279,#1287,#1288,.T.);
#1086=EDGE_CURVE('3:430',#1287,#1284,#1289,.F.);
#1087=EDGE_CURVE('3:433',#1228,#1287,#1290,.F.);
#1088=EDGE_CURVE('3:436',#1291,#1235,#1292,.T.);
#1089=EDGE_CURVE('3:439',#1293,#1291,#1294,.T.);
#1090=EDGE_CURVE('3:442',#1238,#1293,#1295,.T.);
#1091=EDGE_CURVE('3:445',#1296,#1240,#1297,.F.);
#1092=EDGE_CURVE('3:448',#1296,#1293,#1298,.T.);
#1093=EDGE_CURVE('3:451',#1291,#1299,#1300,.T.);
#1094=EDGE_CURVE('3:454',#1299,#1296,#1301,.F.);
#1095=EDGE_CURVE('3:457',#1236,#1299,#1302,.F.);
#1096=EDGE_CURVE('3:460',#1165,#1303,#1304,.T.);
#1097=EDGE_CURVE('3:463',#1305,#1303,#1306,.T.);
#1098=EDGE_CURVE('3:466',#1167,#1305,#1307,.T.);
#1099=EDGE_CURVE('3:469',#1308,#1169,#1309,.T.);
#1100=EDGE_CURVE('3:472',#1308,#1305,#1310,.T.);
#1101=EDGE_CURVE('3:475',#1303,#1311,#1312,.T.);
#1102=EDGE_CURVE('3:478',#1313,#1311,#1314,.T.);
#1103=EDGE_CURVE('3:481',#1315,#1313,#1316,.T.);
#1104=EDGE_CURVE('3:484',#1308,#1315,#1317,.T.);
#1105=EDGE_CURVE('3:487',#1311,#1164,#1318,.T.);
#1106=EDGE_CURVE('3:490',#1313,#1173,#1319,.T.);
#1107=EDGE_CURVE('3:493',#1171,#1315,#1320,.T.);
#1108=EDGE_CURVE('3:496',#1177,#1321,#1322,.T.);
#1109=EDGE_CURVE('3:499',#1323,#1321,#1324,.T.);
#1110=EDGE_CURVE('3:502',#1179,#1323,#1325,.T.);
#1111=EDGE_CURVE('3:505',#1326,#1181,#1327,.T.);
#1112=EDGE_CURVE('3:508',#1323,#1326,#1328,.T.);
#1113=EDGE_CURVE('3:511',#1321,#1329,#1330,.T.);
#1114=EDGE_CURVE('3:514',#1329,#1326,#1331,.T.);
#1115=EDGE_CURVE('3:517',#1329,#1176,#1332,.T.);
#1116=EDGE_CURVE('3:520',#1333,#1185,#1334,.T.);
#1117=EDGE_CURVE('3:523',#1333,#1329,#1335,.T.);
#1118=EDGE_CURVE('3:526',#1183,#1336,#1337,.T.);
#1119=EDGE_CURVE('3:529',#1336,#1333,#1338,.T.);
#1120=EDGE_CURVE('3:532',#1326,#1336,#1339,.T.);
#1121=EDGE_CURVE('3:535',#1143,#1190,#1340,.T.);
#1122=EDGE_CURVE('3:538',#1188,#1148,#1341,.T.);
#1123=EDGE_CURVE('3:541',#1342,#1193,#1343,.T.);
#1124=EDGE_CURVE('3:544',#1344,#1342,#1345,.T.);
#1125=EDGE_CURVE('3:547',#1196,#1344,#1346,.T.);
#1126=EDGE_CURVE('3:550',#1347,#1198,#1348,.T.);
#1127=EDGE_CURVE('3:553',#1347,#1344,#1349,.T.);
#1128=EDGE_CURVE('3:556',#1342,#1350,#1351,.T.);
#1129=EDGE_CURVE('3:559',#1350,#1347,#1352,.T.);
#1130=EDGE_CURVE('3:562',#1194,#1350,#1353,.T.);
#1131=CARTESIAN_POINT('',(-6.95802310854197,6.72457712206678,0.0));
#1132=CARTESIAN_POINT('',(16.3210078477859,6.72457712206678,0.0));
#1133=CARTESIAN_POINT('',(-6.95802310854197,6.72457712206678,-8.2352318481586E-16));
#1134=VECTOR('',#1354,1.0);
#1135=CARTESIAN_POINT('',(-6.95802310854197,-6.72457712206678,8.2352318481586E-16));
#1136=AXIS2_PLACEMENT_3D('',#1355,#1356,#1357);
#1137=CARTESIAN_POINT('',(16.3210078477859,-6.72457712206678,8.2352318481586E-16));
#1138=CARTESIAN_POINT('',(-6.95802310854197,-6.72457712206678,8.2352318481586E-16));
#1139=VECTOR('',#1358,1.0);
#1140=AXIS2_PLACEMENT_3D('',#1359,#1360,#1361);
#1141=AXIS2_PLACEMENT_3D('',#1362,#1363,#1364);
#1142=AXIS2_PLACEMENT_3D('',#1365,#1366,#1367);
#1143=VERTEX_POINT('',#1368);
#1144=VERTEX_POINT('',#1369);
#1145=LINE('',#1370,#1371);
#1146=VERTEX_POINT('',#1372);
#1147=LINE('',#1373,#1374);
#1148=VERTEX_POINT('',#1375);
#1149=LINE('',#1376,#1377);
#1150=LINE('',#1378,#1379);
#1151=VERTEX_POINT('',#1380);
#1152=VERTEX_POINT('',#1381);
#1153=B_SPLINE_CURVE_WITH_KNOTS('',3,(#1382,#1383,#1384,#1385,#1386,#1387,#1388,#1389,#1390,#1391,#1392,#1393,#1394),.UNSPECIFIED.,.F.,.F.,(4,3,3,3,4),(0.0,1.0,2.0,3.0,4.0),.UNSPECIFIED.);
#1154=B_SPLINE_CURVE_WITH_KNOTS('',3,(#1395,#1396,#1397,#1398,#1399,#1400,#1401),.UNSPECIFIED.,.F.,.F.,(4,3,4),(0.0,0.99999999999993,1.99999999999981),.UNSPECIFIED.);
#1155=B_SPLINE_CURVE_WITH_KNOTS('',3,(#1402,#1403,#1404,#1405,#1406,#1407,#1408,#1409,#1410,#1411,#1412,#1413,#1414,#1415,#1416,#1417),.UNSPECIFIED.,.F.,.F.,(4,3,3,3,3,4),(0.0,1.0,2.0,3.0,4.0,5.0),.UNSPECIFIED.);
#1156=VERTEX_POINT('',#1418);
#1157=VERTEX_POINT('',#1419);
#1158=B_SPLINE_CURVE_WITH_KNOTS('',3,(#1420,#1421,#1422,#1423,#1424,#1425,#1426,#1427,#1428,#1429,#1430,#1431,#1432,#1433,#1434,#1435,#1436,#1437,#1438,#1439,#1440,#1441,#1442,#1443,#1444,#1445,#1446,#1447,#1448,#1449,#1450,#1451,#1452,#1453,#1454,#1455,#1456,#1457,#1458,#1459,#1460,#1461,#1462,#1463,#1464,#1465,#1466,#1467,#1468,#1469,#1470,#1471,#1472,#1473,#1474,#1475,#1476,#1477,#1478,#1479,#1480,#1481,#1482,#1483,#1484,#1485,#1486,#1487,#1488,#1489,#1490,#1491,#1492,#1493,#1494,#1495,#1496,#1497,#1498,#1499,#1500,#1501,#1502,#1503,#1504,#1505,#1506,#1507,#1508,#1509,#1510,#1511,#1512,#1513,#1514,#1515,#1516,#1517,#1518,#1519,#1520,#1521,#1522,#1523,#1524,#1525,#1526,#1527,#1528,#1529,#1530,#1531,#1532,#1533,#1534,#1535,#1536,#1537,#1538,#1539,#1540,#1541,#1542,#1543,#1544,#1545,#1546,#1547,#1548,#1549,#1550,#1551,#1552,#1553,#1554,#1555,#1556,#1557,#1558,#1559,#1560,#1561,#1562,#1563,#1564,#1565,#1566,#1567,#1568,#1569,#1570,#1571,#1572,#1573,#1574,#1575,#1576,#1577,#1578,#1579,#1580,#1581,#1582,#1583,#1584,#1585,#1586,#1587,#1588,#1589,#1590,#1591,#1592,#1593,#1594,#1595,#1596,#1597,#1598,#1599,#1600,#1601,#1602,#1603,#1604,#1605,#1606,#1607,#1608,#1609,#1610,#1611,#1612,#1613,#1614,#1615,#1616,#1617,#1618,#1619,#1620,#1621,#1622,#1623,#1624,#1625,#1626,#1627,#1628,#1629,#1630,#1631,#1632,#1633,#1634,#1635,#1636,#1637,#1638,#1639,#1640,#1641,#1642,#1643,#1644,#1645,#1646,#1647,#1648,#1649,#1650,#1651,#1652,#1653,#1654,#1655,#1656,#1657,#1658,#1659,#1660,#1661,#1662,#1663,#1664,#1665,#1666,#1667,#1668,#1669,#1670,#1671,#1672,#1673,#1674,#1675,#1676,#1677,#1678,#1679,#1680,#1681,#1682,#1683,#1684,#1685,#1686,#1687,#1688,#1689,#1690,#1691,#1692,#1693,#1694,#1695,#1696,#1697,#1698,#1699,#1700,#1701,#1702,#1703,#1704,#1705,#1706,#1707,#1708,#1709,#1710,#1711,#1712,#1713,#1714,#1715,#1716,#1717,#1718,#1719,#1720,#1721,#1722,#1723,#1724,#1725,#1726,#1727,#1728,#1729,#1730,#1731,#1732,#1733,#1734,#1735,#1736,#1737,#1738,#1739,#1740,#1741,#1742,#1743,#1744,#1745,#1746,#1747,#1748,#1749,#1750,#1751,#1752,#1753,#1754,#1755,#1756,#1757,#1758,#1759,#1760,#1761,#1762,#1763,#1764,#1765,#1766,#1767,#1768,#1769,#1770,#1771,#1772,#1773,#1774,#1775,#1776,#1777,#1778,#1779,#1780,#1781,#1782,#1783,#1784,#1785,#1786,#1787,#1788,#1789,#1790,#1791,#1792,#1793,#1794,#1795,#1796,#1797,#1798,#1799,#1800,#1801,#1802,#1803,#1804,#1805,#1806,#1807,#1808,#1809,#1810,#1811,#1812,#1813,#1814,#1815,#1816,#1817,#1818,#1819,#1820,#1821,#1822,#1823,#1824,#1825,#1826,#1827,#1828,#1829,#1830,#1831,#1832,#1833,#1834,#1835,#1836,#1837,#1838,#1839,#1840,#1841,#1842,#1843,#1844,#1845,#1846,#1847,#1848,#1849,#1850,#1851,#1852,#1853,#1854,#1855,#1856,#1857,#1858,#1859,#1860,#1861,#1862,#1863,#1864,#1865,#1866,#1867,#1868,#1869,#1870,#1871,#1872,#1873,#1874,#1875,#1876,#1877,#1878,#1879,#1880,#1881,#1882,#1883,#1884,#1885,#1886,#1887,#1888,#1889,#1890,#1891,#1892,#1893,#1894,#1895,#1896,#1897,#1898,#1899,#1900,#1901,#1902,#1903,#1904,#1905,#1906,#1907,#1908,#1909,#1910,#1911,#1912,#1913,#1914,#1915,#1916,#1917,#1918,#1919,#1920,#1921,#1922,#1923,#1924,#1925,#1926,#1927,#1928,#1929,#1930,#1931,#1932,#1933,#1934,#1935,#1936,#1937,#1938,#1939,#1940,#1941,#1942,#1943,#1944,#1945,#1946,#1947,#1948,#1949,#1950,#1951,#1952,#1953,#1954,#1955,#1956,#1957,#1958,#1959,#1960,#1961,#1962,#1963,#1964,#1965,#1966,#1967,#1968,#1969,#1970,#1971,#1972,#1973,#1974,#1975,#1976,#1977,#1978,#1979,#1980,#1981,#1982,#1983,#1984,#1985,#1986,#1987,#1988,#1989,#1990,#1991,#1992,#1993,#1994,#1995,#1996,#1997,#1998,#1999,#2000,#2001,#2002,#2003,#2004,#2005,#2006,#2007,#2008,#2009,#2010,#2011,#2012,#2013,#2014,#2015,#2016,#2017,#2018,#2019,#2020,#2021,#2022,#2023,#2024,#2025,#2026,#2027,#2028,#2029,#2030,#2031,#2032,#2033,#2034,#2035,#2036,#2037,#2038,#2039,#2040,#2041,#2042,#2043,#2044,#2045,#2046,#2047,#2048,#2049,#2050,#2051,#2052,#2053,#2054,#2055,#2056,#2057,#2058,#2059,#2060,#2061,#2062,#2063,#2064,#2065,#2066,#2067,#2068,#2069,#2070,#2071,#2072,#2073,#2074,#2075,#2076,#2077,#2078,#2079,#2080,#2081,#2082,#2083,#2084,#2085,#2086,#2087,#2088,#2089,#2090,#2091,#2092,#2093,#2094,#2095,#2096,#2097,#2098,#2099,#2100,#2101,#2102,#2103,#2104,#2105,#2106,#2107,#2108,#2109,#2110,#2111,#2112,#2113,#2114,#2115,#2116,#2117,#2118,#2119,#2120,#2121,#2122,#2123,#2124,#2125,#2126,#2127,#2128,#2129,#2130,#2131,#2132,#2133,#2134,#2135,#2136,#2137,#2138,#2139,#2140,#2141,#2142,#2143,#2144,#2145,#2146,#2147,#2148,#2149,#2150,#2151,#2152,#2153,#2154,#2155,#2156,#2157,#2158,#2159,#2160,#2161,#2162,#2163,#2164,#2165,#2166,#2167,#2168,#2169,#2170,#2171,#2172,#2173,#2174,#2175,#2176,#2177,#2178,#2179,#2180,#2181,#2182,#2183,#2184,#2185,#2186,#2187,#2188,#2189,#2190,#2191,#2192,#2193,#2194,#2195,#2196,#2197,#2198,#2199,#2200,#2201,#2202,#2203,#2204,#2205,#2206,#2207,#2208,#2209,#2210,#2211,#2212,#2213,#2214,#2215,#2216,#2217,#2218,#2219,#2220,#2221,#2222,#2223,#2224,#2225,#2226,#2227,#2228,#2229,#2230,#2231,#2232,#2233,#2234,#2235,#2236,#2237,#2238,#2239,#2240,#2241,#2242,#2243,#2244,#2245,#2246,#2247,#2248,#2249,#2250,#2251,#2252,#2253,#2254,#2255,#2256,#2257,#2258,#2259,#2260,#2261,#2262,#2263,#2264,#2265,#2266,#2267,#2268,#2269,#2270,#2271,#2272,#2273,#2274,#2275,#2276,#2277,#2278,#2279,#2280,#2281,#2282,#2283,#2284,#2285,#2286,#2287,#2288,#2289,#2290,#2291,#2292,#2293,#2294,#2295,#2296,#2297,#2298,#2299,#2300,#2301,#2302,#2303,#2304,#2305,#2306,#2307,#2308,#2309,#2310,#2311,#2312,#2313,#2314,#2315,#2316,#2317,#2318,#2319,#2320,#2321,#2322,#2323,#2324,#2325,#2326,#2327,#2328,#2329,#2330,#2331,#2332,#2333,#2334,#2335,#2336,#2337,#2338,#2339,#2340,#2341,#2342,#2343,#2344,#2345,#2346,#2347,#2348,#2349,#2350,#2351,#2352,#2353,#2354,#2355,#2356,#2357,#2358,#2359,#2360,#2361,#2362,#2363,#2364,#2365,#2366,#2367,#2368,#2369,#2370,#2371,#2372,#2373,#2374,#2375,#2376,#2377,#2378,#2379,#2380,#2381,#2382,#2383,#2384,#2385,#2386,#2387,#2388,#2389,#2390,#2391,#2392,#2393,#2394,#2395,#2396,#2397,#2398,#2399,#2400,#2401,#2402,#2403,#2404,#2405,#2406,#2407,#2408,#2409,#2410,#2411,#2412,#2413,#2414,#2415,#2416,#2417,#2418,#2419,#2420,#2421,#2422,#2423,#2424,#2425,#2426,#2427,#2428,#2429,#2430,#2431,#2432,#2433,#2434,#2435,#2436,#2437,#2438,#2439,#2440,#2441,#2442,#2443,#2444,#2445,#2446,#2447,#2448,#2449,#2450,#2451,#2452,#2453,#2454,#2455,#2456,#2457,#2458,#2459,#2460,#2461,#2462,#2463,#2464,#2465,#2466,#2467,#2468,#2469,#2470,#2471,#2472,#2473,#2474,#2475,#2476,#2477,#2478,#2479,#2480,#2481,#2482,#2483,#2484,#2485,#2486,#2487,#2488,#2489,#2490,#2491,#2492,#2493,#2494,#2495,#2496,#2497,#2498,#2499,#2500,#2501,#2502,#2503,#2504,#2505,#2506,#2507,#2508,#2509,#2510,#2511,#2512,#2513,#2514,#2515,#2516,#2517,#2518,#2519,#2520,#2521,#2522,#2523,#2524,#2525,#2526,#2527,#2528,#2529,#2530,#2531,#2532,#2533,#2534,#2535,#2536,#2537,#2538,#2539,#2540,#2541,#2542,#2543,#2544,#2545,#2546,#2547,#2548,#2549,#2550,#2551,#2552,#2553,#2554,#2555,#2556,#2557,#2558,#2559,#2560,#2561,#2562,#2563,#2564,#2565,#2566,#2567,#2568,#2569,#2570,#2571,#2572,#2573,#2574,#2575,#2576,#2577,#2578,#2579,#2580,#2581,#2582,#2583,#2584,#2585,#2586,#2587,#2588,#2589,#2590,#2591,#2592,#2593,#2594,#2595,#2596,#2597,#2598,#2599,#2600,#2601,#2602,#2603,#2604,#2605,#2606,#2607,#2608,#2609,#2610,#2611,#2612,#2613,#2614,#2615,#2616,#2617,#2618,#2619,#2620,#2621,#2622,#2623,#2624,#2625,#2626,#2627,#2628,#2629,#2630,#2631,#2632,#2633,#2634,#2635,#2636,#2637,#2638,#2639,#2640,#2641,#2642,#2643,#2644,#2645,#2646,#2647,#2648,#2649,#2650,#2651,#2652,#2653,#2654,#2655,#2656,#2657,#2658,#2659,#2660,#2661,#2662,#2663,#2664,#2665,#2666,#2667,#2668,#2669,#2670,#2671,#2672,#2673,#2674,#2675,#2676,#2677,#2678,#2679,#2680,#2681,#2682,#2683,#2684,#2685,#2686,#2687,#2688,#2689,#2690,#2691,#2692,#2693,#2694,#2695,#2696,#2697,#2698,#2699,#2700,#2701,#2702,#2703,#2704,#2705,#2706,#2707,#2708,#2709,#2710,#2711,#2712,#2713,#2714,#2715,#2716,#2717,#2718,#2719,#2720,#2721,#2722,#2723,#2724,#2725,#2726,#2727,#2728,#2729,#2730,#2731,#2732,#2733,#2734,#2735,#2736,#2737,#2738,#2739,#2740,#2741,#2742,#2743,#2744,#2745,#2746,#2747,#2748,#2749,#2750,#2751,#2752,#2753,#2754,#2755,#2756,#2757,#2758,#2759,#2760,#2761,#2762,#2763,#2764,#2765,#2766,#2767,#2768,#2769,#2770,#2771,#2772,#2773,#2774,#2775,#2776,#2777,#2778,#2779,#2780,#2781,#2782,#2783,#2784,#2785,#2786,#2787,#2788,#2789,#2790,#2791,#2792,#2793,#2794,#2795,#2796,#2797,#2798,#2799,#2800,#2801,#2802,#2803,#2804,#2805,#2806,#2807,#2808,#2809,#2810,#2811,#2812,#2813,#2814,#2815,#2816,#2817,#2818,#2819,#2820,#2821,#2822,#2823,#2824,#2825,#2826,#2827,#2828,#2829,#2830,#2831,#2832,#2833,#2834,#2835,#2836,#2837,#2838,#2839,#2840,#2841,#2842,#2843,#2844,#2845,#2846,#2847,#2848,#2849,#2850,#2851,#2852,#2853,#2854,#2855,#2856,#2857,#2858,#2859,#2860,#2861,#2862,#2863,#2864,#2865,#2866,#2867,#2868,#2869,#2870,#2871,#2872,#2873,#2874,#2875,#2876,#2877,#2878,#2879,#2880,#2881,#2882,#2883,#2884,#2885,#2886,#2887,#2888,#2889,#2890,#2891,#2892,#2893,#2894,#2895,#2896,#2897,#2898,#2899,#2900,#2901,#2902,#2903,#2904,#2905,#2906,#2907,#2908,#2909,#2910,#2911,#2912,#2913,#2914,#2915,#2916,#2917,#2918,#2919,#2920,#2921,#2922,#2923,#2924,#2925,#2926,#2927,#2928,#2929,#2930,#2931,#2932,#2933,#2934,#2935,#2936,#2937,#2938,#2939,#2940,#2941,#2942,#2943,#2944,#2945,#2946,#2947,#2948,#2949,#2950,#2951,#2952,#2953,#2954,#2955,#2956,#2957,#2958,#2959,#2960,#2961,#2962,#2963,#2964,#2965,#2966,#2967,#2968,#2969,#2970,#2971,#2972,#2973,#2974,#2975,#2976,#2977,#2978,#2979,#2980,#2981,#2982,#2983,#2984,#2985,#2986,#2987,#2988,#2989,#2990,#2991,#2992,#2993,#2994,#2995,#2996,#2997,#2998,#2999,#3000,#3001,#3002,#3003,#3004,#3005,#3006,#3007,#3008,#3009,#3010,#3011,#3012,#3013,#3014,#3015,#3016,#3017,#3018,#3019,#3020,#3021,#3022,#3023,#3024,#3025,#3026,#3027,#3028,#3029,#3030,#3031,#3032,#3033,#3034,#3035,#3036,#3037,#3038,#3039,#3040,#3041,#3042,#3043,#3044,#3045,#3046,#3047,#3048,#3049,#3050,#3051,#3052,#3053,#3054,#3055,#3056,#3057,#3058,#3059,#3060,#3061,#3062,#3063,#3064,#3065,#3066,#3067,#3068,#3069,#3070,#3071,#3072,#3073,#3074,#3075,#3076,#3077,#3078,#3079,#3080,#3081,#3082,#3083,#3084,#3085,#3086,#3087,#3088,#3089,#3090,#3091,#3092,#3093,#3094,#3095,#3096,#3097,#3098,#3099,#3100,#3101,#3102,#3103,#3104,#3105,#3106,#3107,#3108,#3109,#3110,#3111,#3112,#3113,#3114,#3115,#3116,#3117,#3118,#3119,#3120,#3121,#3122,#3123,#3124,#3125,#3126,#3127,#3128,#3129,#3130,#3131,#3132,#3133,#3134,#3135,#3136,#3137,#3138,#3139,#3140,#3141,#3142,#3143,#3144,#3145,#3146,#3147,#3148,#3149,#3150,#3151,#3152,#3153,#3154,#3155,#3156,#3157,#3158,#3159,#3160,#3161,#3162,#3163,#3164,#3165,#3166,#3167,#3168,#3169,#3170,#3171,#3172,#3173,#3174,#3175,#3176,#3177,#3178,#3179,#3180,#3181,#3182,#3183,#3184,#3185,#3186,#3187,#3188,#3189,#3190,#3191,#3192,#3193,#3194,#3195,#3196,#3197,#3198,#3199,#3200,#3201,#3202,#3203,#3204,#3205,#3206,#3207,#3208,#3209,#3210,#3211,#3212,#3213,#3214,#3215,#3216,#3217,#3218,#3219,#3220,#3221,#3222,#3223,#3224,#3225,#3226,#3227,#3228,#3229,#3230,#3231,#3232,#3233,#3234,#3235,#3236,#3237,#3238,#3239,#3240,#3241,#3242,#3243,#3244,#3245,#3246,#3247,#3248,#3249,#3250,#3251,#3252,#3253,#3254,#3255,#3256,#3257,#3258,#3259,#3260,#3261,#3262,#3263,#3264,#3265,#3266,#3267,#3268,#3269,#3270,#3271,#3272,#3273,#3274,#3275,#3276,#3277,#3278,#3279,#3280,#3281,#3282,#3283,#3284,#3285,#3286,#3287,#3288,#3289,#3290,#3291,#3292,#3293,#3294,#3295,#3296,#3297,#3298,#3299,#3300,#3301,#3302,#3303,#3304,#3305,#3306,#3307,#3308,#3309,#3310,#3311,#3312,#3313,#3314,#3315,#3316,#3317,#3318,#3319,#3320,#3321,#3322,#3323,#3324,#3325,#3326,#3327,#3328,#3329,#3330,#3331,#3332,#3333,#3334,#3335,#3336,#3337,#3338,#3339,#3340,#3341,#3342,#3343,#3344,#3345,#3346,#3347,#3348,#3349,#3350,#3351,#3352,#3353,#3354,#3355,#3356,#3357,#3358,#3359,#3360,#3361,#3362,#3363,#3364,#3365,#3366,#3367,#3368,#3369,#3370,#3371,#3372,#3373,#3374,#3375,#3376,#3377,#3378,#3379,#3380,#3381,#3382,#3383,#3384,#3385,#3386,#3387,#3388,#3389,#3390,#3391,#3392,#3393,#3394,#3395,#3396,#3397,#3398,#3399,#3400,#3401,#3402,#3403,#3404,#3405,#3406,#3407,#3408,#3409,#3410,#3411,#3412,#3413,#3414,#3415,#3416,#3417,#3418,#3419,#3420,#3421,#3422,#3423,#3424,#3425,#3426,#3427,#3428,#3429,#3430,#3431,#3432,#3433,#3434,#3435,#3436,#3437,#3438,#3439,#3440,#3441,#3442,#3443,#3444,#3445,#3446,#3447,#3448,#3449,#3450,#3451,#3452,#3453,#3454,#3455,#3456,#3457,#3458,#3459,#3460,#3461,#3462,#3463,#3464,#3465,#3466,#3467,#3468,#3469,#3470,#3471,#3472,#3473,#3474,#3475,#3476,#3477,#3478,#3479,#3480,#3481,#3482,#3483,#3484,#3485,#3486,#3487,#3488,#3489,#3490,#3491,#3492,#3493,#3494,#3495,#3496,#3497,#3498,#3499,#3500,#3501,#3502,#3503,#3504,#3505,#3506,#3507,#3508,#3509,#3510,#3511,#3512,#3513,#3514,#3515,#3516,#3517,#3518,#3519,#3520,#3521,#3522,#3523,#3524,#3525,#3526,#3527,#3528,#3529,#3530,#3531,#3532,#3533,#3534,#3535,#3536,#3537,#3538,#3539,#3540,#3541,#3542,#3543,#3544,#3545,#3546,#3547,#3548,#3549,#3550,#3551,#3552,#3553,#3554,#3555,#3556,#3557,#3558,#3559,#3560,#3561,#3562,#3563,#3564,#3565,#3566,#3567,#3568,#3569,#3570,#3571,#3572,#3573,#3574,#3575,#3576,#3577,#3578,#3579,#3580,#3581,#3582,#3583,#3584,#3585,#3586,#3587,#3588,#3589,#3590,#3591,#3592,#3593,#3594,#3595,#3596,#3597,#3598,#3599,#3600,#3601,#3602,#3603,#3604,#3605,#3606,#3607,#3608,#3609,#3610,#3611,#3612,#3613,#3614,#3615,#3616,#3617,#3618,#3619,#3620,#3621,#3622,#3623,#3624,#3625,#3626,#3627,#3628,#3629,#3630,#3631,#3632,#3633,#3634,#3635,#3636,#3637,#3638,#3639,#3640,#3641,#3642,#3643,#3644,#3645,#3646,#3647,#3648,#3649,#3650,#3651,#3652,#3653,#3654,#3655,#3656,#3657,#3658,#3659,#3660,#3661,#3662,#3663,#3664,#3665,#3666,#3667,#3668,#3669,#3670,#3671,#3672,#3673,#3674,#3675,#3676,#3677,#3678,#3679,#3680,#3681,#3682,#3683,#3684,#3685,#3686,#3687,#3688,#3689,#3690,#3691,#3692,#3693,#3694,#3695,#3696,#3697,#3698,#3699,#3700,#3701,#3702,#3703,#3704,#3705,#3706,#3707,#3708,#3709,#3710,#3711,#3712,#3713,#3714,#3715),.UNSPECIFIED.,.F.,.F.,(4,3,3,3,3,3,3,3,3,3,3,3,3,3,3,3,3,3,3,3,3,3,3,3,3,3,3,3,3,3,3,3,3,3,3,3,3,3,3,3,3,3,3,3,3,3,3,3,3,3,3,3,3,3,3,3,3,3,3,3,3,3,3,3,3,3,3,3,3,3,3,3,3,3,3,3,3,3,3,3,3,3,3,3,3,3,3,3,3,3,3,3,3,3,3,3,3,3,3,3,3,3,3,3,3,3,3,3,3,3,3,3,3,3,3,3,3,3,3,3,3,3,3,3,3,3,3,3,3,3,3,3,3,3,3,3,3,3,3,3,3,3,3,3,3,3,3,3,3,3,3,3,3,3,3,3,3,3,3,3,3,3,3,3,3,3,3,3,3,3,3,3,3,3,3,3,3,3,3,3,3,3,3,3,3,3,3,3,3,3,3,3,3,3,3,3,3,3,3,3,3,3,3,3,3,3,3,3,3,3,3,3,3,3,3,3,3,3,3,3,3,3,3,3,3,3,3,3,3,3,3,3,3,3,3,3,3,3,3,3,3,3,3,3,3,3,3,3,3,3,3,3,3,3,3,3,3,3,3,3,3,3,3,3,3,3,3,3,3,3,3,3,3,3,3,3,3,3,3,3,3,3,3,3,3,3,3,3,3,3,3,3,3,3,3,3,3,3,3,3,3,3,3,3,3,3,3,3,3,3,3,3,3,3,3,3,3,3,3,3,3,3,3,3,3,3,3,3,3,3,3,3,3,3,3,3,3,3,3,3,3,3,3,3,3,3,3,3,3,3,3,3,3,3,3,3,3,3,3,3,3,3,3,3,3,3,3,3,3,3,3,3,3,3,3,3,3,3,3,3,3,3,3,3,3,3,3,3,3,3,3,3,3,3,3,3,3,3,3,3,3,3,3,3,3,3,3,3,3,3,3,3,3,3,3,3,3,3,3,3,3,3,3,3,3,3,3,3,3,3,3,3,3,3,3,3,3,3,3,3,3,3,3,3,3,3,3,3,3,3,3,3,3,3,3,3,3,3,3,3,3,3,3,3,3,3,3,3,3,3,3,3,3,3,3,3,3,3,3,3,3,3,3,3,3,3,3,3,3,3,3,3,3,3,3,3,3,3,3,3,3,3,3,3,3,3,3,3,3,3,3,3,3,3,3,3,3,3,3,3,3,3,3,3,3,3,3,3,3,3,3,3,3,3,3,3,3,3,3,3,3,3,3,3,3,3,3,3,3,3,3,3,3,3,3,3,3,3,3,3,3,3,3,3,3,3,3,3,3,3,3,3,3,3,3,3,3,3,3,3,3,3,3,3,3,3,3,3,3,3,3,3,3,3,3,3,3,3,3,3,3,3,3,3,3,3,3,3,3,3,3,3,3,3,3,3,3,3,3,3,3,3,3,3,3,3,3,3,3,3,3,3,3,3,3,3,3,3,3,3,3,3,3,3,3,3,3,3,3,3,3,3,3,3,3,3,3,3,3,3,3,3,3,3,3,3,3,3,3,3,3,3,3,3,3,3,3,3,3,3,3,3,3,3,3,3,3,3,3,3,3,3,3,3,3,3,3,3,3,3,3,3,3,3,3,3,3,3,3,3,3,3,3,3,3,3,3,3,3,3,3,3,3,3,3,3,3,3,3,3,3,3,3,3,3,3,3,3,3,3,3,3,3,3,3,3,3,3,3,3,3,3,3,3,3,3,3,3,3,3,3,3,3,3,3,4),(0.0,1.0,2.0,3.0,4.0,5.0,6.0,7.0,8.0,9.0,10.0,11.0,12.0,13.0,14.0,15.0,16.0,17.0,18.0,19.0,20.0,21.0,22.0,23.0,24.0,25.0,26.0,27.0,28.0,29.0,30.0,31.0,32.0,33.0,34.0,35.0,36.0,37.0,38.0,39.0,40.0,41.0,42.0,43.0,44.0,45.0,46.0,47.0,48.0,49.0,50.0,51.0,52.0,53.0,54.0,55.0,56.0,57.0,58.0,59.0,60.0,61.0,62.0,63.0,64.0,65.0,66.0,67.0,68.0,69.0,70.0,71.0,72.0,73.0,74.0,75.0,76.0,77.0,78.0,79.0,80.0,81.0,82.0,83.0,84.0,85.0,86.0,87.0,88.0,89.0,90.0,91.0,92.0,93.0,94.0,95.0,96.0,97.0,98.0,99.0,100.0,101.0,102.0,103.0,104.0,105.0,106.0,107.0,108.0,109.0,110.0,111.0,112.0,113.0,114.0,115.0,116.0,117.0,118.0,119.0,120.0,121.0,122.0,123.0,124.0,125.0,126.0,127.0,128.0,129.0,130.0,131.0,132.0,133.0,134.0,135.0,136.0,137.0,138.0,139.0,140.0,141.0,142.0,143.0,144.0,145.0,146.0,147.0,148.0,149.0,150.0,151.0,152.0,153.0,154.0,155.0,156.0,157.0,158.0,159.0,160.0,161.0,162.0,163.0,164.0,165.0,166.0,167.0,168.0,169.0,170.0,171.0,172.0,173.0,174.0,175.0,176.0,177.0,178.0,179.0,180.0,181.0,182.0,183.0,184.0,185.0,186.0,187.0,188.0,189.0,190.0,191.0,192.0,193.0,194.0,195.0,196.0,197.0,198.0,199.0,200.0,201.0,202.0,203.0,204.0,205.0,206.0,207.0,208.0,209.0,210.0,211.0,212.0,213.0,214.0,215.0,216.0,217.0,218.0,219.0,220.0,221.0,222.0,223.0,224.0,225.0,226.0,227.0,228.0,229.0,230.0,231.0,232.0,233.0,234.0,235.0,236.0,237.0,238.0,239.0,240.0,241.0,242.0,243.0,244.0,245.0,246.0,247.0,248.0,249.0,250.0,251.0,252.0,253.0,254.0,255.0,256.0,257.0,258.0,259.0,260.0,261.0,262.0,263.0,264.0,265.0,266.0,267.0,268.0,269.0,270.0,271.0,272.0,273.0,274.0,275.0,276.0,277.0,278.0,279.0,280.0,281.0,282.0,283.0,284.0,285.0,286.0,287.0,288.0,289.0,290.0,291.0,292.0,293.0,294.0,295.0,296.0,297.0,298.0,299.0,300.0,301.0,302.0,303.0,304.0,305.0,306.0,307.0,308.0,309.0,310.0,311.0,312.0,313.0,314.0,315.0,316.0,317.0,318.0,319.0,320.0,321.0,322.0,323.0,324.0,325.0,326.0,327.0,328.0,329.0,330.0,331.0,332.0,333.0,334.0,335.0,336.0,337.0,338.0,339.0,340.0,341.0,342.0,343.0,344.0,345.0,346.0,347.0,348.0,349.0,350.0,351.0,352.0,353.0,354.0,355.0,356.0,357.0,358.0,359.0,360.0,361.0,362.0,363.0,364.0,365.0,366.0,367.0,368.0,369.0,370.0,371.0,372.0,373.0,374.0,375.0,376.0,377.0,378.0,379.0,380.0,381.0,382.0,383.0,384.0,385.0,386.0,387.0,388.0,389.0,390.0,391.0,392.0,393.0,394.0,395.0,396.0,397.0,398.0,399.0,400.0,401.0,402.0,403.0,404.0,405.0,406.0,407.0,408.0,409.0,410.0,411.0,412.0,413.0,414.0,415.0,416.0,417.0,418.0,419.0,420.0,421.0,422.0,423.0,424.0,425.0,426.0,427.0,428.0,429.0,430.0,431.0,432.0,433.0,434.0,435.0,436.0,437.0,438.0,439.0,440.0,441.0,442.0,443.0,444.0,445.0,446.0,447.0,448.0,449.0,450.0,451.0,452.0,453.0,454.0,455.0,456.0,457.0,458.0,459.0,460.0,461.0,462.0,463.0,464.0,465.0,466.0,467.0,468.0,469.0,470.0,471.0,472.0,473.0,474.0,475.0,476.0,477.0,478.0,479.0,480.0,481.0,482.0,483.0,484.0,485.0,486.0,487.0,488.0,489.0,490.0,491.0,492.0,493.0,494.0,495.0,496.0,497.0,498.0,499.0,500.0,501.0,502.0,503.0,504.0,505.0,506.0,507.0,508.0,509.0,510.0,511.0,512.0,513.0,514.0,515.0,516.0,517.0,518.0,519.0,520.0,521.0,522.0,523.0,524.0,525.0,526.0,527.0,528.0,529.0,530.0,531.0,532.0,533.0,534.0,535.0,536.0,537.0,538.0,539.0,540.0,541.0,542.0,543.0,544.0,545.0,546.0,547.0,548.0,549.0,550.0,551.0,552.0,553.0,554.0,555.0,556.0,557.0,558.0,559.0,560.0,561.0,562.0,563.0,564.0,565.0,566.0,567.0,568.0,569.0,570.0,571.0,572.0,573.0,574.0,575.0,576.0,577.0,578.0,579.0,580.0,581.0,582.0,583.0,584.0,585.0,586.0,587.0,588.0,589.0,590.0,591.0,592.0,593.0,594.0,595.0,596.0,597.0,598.0,599.0,600.0,601.0,602.0,603.0,604.0,605.0,606.0,607.0,608.0,609.0,610.0,611.0,612.0,613.0,614.0,615.0,616.0,617.0,618.0,619.0,620.0,621.0,622.0,623.0,624.0,625.0,626.0,627.0,628.0,629.0,630.0,631.0,632.0,633.0,634.0,635.0,636.0,637.0,638.0,639.0,640.0,641.0,642.0,643.0,644.0,645.0,646.0,647.0,648.0,649.0,650.0,651.0,652.0,653.0,654.0,655.0,656.0,657.0,658.0,659.0,660.0,661.0,662.0,663.0,664.0,665.0,666.0,667.0,668.0,669.0,670.0,671.0,672.0,673.0,674.0,675.0,676.0,677.0,678.0,679.0,680.0,681.0,682.0,683.0,684.0,685.0,686.0,687.0,688.0,689.0,690.0,691.0,692.0,693.0,694.0,695.0,696.0,697.0,698.0,699.0,700.0,701.0,702.0,703.0,704.0,705.0,706.0,707.0,708.0,709.0,710.0,711.0,712.0,713.0,714.0,715.0,716.0,717.0,718.0,719.0,720.0,721.0,722.0,723.0,724.0,725.0,726.0,727.0,728.0,729.0,730.0,731.0,732.0,733.0,734.0,735.0,736.0,737.0,738.0,739.0,740.0,741.0,742.0,743.0,744.0,745.0,746.0,747.0,748.0,749.0,750.0,751.0,752.0,753.0,754.0,755.0,756.0,757.0,758.0,759.0,760.0,761.0,762.0,763.0,764.0,765.000000000001),.UNSPECIFIED.);
#1159=VERTEX_POINT('',#3716);
#1160=B_SPLINE_CURVE_WITH_KNOTS('',4,(#3717,#3718,#3719,#3720,#3721,#3722,#3723,#3724,#3725,#3726,#3727,#3728,#3729,#3730,#3731,#3732,#3733,#3734,#3735,#3736,#3737,#3738,#3739,#3740,#3741,#3742,#3743,#3744,#3745,#3746,#3747,#3748,#3749,#3750,#3751,#3752,#3753,#3754,#3755,#3756,#3757,#3758,#3759,#3760,#3761,#3762,#3763,#3764,#3765,#3766,#3767,#3768,#3769,#3770,#3771,#3772,#3773,#3774,#3775,#3776,#3777,#3778,#3779,#3780,#3781),.UNSPECIFIED.,.F.,.F.,(5,4,4,4,4,4,4,4,4,4,4,4,4,4,4,4,5),(0.0,1.0,2.0,3.0,4.0,5.0,6.0,7.0,8.0,9.0,10.0,11.0,12.0,13.0,14.0,15.0,16.0),.UNSPECIFIED.);
#1161=VERTEX_POINT('',#3782);
#1162=B_SPLINE_CURVE_WITH_KNOTS('',3,(#3783,#3784,#3785,#3786,#3787,#3788,#3789,#3790,#3791,#3792,#3793,#3794,#3795,#3796,#3797,#3798,#3799,#3800,#3801,#3802,#3803,#3804,#3805,#3806,#3807,#3808,#3809,#3810,#3811,#3812,#3813,#3814,#3815,#3816,#3817,#3818,#3819,#3820,#3821,#3822,#3823,#3824,#3825,#3826,#3827,#3828,#3829,#3830,#3831,#3832,#3833,#3834,#3835,#3836,#3837,#3838,#3839,#3840,#3841,#3842,#3843,#3844,#3845,#3846,#3847,#3848,#3849,#3850,#3851,#3852,#3853,#3854,#3855,#3856,#3857,#3858,#3859,#3860,#3861,#3862,#3863,#3864,#3865,#3866,#3867,#3868,#3869,#3870,#3871,#3872,#3873,#3874,#3875,#3876,#3877,#3878,#3879,#3880,#3881,#3882,#3883,#3884,#3885,#3886,#3887,#3888,#3889,#3890,#3891,#3892,#3893,#3894,#3895,#3896,#3897,#3898,#3899,#3900,#3901,#3902,#3903,#3904,#3905,#3906,#3907,#3908,#3909,#3910,#3911,#3912,#3913,#3914,#3915,#3916,#3917,#3918,#3919,#3920,#3921,#3922,#3923,#3924,#3925,#3926,#3927,#3928,#3929,#3930,#3931,#3932,#3933,#3934,#3935,#3936,#3937,#3938,#3939,#3940,#3941,#3942,#3943,#3944,#3945,#3946,#3947,#3948,#3949,#3950,#3951,#3952,#3953,#3954,#3955,#3956,#3957,#3958,#3959,#3960,#3961,#3962,#3963,#3964,#3965,#3966,#3967,#3968,#3969,#3970,#3971,#3972,#3973,#3974,#3975,#3976,#3977,#3978,#3979,#3980,#3981,#3982,#3983,#3984,#3985,#3986,#3987,#3988,#3989,#3990,#3991,#3992,#3993,#3994,#3995,#3996,#3997,#3998,#3999,#4000,#4001,#4002,#4003,#4004,#4005,#4006,#4007,#4008,#4009,#4010,#4011,#4012,#4013,#4014,#4015,#4016,#4017,#4018,#4019,#4020,#4021,#4022,#4023,#4024,#4025,#4026,#4027,#4028,#4029,#4030,#4031,#4032,#4033,#4034,#4035,#4036,#4037,#4038,#4039,#4040,#4041,#4042,#4043,#4044,#4045,#4046,#4047,#4048,#4049,#4050,#4051,#4052,#4053,#4054,#4055,#4056,#4057,#4058,#4059,#4060,#4061,#4062,#4063,#4064,#4065,#4066,#4067,#4068,#4069,#4070,#4071,#4072,#4073,#4074,#4075,#4076,#4077,#4078,#4079,#4080,#4081,#4082,#4083,#4084,#4085,#4086,#4087,#4088,#4089,#4090,#4091,#4092,#4093,#4094,#4095,#4096,#4097,#4098,#4099,#4100,#4101,#4102,#4103,#4104,#4105,#4106,#4107,#4108,#4109,#4110,#4111,#4112,#4113,#4114,#4115,#4116,#4117,#4118,#4119,#4120,#4121,#4122,#4123,#4124,#4125,#4126,#4127,#4128,#4129,#4130,#4131,#4132,#4133,#4134,#4135,#4136,#4137,#4138,#4139,#4140,#4141,#4142,#4143,#4144,#4145,#4146,#4147,#4148,#4149,#4150,#4151,#4152,#4153,#4154,#4155,#4156,#4157,#4158,#4159,#4160,#4161,#4162,#4163,#4164,#4165,#4166,#4167,#4168,#4169,#4170,#4171,#4172,#4173,#4174,#4175,#4176,#4177,#4178,#4179,#4180,#4181,#4182,#4183,#4184,#4185,#4186,#4187,#4188,#4189,#4190,#4191,#4192,#4193,#4194,#4195,#4196,#4197,#4198,#4199,#4200,#4201,#4202,#4203,#4204,#4205,#4206,#4207,#4208,#4209,#4210,#4211,#4212,#4213,#4214,#4215,#4216,#4217,#4218,#4219,#4220,#4221,#4222,#4223,#4224,#4225,#4226,#4227,#4228,#4229,#4230,#4231,#4232,#4233,#4234,#4235,#4236,#4237,#4238,#4239,#4240,#4241,#4242,#4243,#4244,#4245,#4246,#4247,#4248,#4249,#4250,#4251,#4252,#4253,#4254,#4255,#4256,#4257,#4258,#4259,#4260,#4261,#4262,#4263,#4264,#4265,#4266,#4267,#4268,#4269,#4270,#4271,#4272),.UNSPECIFIED.,.F.,.F.,(4,3,3,3,3,3,3,3,3,3,3,3,3,3,3,3,3,3,3,3,3,3,3,3,3,3,3,3,3,3,3,3,3,3,3,3,3,3,3,3,3,3,3,3,3,3,3,3,3,3,3,3,3,3,3,3,3,3,3,3,3,3,3,3,3,3,3,3,3,3,3,3,3,3,3,3,3,3,3,3,3,3,3,3,3,3,3,3,3,3,3,3,3,3,3,3,3,3,3,3,3,3,3,3,3,3,3,3,3,3,3,3,3,3,3,3,3,3,3,3,3,3,3,3,3,3,3,3,3,3,3,3,3,3,3,3,3,3,3,3,3,3,3,3,3,3,3,3,3,3,3,3,3,3,3,3,3,3,3,3,3,3,3,4),(0.0,1.0,2.0,3.0,4.0,5.0,6.0,7.0,8.0,9.0,10.0,11.0,12.0,13.0,14.0,15.0,16.0,17.0,18.0,19.0,20.0,21.0,22.0,23.0,24.0,25.0,26.0,27.0,28.0,29.0,30.0,31.0,32.0,33.0,34.0,35.0,36.0,37.0,38.0,39.0,40.0,41.0,42.0,43.0,44.0,45.0,46.0,47.0,48.0,49.0,50.0,51.0,52.0,53.0,54.0,55.0,56.0,57.0,58.0,59.0,60.0,61.0,62.0,63.0,64.0,65.0,66.0,67.0,68.0,69.0,70.0,71.0,72.0,73.0,74.0,75.0,76.0,77.0,78.0,79.0,80.0,81.0,82.0,83.0,84.0,85.0,86.0,87.0,88.0,89.0,90.0,91.0,92.0,93.0,94.0,95.0,96.0,97.0,98.0,99.0,100.0,101.0,102.0,103.0,104.0,105.0,106.0,107.0,108.0,109.0,110.0,111.0,112.0,113.0,114.0,115.0,116.0,117.0,118.0,119.0,120.0,121.0,122.0,123.0,124.0,125.0,126.0,127.0,128.0,129.0,130.0,131.0,132.0,133.0,134.0,135.0,136.0,137.0,138.0,139.0,140.0,141.0,142.0,143.0,144.0,145.0,146.0,147.0,148.0,149.0,150.0,151.0,152.0,153.0,154.0,155.0,156.0,157.0,158.0,159.0,160.0,161.0,162.0,163.0),.UNSPECIFIED.);
#1163=B_SPLINE_CURVE_WITH_KNOTS('',5,(#4273,#4274,#4275,#4276,#4277,#4278,#4279,#4280,#4281,#4282,#4283,#4284,#4285,#4286,#4287,#4288,#4289,#4290,#4291,#4292,#4293,#4294,#4295,#4296,#4297,#4298,#4299,#4300,#4301,#4302,#4303,#4304,#4305,#4306,#4307,#4308,#4309,#4310,#4311,#4312,#4313,#4314,#4315,#4316,#4317,#4318,#4319,#4320,#4321,#4322,#4323,#4324,#4325,#4326,#4327,#4328,#4329,#4330,#4331,#4332,#4333,#4334,#4335,#4336,#4337,#4338,#4339,#4340,#4341,#4342,#4343),.UNSPECIFIED.,.F.,.F.,(6,5,5,5,5,5,5,5,5,5,5,5,5,5,6),(0.0,1.0,2.0,3.0,4.0,5.0,6.0,7.0,8.0,9.0,10.0,11.0,12.0,13.0,14.0),.UNSPECIFIED.);
#1164=VERTEX_POINT('',#4344);
#1165=VERTEX_POINT('',#4345);
#1166=B_SPLINE_CURVE_WITH_KNOTS('',5,(#4346,#4347,#4348,#4349,#4350,#4351,#4352,#4353,#4354,#4355,#4356,#4357,#4358,#4359,#4360,#4361,#4362,#4363,#4364,#4365,#4366,#4367,#4368,#4369,#4370,#4371,#4372,#4373,#4374,#4375,#4376,#4377,#4378,#4379,#4380,#4381,#4382,#4383,#4384,#4385,#4386,#4387,#4388,#4389,#4390,#4391,#4392,#4393,#4394,#4395,#4396,#4397,#4398,#4399,#4400,#4401,#4402,#4403,#4404,#4405,#4406,#4407,#4408,#4409,#4410,#4411,#4412,#4413,#4414,#4415,#4416,#4417,#4418,#4419,#4420,#4421,#4422,#4423,#4424,#4425,#4426),.UNSPECIFIED.,.F.,.F.,(6,5,5,5,5,5,5,5,5,5,5,5,5,5,5,5,6),(1.90735058755116E-20,1.0,2.0,3.0,4.0,5.0,6.0,7.0,8.0,9.0,10.0,11.0,12.0,13.0,14.0,15.0,16.0),.UNSPECIFIED.);
#1167=VERTEX_POINT('',#4427);
#1168=B_SPLINE_CURVE_WITH_KNOTS('',5,(#4428,#4429,#4430,#4431,#4432,#4433,#4434,#4435,#4436,#4437,#4438,#4439,#4440,#4441,#4442,#4443,#4444,#4445,#4446,#4447,#4448),.UNSPECIFIED.,.F.,.F.,(6,5,5,5,6),(0.0,1.0,2.0,3.0,3.99999999999999),.UNSPECIFIED.);
#1169=VERTEX_POINT('',#4449);
#1170=B_SPLINE_CURVE_WITH_KNOTS('',3,(#4450,#4451,#4452,#4453),.UNSPECIFIED.,.F.,.F.,(4,4),(0.0,0.999999999999988),.UNSPECIFIED.);
#1171=VERTEX_POINT('',#4454);
#1172=B_SPLINE_CURVE_WITH_KNOTS('',3,(#4455,#4456,#4457,#4458,#4459,#4460,#4461,#4462,#4463,#4464,#4465,#4466,#4467),.UNSPECIFIED.,.F.,.F.,(4,3,3,3,4),(0.0,1.0,2.00000000000066,3.0,4.00000000000175),.UNSPECIFIED.);
#1173=VERTEX_POINT('',#4468);
#1174=B_SPLINE_CURVE_WITH_KNOTS('',3,(#4469,#4470,#4471,#4472,#4473,#4474,#4475,#4476,#4477,#4478,#4479,#4480,#4481,#4482,#4483,#4484,#4485,#4486,#4487,#4488,#4489,#4490,#4491,#4492,#4493,#4494,#4495,#4496),.UNSPECIFIED.,.F.,.F.,(4,3,3,3,3,3,3,3,3,4),(6.42842168135364E-15,1.0,2.0,3.0,4.0,5.0,6.0,7.0,8.0,9.00000000000014),.UNSPECIFIED.);
#1175=B_SPLINE_CURVE_WITH_KNOTS('',3,(#4497,#4498,#4499,#4500,#4501,#4502,#4503,#4504,#4505,#4506,#4507,#4508,#4509,#4510,#4511,#4512,#4513,#4514,#4515,#4516,#4517,#4518,#4519,#4520,#4521,#4522,#4523,#4524,#4525,#4526,#4527),.UNSPECIFIED.,.F.,.F.,(4,3,3,3,3,3,3,3,3,3,4),(0.0,1.0,2.0,3.0,4.0,5.0,6.0,7.0,8.0,9.0,10.0),.UNSPECIFIED.);
#1176=VERTEX_POINT('',#4528);
#1177=VERTEX_POINT('',#4529);
#1178=B_SPLINE_CURVE_WITH_KNOTS('',4,(#4530,#4531,#4532,#4533,#4534,#4535,#4536,#4537,#4538,#4539,#4540,#4541,#4542,#4543,#4544,#4545,#4546,#4547,#4548,#4549,#4550,#4551,#4552,#4553,#4554,#4555,#4556,#4557,#4558,#4559,#4560,#4561,#4562,#4563,#4564,#4565,#4566,#4567,#4568,#4569,#4570,#4571,#4572,#4573,#4574,#4575,#4576,#4577,#4578,#4579,#4580,#4581,#4582,#4583,#4584,#4585,#4586),.UNSPECIFIED.,.F.,.F.,(5,4,4,4,4,4,4,4,4,4,4,4,4,4,5),(0.0,1.0,2.0,3.0,4.0,5.0,6.0,6.99999999999997,8.0,9.0,10.0,11.0,12.0,13.0,13.9999999999999),.UNSPECIFIED.);
#1179=VERTEX_POINT('',#4587);
#1180=B_SPLINE_CURVE_WITH_KNOTS('',4,(#4588,#4589,#4590,#4591,#4592,#4593,#4594,#4595,#4596),.UNSPECIFIED.,.F.,.F.,(5,4,5),(2.18981618302846E-15,1.0,2.0),.UNSPECIFIED.);
#1181=VERTEX_POINT('',#4597);
#1182=B_SPLINE_CURVE_WITH_KNOTS('',3,(#4598,#4599,#4600,#4601,#4602,#4603,#4604,#4605,#4606,#4607),.UNSPECIFIED.,.F.,.F.,(4,3,3,4),(0.0,1.0,2.0,3.00000000000002),.UNSPECIFIED.);
#1183=VERTEX_POINT('',#4608);
#1184=B_SPLINE_CURVE_WITH_KNOTS('',3,(#4609,#4610,#4611,#4612,#4613,#4614,#4615),.UNSPECIFIED.,.F.,.F.,(4,3,4),(0.0,0.999999999999953,1.99999999999988),.UNSPECIFIED.);
#1185=VERTEX_POINT('',#4616);
#1186=B_SPLINE_CURVE_WITH_KNOTS('',3,(#4617,#4618,#4619,#4620,#4621,#4622,#4623,#4624,#4625,#4626,#4627,#4628,#4629,#4630,#4631,#4632,#4633,#4634,#4635),.UNSPECIFIED.,.F.,.F.,(4,3,3,3,3,3,4),(0.0,1.0,2.0,3.00000000000008,4.0,5.0,6.00000000000023),.UNSPECIFIED.);
#1187=B_SPLINE_CURVE_WITH_KNOTS('',3,(#4636,#4637,#4638,#4639,#4640,#4641,#4642,#4643,#4644,#4645,#4646,#4647,#4648,#4649,#4650,#4651,#4652,#4653,#4654,#4655,#4656,#4657,#4658,#4659,#4660,#4661,#4662,#4663,#4664,#4665,#4666),.UNSPECIFIED.,.F.,.F.,(4,3,3,3,3,3,3,3,3,3,4),(0.0,1.0,2.0,3.0,4.0,4.99999999999962,6.0,7.0,8.0,9.0,9.999999999999),.UNSPECIFIED.);
#1188=VERTEX_POINT('',#4667);
#1189=B_SPLINE_CURVE_WITH_KNOTS('',3,(#4668,#4669,#4670,#4671,#4672,#4673,#4674,#4675,#4676,#4677,#4678,#4679,#4680,#4681,#4682,#4683,#4684,#4685,#4686,#4687,#4688,#4689,#4690,#4691,#4692,#4693,#4694,#4695,#4696,#4697,#4698,#4699,#4700,#4701,#4702,#4703,#4704,#4705,#4706,#4707,#4708,#4709,#4710),.UNSPECIFIED.,.F.,.F.,(4,3,3,3,3,3,3,3,3,3,3,3,3,3,4),(0.0,1.0,2.0,3.0,4.0,5.0,6.0,7.00000000000002,8.0,9.0,10.0,11.0,12.0,13.0,14.0000000000001),.UNSPECIFIED.);
#1190=VERTEX_POINT('',#4711);
#1191=B_SPLINE_CURVE_WITH_KNOTS('',3,(#4712,#4713,#4714,#4715,#4716,#4717,#4718,#4719,#4720,#4721,#4722,#4723,#4724,#4725,#4726,#4727,#4728,#4729,#4730,#4731,#4732,#4733,#4734,#4735,#4736,#4737,#4738,#4739),.UNSPECIFIED.,.F.,.F.,(4,3,3,3,3,3,3,3,3,4),(0.0,1.0,2.0,3.0,4.0,5.0,6.0,7.0,8.0,8.99999999999993),.UNSPECIFIED.);
#1192=B_SPLINE_CURVE_WITH_KNOTS('',3,(#4740,#4741,#4742,#4743,#4744,#4745,#4746,#4747,#4748,#4749,#4750,#4751,#4752,#4753,#4754,#4755),.UNSPECIFIED.,.F.,.F.,(4,3,3,3,3,4),(0.0,1.0,2.0,3.0,4.0,5.0),.UNSPECIFIED.);
#1193=VERTEX_POINT('',#4756);
#1194=VERTEX_POINT('',#4757);
#1195=B_SPLINE_CURVE_WITH_KNOTS('',3,(#4758,#4759,#4760,#4761,#4762,#4763,#4764,#4765,#4766,#4767,#4768,#4769,#4770,#4771,#4772,#4773,#4774,#4775,#4776,#4777,#4778,#4779),.UNSPECIFIED.,.F.,.F.,(4,3,3,3,3,3,3,4),(0.0,1.0,2.0,3.0,4.0,5.0,6.0,7.0000000000001),.UNSPECIFIED.);
#1196=VERTEX_POINT('',#4780);
#1197=B_SPLINE_CURVE_WITH_KNOTS('',3,(#4781,#4782,#4783,#4784,#4785,#4786,#4787,#4788,#4789,#4790,#4791,#4792,#4793,#4794,#4795,#4796,#4797,#4798,#4799),.UNSPECIFIED.,.F.,.F.,(4,3,3,3,3,3,4),(4.44776441837846E-13,1.0,2.0,3.00000000000018,4.0,5.0,6.00000000000004),.UNSPECIFIED.);
#1198=VERTEX_POINT('',#4800);
#1199=B_SPLINE_CURVE_WITH_KNOTS('',4,(#4801,#4802,#4803,#4804,#4805,#4806,#4807,#4808,#4809,#4810,#4811,#4812,#4813,#4814,#4815,#4816,#4817,#4818,#4819,#4820,#4821,#4822,#4823,#4824,#4825,#4826,#4827,#4828,#4829),.UNSPECIFIED.,.F.,.F.,(5,4,4,4,4,4,4,5),(0.0,1.0,2.0,3.0,4.0,5.0,6.0,7.00000000000077),.UNSPECIFIED.);
#1200=B_SPLINE_CURVE_WITH_KNOTS('',3,(#4830,#4831,#4832,#4833,#4834,#4835,#4836,#4837,#4838,#4839),.UNSPECIFIED.,.F.,.F.,(4,3,3,4),(0.0,1.0,2.0,3.0),.UNSPECIFIED.);
#1201=B_SPLINE_CURVE_WITH_KNOTS('',3,(#4840,#4841,#4842,#4843,#4844,#4845,#4846,#4847,#4848,#4849,#4850,#4851,#4852,#4853,#4854,#4855,#4856,#4857,#4858,#4859,#4860,#4861,#4862,#4863,#4864,#4865,#4866,#4867,#4868,#4869,#4870,#4871,#4872,#4873,#4874,#4875,#4876,#4877,#4878,#4879,#4880,#4881,#4882,#4883,#4884,#4885,#4886,#4887,#4888,#4889,#4890,#4891,#4892,#4893,#4894,#4895,#4896,#4897,#4898,#4899,#4900,#4901,#4902,#4903,#4904,#4905,#4906,#4907,#4908,#4909,#4910,#4911,#4912,#4913,#4914,#4915,#4916,#4917,#4918,#4919,#4920,#4921,#4922,#4923,#4924,#4925,#4926,#4927,#4928,#4929,#4930,#4931,#4932,#4933,#4934,#4935,#4936,#4937,#4938,#4939,#4940,#4941,#4942,#4943,#4944,#4945,#4946,#4947,#4948,#4949,#4950,#4951,#4952,#4953,#4954,#4955,#4956,#4957,#4958,#4959,#4960,#4961,#4962,#4963,#4964,#4965,#4966,#4967,#4968,#4969,#4970,#4971,#4972,#4973,#4974,#4975,#4976,#4977,#4978,#4979,#4980,#4981,#4982,#4983,#4984,#4985,#4986,#4987,#4988,#4989,#4990,#4991,#4992,#4993,#4994,#4995,#4996,#4997,#4998,#4999,#5000,#5001,#5002,#5003,#5004,#5005,#5006,#5007,#5008,#5009,#5010,#5011,#5012,#5013,#5014,#5015,#5016,#5017,#5018,#5019,#5020,#5021,#5022,#5023,#5024,#5025,#5026,#5027,#5028,#5029,#5030,#5031,#5032,#5033,#5034,#5035,#5036,#5037,#5038,#5039,#5040,#5041,#5042,#5043,#5044,#5045,#5046,#5047,#5048,#5049,#5050,#5051,#5052,#5053,#5054,#5055,#5056,#5057,#5058,#5059,#5060,#5061,#5062,#5063,#5064,#5065,#5066,#5067,#5068,#5069,#5070,#5071,#5072,#5073,#5074,#5075,#5076,#5077,#5078,#5079,#5080,#5081,#5082,#5083,#5084,#5085,#5086,#5087,#5088,#5089,#5090,#5091,#5092,#5093,#5094,#5095,#5096,#5097,#5098,#5099,#5100,#5101,#5102,#5103,#5104,#5105,#5106,#5107,#5108,#5109,#5110,#5111,#5112,#5113,#5114,#5115,#5116,#5117,#5118,#5119,#5120,#5121,#5122,#5123,#5124,#5125,#5126,#5127,#5128,#5129,#5130,#5131,#5132,#5133,#5134,#5135,#5136,#5137,#5138,#5139,#5140,#5141,#5142,#5143,#5144,#5145,#5146,#5147,#5148,#5149,#5150,#5151,#5152,#5153,#5154,#5155,#5156,#5157,#5158,#5159,#5160,#5161,#5162,#5163,#5164,#5165,#5166,#5167,#5168,#5169,#5170,#5171,#5172,#5173,#5174,#5175,#5176,#5177,#5178,#5179,#5180,#5181,#5182,#5183,#5184,#5185,#5186,#5187,#5188,#5189,#5190,#5191,#5192,#5193,#5194,#5195,#5196,#5197,#5198,#5199,#5200,#5201,#5202,#5203,#5204,#5205,#5206,#5207,#5208,#5209,#5210,#5211,#5212,#5213,#5214,#5215,#5216,#5217,#5218,#5219,#5220,#5221,#5222,#5223,#5224,#5225,#5226,#5227,#5228,#5229,#5230,#5231,#5232,#5233,#5234,#5235,#5236,#5237,#5238,#5239,#5240,#5241,#5242,#5243,#5244,#5245,#5246,#5247,#5248,#5249,#5250,#5251,#5252,#5253,#5254,#5255,#5256,#5257,#5258,#5259,#5260,#5261,#5262,#5263,#5264,#5265,#5266,#5267,#5268,#5269,#5270,#5271,#5272,#5273,#5274,#5275,#5276,#5277,#5278,#5279,#5280,#5281,#5282,#5283,#5284,#5285,#5286,#5287,#5288,#5289,#5290,#5291,#5292,#5293,#5294,#5295,#5296,#5297,#5298,#5299,#5300,#5301,#5302,#5303,#5304,#5305,#5306,#5307,#5308,#5309,#5310,#5311,#5312,#5313,#5314,#5315,#5316,#5317,#5318,#5319,#5320,#5321,#5322,#5323,#5324,#5325,#5326,#5327,#5328,#5329),.UNSPECIFIED.,.F.,.F.,(4,3,3,3,3,3,3,3,3,3,3,3,3,3,3,3,3,3,3,3,3,3,3,3,3,3,3,3,3,3,3,3,3,3,3,3,3,3,3,3,3,3,3,3,3,3,3,3,3,3,3,3,3,3,3,3,3,3,3,3,3,3,3,3,3,3,3,3,3,3,3,3,3,3,3,3,3,3,3,3,3,3,3,3,3,3,3,3,3,3,3,3,3,3,3,3,3,3,3,3,3,3,3,3,3,3,3,3,3,3,3,3,3,3,3,3,3,3,3,3,3,3,3,3,3,3,3,3,3,3,3,3,3,3,3,3,3,3,3,3,3,3,3,3,3,3,3,3,3,3,3,3,3,3,3,3,3,3,3,3,3,3,3,4),(0.0,1.0,2.0,3.0,4.0,5.0,6.0,7.0,8.0,9.0,10.0,11.0,12.0,13.0,14.0,15.0,16.0,17.0,18.0,19.0,20.0,21.0,22.0,23.0,24.0,25.0,26.0,27.0,28.0,29.0,30.0,31.0,32.0,33.0,34.0,35.0,36.0,37.0,38.0,39.0,40.0,41.0,42.0,43.0,44.0,45.0,46.0,47.0,48.0,49.0,50.0,51.0,52.0,53.0,54.0,55.0,56.0,57.0,58.0,59.0,60.0,61.0,62.0,63.0,64.0,65.0,66.0,67.0,68.0,69.0,70.0,71.0,72.0,73.0,74.0,75.0,76.0,77.0,78.0,79.0,80.0,81.0,82.0,83.0,84.0,85.0,86.0,87.0,88.0,89.0,90.0,91.0,92.0,93.0,94.0,95.0,96.0,97.0,98.0,99.0,100.0,101.0,102.0,103.0,104.0,105.0,106.0,107.0,108.0,109.0,110.0,111.0,112.0,113.0,114.0,115.0,116.0,117.0,118.0,119.0,120.0,121.0,122.0,123.0,124.0,125.0,126.0,127.0,128.0,129.0,130.0,131.0,132.0,133.0,134.0,135.0,136.0,137.0,138.0,139.0,140.0,141.0,142.0,143.0,144.0,145.0,146.0,147.0,148.0,149.0,150.0,151.0,152.0,153.0,154.0,155.0,156.0,157.0,158.0,159.0,160.0,161.0,162.0,163.0),.UNSPECIFIED.);
#1202=B_SPLINE_CURVE_WITH_KNOTS('',3,(#5330,#5331,#5332,#5333,#5334,#5335,#5336,#5337,#5338,#5339,#5340,#5341,#5342,#5343,#5344,#5345,#5346,#5347,#5348,#5349,#5350,#5351,#5352,#5353,#5354,#5355,#5356,#5357,#5358,#5359,#5360,#5361,#5362,#5363,#5364,#5365,#5366,#5367,#5368,#5369,#5370,#5371,#5372,#5373,#5374,#5375,#5376,#5377,#5378,#5379,#5380,#5381,#5382,#5383,#5384,#5385,#5386,#5387,#5388,#5389,#5390,#5391,#5392,#5393,#5394,#5395,#5396,#5397,#5398,#5399,#5400,#5401,#5402,#5403,#5404,#5405,#5406,#5407,#5408,#5409,#5410,#5411,#5412,#5413,#5414,#5415,#5416,#5417,#5418,#5419,#5420,#5421,#5422,#5423,#5424,#5425,#5426,#5427,#5428,#5429,#5430,#5431,#5432,#5433,#5434,#5435,#5436,#5437,#5438,#5439,#5440,#5441,#5442,#5443,#5444,#5445,#5446,#5447,#5448,#5449,#5450,#5451,#5452,#5453,#5454,#5455,#5456,#5457,#5458,#5459,#5460,#5461,#5462,#5463,#5464,#5465,#5466,#5467,#5468,#5469,#5470,#5471,#5472,#5473,#5474,#5475,#5476,#5477,#5478,#5479,#5480,#5481,#5482,#5483,#5484,#5485,#5486,#5487,#5488,#5489,#5490,#5491,#5492,#5493,#5494,#5495,#5496,#5497,#5498,#5499,#5500,#5501,#5502,#5503,#5504,#5505,#5506,#5507,#5508,#5509,#5510,#5511,#5512,#5513,#5514,#5515,#5516,#5517,#5518,#5519,#5520,#5521,#5522,#5523,#5524,#5525,#5526,#5527,#5528,#5529,#5530,#5531,#5532,#5533,#5534,#5535,#5536,#5537,#5538,#5539,#5540,#5541,#5542,#5543,#5544,#5545,#5546,#5547,#5548,#5549,#5550,#5551,#5552,#5553,#5554,#5555,#5556,#5557,#5558,#5559,#5560,#5561,#5562,#5563,#5564,#5565,#5566,#5567,#5568,#5569,#5570,#5571,#5572,#5573,#5574,#5575,#5576,#5577,#5578,#5579,#5580,#5581,#5582,#5583,#5584,#5585,#5586,#5587,#5588,#5589,#5590,#5591,#5592,#5593,#5594,#5595,#5596,#5597,#5598,#5599,#5600,#5601,#5602,#5603,#5604,#5605,#5606,#5607,#5608,#5609,#5610,#5611,#5612,#5613,#5614,#5615,#5616,#5617,#5618,#5619,#5620,#5621,#5622,#5623,#5624,#5625,#5626,#5627,#5628,#5629,#5630,#5631,#5632,#5633,#5634,#5635,#5636,#5637,#5638,#5639,#5640,#5641,#5642,#5643,#5644,#5645,#5646,#5647,#5648,#5649,#5650,#5651,#5652,#5653,#5654,#5655,#5656,#5657,#5658,#5659,#5660,#5661,#5662,#5663,#5664,#5665,#5666,#5667,#5668,#5669,#5670,#5671,#5672,#5673,#5674,#5675,#5676,#5677,#5678,#5679,#5680,#5681,#5682,#5683,#5684,#5685,#5686,#5687,#5688,#5689,#5690,#5691,#5692,#5693,#5694,#5695,#5696,#5697,#5698,#5699,#5700,#5701,#5702,#5703,#5704,#5705,#5706,#5707,#5708,#5709,#5710,#5711,#5712,#5713,#5714,#5715,#5716,#5717,#5718,#5719,#5720,#5721,#5722,#5723,#5724,#5725,#5726,#5727,#5728,#5729,#5730,#5731,#5732,#5733,#5734,#5735,#5736,#5737,#5738,#5739,#5740,#5741,#5742,#5743,#5744,#5745,#5746,#5747,#5748,#5749,#5750,#5751,#5752,#5753,#5754,#5755,#5756,#5757,#5758,#5759,#5760,#5761,#5762,#5763,#5764,#5765,#5766,#5767,#5768,#5769,#5770,#5771,#5772,#5773,#5774,#5775,#5776,#5777,#5778,#5779,#5780,#5781,#5782,#5783,#5784,#5785,#5786,#5787,#5788,#5789,#5790,#5791,#5792,#5793,#5794,#5795,#5796,#5797,#5798,#5799,#5800,#5801,#5802,#5803,#5804,#5805,#5806,#5807,#5808,#5809,#5810,#5811,#5812,#5813,#5814,#5815,#5816,#5817,#5818,#5819,#5820,#5821,#5822,#5823,#5824,#5825,#5826,#5827,#5828,#5829,#5830,#5831,#5832,#5833,#5834,#5835,#5836,#5837,#5838,#5839,#5840,#5841,#5842,#5843,#5844,#5845,#5846,#5847,#5848,#5849,#5850,#5851,#5852,#5853,#5854,#5855,#5856,#5857,#5858,#5859,#5860,#5861,#5862,#5863,#5864,#5865,#5866,#5867,#5868,#5869,#5870,#5871,#5872,#5873,#5874,#5875,#5876,#5877,#5878,#5879,#5880,#5881,#5882,#5883,#5884,#5885,#5886,#5887,#5888,#5889,#5890,#5891,#5892,#5893,#5894,#5895,#5896,#5897,#5898,#5899,#5900,#5901,#5902,#5903,#5904,#5905,#5906,#5907,#5908,#5909,#5910,#5911,#5912,#5913,#5914,#5915,#5916,#5917,#5918,#5919,#5920,#5921,#5922,#5923,#5924,#5925,#5926,#5927,#5928,#5929,#5930,#5931,#5932,#5933,#5934,#5935,#5936,#5937,#5938,#5939,#5940,#5941,#5942,#5943,#5944,#5945,#5946,#5947,#5948,#5949,#5950,#5951,#5952,#5953,#5954,#5955,#5956,#5957,#5958,#5959,#5960,#5961,#5962,#5963,#5964,#5965,#5966,#5967,#5968,#5969,#5970,#5971,#5972,#5973,#5974,#5975,#5976,#5977,#5978,#5979,#5980,#5981,#5982,#5983,#5984,#5985,#5986,#5987,#5988,#5989,#5990,#5991,#5992,#5993,#5994,#5995,#5996,#5997,#5998,#5999,#6000,#6001,#6002,#6003,#6004,#6005,#6006,#6007,#6008,#6009,#6010,#6011,#6012,#6013,#6014,#6015,#6016,#6017,#6018,#6019,#6020,#6021,#6022,#6023,#6024,#6025,#6026,#6027,#6028,#6029,#6030,#6031,#6032,#6033,#6034,#6035,#6036,#6037,#6038,#6039,#6040,#6041,#6042,#6043,#6044,#6045,#6046,#6047,#6048,#6049,#6050,#6051,#6052,#6053,#6054,#6055,#6056,#6057,#6058,#6059,#6060,#6061,#6062,#6063,#6064,#6065,#6066,#6067,#6068,#6069,#6070,#6071,#6072,#6073,#6074,#6075,#6076,#6077,#6078,#6079,#6080,#6081,#6082,#6083,#6084,#6085,#6086,#6087,#6088,#6089,#6090,#6091,#6092,#6093,#6094,#6095,#6096,#6097,#6098,#6099,#6100,#6101,#6102,#6103,#6104,#6105,#6106,#6107,#6108,#6109,#6110,#6111,#6112,#6113,#6114,#6115,#6116,#6117,#6118,#6119,#6120,#6121,#6122,#6123,#6124,#6125,#6126,#6127,#6128,#6129,#6130,#6131,#6132,#6133,#6134,#6135,#6136,#6137,#6138,#6139,#6140,#6141,#6142,#6143,#6144,#6145,#6146,#6147,#6148,#6149,#6150,#6151,#6152,#6153,#6154,#6155,#6156,#6157,#6158,#6159,#6160,#6161,#6162,#6163,#6164,#6165,#6166,#6167,#6168,#6169,#6170,#6171,#6172,#6173,#6174,#6175,#6176,#6177,#6178,#6179,#6180,#6181,#6182,#6183,#6184,#6185,#6186,#6187,#6188,#6189,#6190,#6191,#6192,#6193,#6194,#6195,#6196,#6197,#6198,#6199,#6200,#6201,#6202,#6203,#6204,#6205,#6206,#6207,#6208,#6209,#6210,#6211,#6212,#6213,#6214,#6215,#6216,#6217,#6218,#6219,#6220,#6221,#6222,#6223,#6224,#6225,#6226,#6227,#6228,#6229,#6230,#6231,#6232,#6233,#6234,#6235,#6236,#6237,#6238,#6239,#6240,#6241,#6242,#6243,#6244,#6245,#6246,#6247,#6248,#6249,#6250,#6251,#6252,#6253,#6254,#6255,#6256,#6257,#6258,#6259,#6260,#6261,#6262,#6263,#6264,#6265,#6266,#6267,#6268,#6269,#6270,#6271,#6272,#6273,#6274,#6275,#6276,#6277,#6278,#6279,#6280,#6281,#6282,#6283,#6284,#6285,#6286,#6287,#6288,#6289,#6290,#6291,#6292,#6293,#6294,#6295,#6296,#6297,#6298,#6299,#6300,#6301,#6302,#6303,#6304,#6305,#6306,#6307,#6308,#6309,#6310,#6311,#6312,#6313,#6314,#6315,#6316,#6317,#6318,#6319,#6320,#6321,#6322,#6323,#6324,#6325,#6326,#6327,#6328,#6329,#6330,#6331,#6332,#6333,#6334,#6335,#6336,#6337,#6338,#6339,#6340,#6341,#6342,#6343,#6344,#6345,#6346,#6347,#6348,#6349,#6350,#6351,#6352,#6353,#6354,#6355,#6356,#6357,#6358,#6359,#6360,#6361,#6362,#6363,#6364,#6365,#6366,#6367,#6368,#6369,#6370,#6371,#6372,#6373,#6374,#6375,#6376,#6377,#6378,#6379,#6380,#6381,#6382,#6383,#6384,#6385,#6386,#6387,#6388,#6389,#6390,#6391,#6392,#6393,#6394,#6395,#6396,#6397,#6398,#6399,#6400,#6401,#6402,#6403,#6404,#6405,#6406,#6407,#6408,#6409,#6410,#6411,#6412,#6413,#6414,#6415,#6416,#6417,#6418,#6419,#6420,#6421,#6422,#6423,#6424,#6425,#6426,#6427,#6428,#6429,#6430,#6431,#6432,#6433,#6434,#6435,#6436,#6437,#6438,#6439,#6440,#6441,#6442,#6443,#6444,#6445,#6446,#6447,#6448,#6449,#6450,#6451,#6452,#6453,#6454,#6455,#6456,#6457,#6458,#6459,#6460,#6461,#6462,#6463,#6464,#6465,#6466,#6467,#6468,#6469,#6470,#6471,#6472,#6473,#6474,#6475,#6476,#6477,#6478,#6479,#6480,#6481,#6482,#6483,#6484,#6485,#6486,#6487,#6488,#6489,#6490,#6491,#6492,#6493,#6494,#6495,#6496,#6497,#6498,#6499,#6500,#6501,#6502,#6503,#6504,#6505,#6506,#6507,#6508,#6509,#6510,#6511,#6512,#6513,#6514,#6515,#6516,#6517,#6518,#6519,#6520,#6521,#6522,#6523,#6524,#6525,#6526,#6527,#6528,#6529,#6530,#6531,#6532,#6533,#6534,#6535,#6536,#6537,#6538,#6539,#6540,#6541,#6542,#6543,#6544,#6545,#6546,#6547,#6548,#6549,#6550,#6551,#6552,#6553,#6554,#6555,#6556,#6557,#6558,#6559,#6560,#6561,#6562,#6563,#6564,#6565,#6566,#6567,#6568,#6569,#6570,#6571,#6572,#6573,#6574,#6575,#6576,#6577,#6578,#6579,#6580,#6581,#6582,#6583,#6584,#6585,#6586,#6587,#6588,#6589,#6590,#6591,#6592,#6593,#6594,#6595,#6596,#6597,#6598,#6599,#6600,#6601,#6602,#6603,#6604,#6605,#6606,#6607,#6608,#6609,#6610,#6611,#6612,#6613,#6614,#6615,#6616,#6617,#6618,#6619,#6620,#6621,#6622,#6623,#6624,#6625,#6626,#6627,#6628,#6629,#6630,#6631,#6632,#6633,#6634,#6635,#6636,#6637,#6638,#6639,#6640,#6641,#6642,#6643,#6644,#6645,#6646,#6647,#6648,#6649,#6650,#6651,#6652,#6653,#6654,#6655,#6656,#6657,#6658,#6659,#6660,#6661,#6662,#6663,#6664,#6665,#6666,#6667,#6668,#6669,#6670,#6671,#6672,#6673,#6674,#6675,#6676,#6677,#6678,#6679,#6680,#6681,#6682,#6683,#6684,#6685,#6686,#6687,#6688,#6689,#6690,#6691,#6692,#6693,#6694,#6695,#6696,#6697,#6698,#6699,#6700,#6701,#6702,#6703,#6704,#6705,#6706,#6707,#6708,#6709,#6710,#6711,#6712,#6713,#6714,#6715,#6716,#6717,#6718,#6719,#6720,#6721,#6722,#6723,#6724,#6725,#6726,#6727,#6728,#6729,#6730,#6731,#6732,#6733,#6734,#6735,#6736,#6737,#6738,#6739,#6740,#6741,#6742,#6743,#6744,#6745,#6746,#6747,#6748,#6749,#6750,#6751,#6752,#6753,#6754,#6755,#6756,#6757,#6758,#6759,#6760,#6761,#6762,#6763,#6764,#6765,#6766,#6767,#6768,#6769,#6770,#6771,#6772,#6773,#6774,#6775,#6776,#6777,#6778,#6779,#6780,#6781,#6782,#6783,#6784,#6785,#6786,#6787,#6788,#6789,#6790,#6791,#6792,#6793,#6794,#6795,#6796,#6797,#6798,#6799,#6800,#6801,#6802,#6803,#6804,#6805,#6806,#6807,#6808,#6809,#6810,#6811,#6812,#6813,#6814,#6815,#6816,#6817,#6818,#6819,#6820,#6821,#6822,#6823,#6824,#6825,#6826,#6827,#6828,#6829,#6830,#6831,#6832,#6833,#6834,#6835,#6836,#6837,#6838,#6839,#6840,#6841,#6842,#6843,#6844,#6845,#6846,#6847,#6848,#6849,#6850,#6851,#6852,#6853,#6854,#6855,#6856,#6857,#6858,#6859,#6860,#6861,#6862,#6863,#6864,#6865,#6866,#6867,#6868,#6869,#6870,#6871,#6872,#6873,#6874,#6875,#6876,#6877,#6878,#6879,#6880,#6881,#6882,#6883,#6884,#6885,#6886,#6887,#6888,#6889,#6890,#6891,#6892,#6893,#6894,#6895,#6896,#6897,#6898,#6899,#6900,#6901,#6902,#6903,#6904,#6905,#6906,#6907,#6908,#6909,#6910,#6911,#6912,#6913,#6914,#6915,#6916,#6917,#6918,#6919,#6920,#6921,#6922,#6923,#6924,#6925,#6926,#6927,#6928,#6929,#6930,#6931,#6932,#6933,#6934,#6935,#6936,#6937,#6938,#6939,#6940,#6941,#6942,#6943,#6944,#6945,#6946,#6947,#6948,#6949,#6950,#6951,#6952,#6953,#6954,#6955,#6956,#6957,#6958,#6959,#6960,#6961,#6962,#6963,#6964,#6965,#6966,#6967,#6968,#6969,#6970,#6971,#6972,#6973,#6974,#6975,#6976,#6977,#6978,#6979,#6980,#6981,#6982,#6983,#6984,#6985,#6986,#6987,#6988,#6989,#6990,#6991,#6992,#6993,#6994,#6995,#6996,#6997,#6998,#6999,#7000,#7001,#7002,#7003,#7004,#7005,#7006,#7007,#7008,#7009,#7010,#7011,#7012,#7013,#7014,#7015,#7016,#7017,#7018,#7019,#7020,#7021,#7022,#7023,#7024,#7025,#7026,#7027,#7028,#7029,#7030,#7031,#7032,#7033,#7034,#7035,#7036,#7037,#7038,#7039,#7040,#7041,#7042,#7043,#7044,#7045,#7046,#7047,#7048,#7049,#7050,#7051,#7052,#7053,#7054,#7055,#7056,#7057,#7058,#7059,#7060,#7061,#7062,#7063,#7064,#7065,#7066,#7067,#7068,#7069,#7070,#7071,#7072,#7073,#7074,#7075,#7076,#7077,#7078,#7079,#7080,#7081,#7082,#7083,#7084,#7085,#7086,#7087,#7088,#7089,#7090,#7091,#7092,#7093,#7094,#7095,#7096,#7097,#7098,#7099,#7100,#7101,#7102,#7103,#7104,#7105,#7106,#7107,#7108,#7109,#7110,#7111,#7112,#7113,#7114,#7115,#7116,#7117,#7118,#7119,#7120,#7121,#7122,#7123,#7124,#7125,#7126,#7127,#7128,#7129,#7130,#7131,#7132,#7133,#7134,#7135,#7136,#7137,#7138,#7139,#7140,#7141,#7142,#7143,#7144,#7145,#7146,#7147,#7148,#7149,#7150,#7151,#7152,#7153,#7154,#7155,#7156,#7157,#7158,#7159,#7160,#7161,#7162,#7163,#7164,#7165,#7166,#7167,#7168,#7169,#7170,#7171,#7172,#7173,#7174,#7175,#7176,#7177,#7178,#7179,#7180,#7181,#7182,#7183,#7184,#7185,#7186,#7187,#7188,#7189,#7190,#7191,#7192,#7193,#7194,#7195,#7196,#7197,#7198,#7199,#7200,#7201,#7202,#7203,#7204,#7205,#7206,#7207,#7208,#7209,#7210,#7211,#7212,#7213,#7214,#7215,#7216,#7217,#7218,#7219,#7220,#7221,#7222,#7223,#7224,#7225,#7226,#7227,#7228,#7229,#7230,#7231,#7232,#7233,#7234,#7235,#7236,#7237,#7238,#7239,#7240,#7241,#7242,#7243,#7244,#7245,#7246,#7247,#7248,#7249,#7250,#7251,#7252,#7253,#7254,#7255,#7256,#7257,#7258,#7259,#7260,#7261,#7262,#7263,#7264,#7265,#7266,#7267,#7268,#7269,#7270,#7271,#7272,#7273,#7274,#7275,#7276,#7277,#7278,#7279,#7280,#7281,#7282,#7283,#7284,#7285,#7286,#7287,#7288,#7289,#7290,#7291,#7292,#7293,#7294,#7295,#7296,#7297,#7298,#7299,#7300,#7301,#7302,#7303,#7304,#7305,#7306,#7307,#7308,#7309,#7310,#7311,#7312,#7313,#7314,#7315,#7316,#7317,#7318,#7319,#7320,#7321,#7322,#7323,#7324,#7325,#7326,#7327,#7328,#7329,#7330,#7331,#7332,#7333,#7334,#7335,#7336,#7337,#7338,#7339,#7340,#7341,#7342,#7343,#7344,#7345,#7346,#7347,#7348,#7349,#7350,#7351,#7352,#7353,#7354,#7355,#7356,#7357,#7358,#7359,#7360,#7361,#7362,#7363,#7364,#7365,#7366,#7367,#7368,#7369,#7370,#7371,#7372,#7373,#7374,#7375,#7376,#7377,#7378,#7379,#7380,#7381,#7382,#7383,#7384,#7385,#7386,#7387,#7388,#7389,#7390,#7391,#7392,#7393,#7394,#7395,#7396,#7397,#7398,#7399,#7400,#7401,#7402,#7403,#7404,#7405,#7406,#7407,#7408,#7409,#7410,#7411,#7412,#7413,#7414,#7415,#7416,#7417,#7418,#7419,#7420,#7421,#7422,#7423,#7424,#7425,#7426,#7427,#7428,#7429,#7430,#7431,#7432,#7433,#7434,#7435,#7436,#7437,#7438,#7439,#7440,#7441,#7442,#7443,#7444,#7445,#7446,#7447,#7448,#7449,#7450,#7451,#7452,#7453,#7454,#7455,#7456,#7457,#7458,#7459,#7460,#7461,#7462,#7463,#7464,#7465,#7466,#7467,#7468,#7469,#7470,#7471,#7472,#7473,#7474,#7475,#7476,#7477,#7478,#7479,#7480,#7481,#7482,#7483,#7484,#7485,#7486,#7487,#7488,#7489,#7490,#7491,#7492,#7493,#7494,#7495,#7496,#7497,#7498,#7499,#7500,#7501,#7502,#7503,#7504,#7505,#7506,#7507,#7508,#7509,#7510,#7511,#7512,#7513,#7514,#7515,#7516,#7517,#7518,#7519,#7520,#7521,#7522,#7523,#7524,#7525,#7526,#7527,#7528,#7529,#7530,#7531,#7532,#7533,#7534,#7535,#7536,#7537,#7538,#7539,#7540,#7541,#7542,#7543,#7544,#7545,#7546,#7547,#7548,#7549,#7550,#7551,#7552,#7553,#7554,#7555,#7556,#7557,#7558,#7559,#7560,#7561,#7562,#7563,#7564,#7565,#7566,#7567,#7568,#7569,#7570,#7571,#7572,#7573,#7574,#7575,#7576,#7577,#7578,#7579,#7580,#7581,#7582,#7583,#7584,#7585,#7586,#7587,#7588,#7589,#7590,#7591,#7592,#7593,#7594,#7595,#7596,#7597,#7598,#7599,#7600,#7601,#7602,#7603,#7604,#7605,#7606,#7607,#7608,#7609,#7610,#7611,#7612,#7613,#7614,#7615,#7616,#7617,#7618,#7619,#7620,#7621,#7622,#7623,#7624,#7625),.UNSPECIFIED.,.F.,.F.,(4,3,3,3,3,3,3,3,3,3,3,3,3,3,3,3,3,3,3,3,3,3,3,3,3,3,3,3,3,3,3,3,3,3,3,3,3,3,3,3,3,3,3,3,3,3,3,3,3,3,3,3,3,3,3,3,3,3,3,3,3,3,3,3,3,3,3,3,3,3,3,3,3,3,3,3,3,3,3,3,3,3,3,3,3,3,3,3,3,3,3,3,3,3,3,3,3,3,3,3,3,3,3,3,3,3,3,3,3,3,3,3,3,3,3,3,3,3,3,3,3,3,3,3,3,3,3,3,3,3,3,3,3,3,3,3,3,3,3,3,3,3,3,3,3,3,3,3,3,3,3,3,3,3,3,3,3,3,3,3,3,3,3,3,3,3,3,3,3,3,3,3,3,3,3,3,3,3,3,3,3,3,3,3,3,3,3,3,3,3,3,3,3,3,3,3,3,3,3,3,3,3,3,3,3,3,3,3,3,3,3,3,3,3,3,3,3,3,3,3,3,3,3,3,3,3,3,3,3,3,3,3,3,3,3,3,3,3,3,3,3,3,3,3,3,3,3,3,3,3,3,3,3,3,3,3,3,3,3,3,3,3,3,3,3,3,3,3,3,3,3,3,3,3,3,3,3,3,3,3,3,3,3,3,3,3,3,3,3,3,3,3,3,3,3,3,3,3,3,3,3,3,3,3,3,3,3,3,3,3,3,3,3,3,3,3,3,3,3,3,3,3,3,3,3,3,3,3,3,3,3,3,3,3,3,3,3,3,3,3,3,3,3,3,3,3,3,3,3,3,3,3,3,3,3,3,3,3,3,3,3,3,3,3,3,3,3,3,3,3,3,3,3,3,3,3,3,3,3,3,3,3,3,3,3,3,3,3,3,3,3,3,3,3,3,3,3,3,3,3,3,3,3,3,3,3,3,3,3,3,3,3,3,3,3,3,3,3,3,3,3,3,3,3,3,3,3,3,3,3,3,3,3,3,3,3,3,3,3,3,3,3,3,3,3,3,3,3,3,3,3,3,3,3,3,3,3,3,3,3,3,3,3,3,3,3,3,3,3,3,3,3,3,3,3,3,3,3,3,3,3,3,3,3,3,3,3,3,3,3,3,3,3,3,3,3,3,3,3,3,3,3,3,3,3,3,3,3,3,3,3,3,3,3,3,3,3,3,3,3,3,3,3,3,3,3,3,3,3,3,3,3,3,3,3,3,3,3,3,3,3,3,3,3,3,3,3,3,3,3,3,3,3,3,3,3,3,3,3,3,3,3,3,3,3,3,3,3,3,3,3,3,3,3,3,3,3,3,3,3,3,3,3,3,3,3,3,3,3,3,3,3,3,3,3,3,3,3,3,3,3,3,3,3,3,3,3,3,3,3,3,3,3,3,3,3,3,3,3,3,3,3,3,3,3,3,3,3,3,3,3,3,3,3,3,3,3,3,3,3,3,3,3,3,3,3,3,3,3,3,3,3,3,3,3,3,3,3,3,3,3,3,3,3,3,3,3,3,3,3,3,3,3,3,3,3,3,3,3,3,3,3,3,3,3,3,3,3,3,3,3,3,3,3,3,3,3,3,3,3,3,3,3,3,3,3,3,3,3,3,3,3,3,3,3,3,3,3,3,3,3,3,3,3,3,3,3,3,3,3,3,3,3,3,3,3,3,3,3,3,3,3,3,3,3,3,3,3,3,3,3,3,3,3,3,3,3,3,3,3,3,3,3,3,3,4),(0.0,1.0,2.0,3.0,4.0,5.0,6.0,7.0,8.0,9.0,10.0,11.0,12.0,13.0,14.0,15.0,16.0,17.0,18.0,19.0,20.0,21.0,22.0,23.0,24.0,25.0,26.0,27.0,28.0,29.0,30.0,31.0,32.0,33.0,34.0,35.0,36.0,37.0,38.0,39.0,40.0,41.0,42.0,43.0,44.0,45.0,46.0,47.0,48.0,49.0,50.0,51.0,52.0,53.0,54.0,55.0,56.0,57.0,58.0,59.0,60.0,61.0,62.0,63.0,64.0,65.0,66.0,67.0,68.0,69.0,70.0,71.0,72.0,73.0,74.0,75.0,76.0,77.0,78.0,79.0,80.0,81.0,82.0,83.0,84.0,85.0,86.0,87.0,88.0,89.0,90.0,91.0,92.0,93.0,94.0,95.0,96.0,97.0,98.0,99.0,100.0,101.0,102.0,103.0,104.0,105.0,106.0,107.0,108.0,109.0,110.0,111.0,112.0,113.0,114.0,115.0,116.0,117.0,118.0,119.0,120.0,121.0,122.0,123.0,124.0,125.0,126.0,127.0,128.0,129.0,130.0,131.0,132.0,133.0,134.0,135.0,136.0,137.0,138.0,139.0,140.0,141.0,142.0,143.0,144.0,145.0,146.0,147.0,148.0,149.0,150.0,151.0,152.0,153.0,154.0,155.0,156.0,157.0,158.0,159.0,160.0,161.0,162.0,163.0,164.0,165.0,166.0,167.0,168.0,169.0,170.0,171.0,172.0,173.0,174.0,175.0,176.0,177.0,178.0,179.0,180.0,181.0,182.0,183.0,184.0,185.0,186.0,187.0,188.0,189.0,190.0,191.0,192.0,193.0,194.0,195.0,196.0,197.0,198.0,199.0,200.0,201.0,202.0,203.0,204.0,205.0,206.0,207.0,208.0,209.0,210.0,211.0,212.0,213.0,214.0,215.0,216.0,217.0,218.0,219.0,220.0,221.0,222.0,223.0,224.0,225.0,226.0,227.0,228.0,229.0,230.0,231.0,232.0,233.0,234.0,235.0,236.0,237.0,238.0,239.0,240.0,241.0,242.0,243.0,244.0,245.0,246.0,247.0,248.0,249.0,250.0,251.0,252.0,253.0,254.0,255.0,256.0,257.0,258.0,259.0,260.0,261.0,262.0,263.0,264.0,265.0,266.0,267.0,268.0,269.0,270.0,271.0,272.0,273.0,274.0,275.0,276.0,277.0,278.0,279.0,280.0,281.0,282.0,283.0,284.0,285.0,286.0,287.0,288.0,289.0,290.0,291.0,292.0,293.0,294.0,295.0,296.0,297.0,298.0,299.0,300.0,301.0,302.0,303.0,304.0,305.0,306.0,307.0,308.0,309.0,310.0,311.0,312.0,313.0,314.0,315.0,316.0,317.0,318.0,319.0,320.0,321.0,322.0,323.0,324.0,325.0,326.0,327.0,328.0,329.0,330.0,331.0,332.0,333.0,334.0,335.0,336.0,337.0,338.0,339.0,340.0,341.0,342.0,343.0,344.0,345.0,346.0,347.0,348.0,349.0,350.0,351.0,352.0,353.0,354.0,355.0,356.0,357.0,358.0,359.0,360.0,361.0,362.0,363.0,364.0,365.0,366.0,367.0,368.0,369.0,370.0,371.0,372.0,373.0,374.0,375.0,376.0,377.0,378.0,379.0,380.0,381.0,382.0,383.0,384.0,385.0,386.0,387.0,388.0,389.0,390.0,391.0,392.0,393.0,394.0,395.0,396.0,397.0,398.0,399.0,400.0,401.0,402.0,403.0,404.0,405.0,406.0,407.0,408.0,409.0,410.0,411.0,412.0,413.0,414.0,415.0,416.0,417.0,418.0,419.0,420.0,421.0,422.0,423.0,424.0,425.0,426.0,427.0,428.0,429.0,430.0,431.0,432.0,433.0,434.0,435.0,436.0,437.0,438.0,439.0,440.0,441.0,442.0,443.0,444.0,445.0,446.0,447.0,448.0,449.0,450.0,451.0,452.0,453.0,454.0,455.0,456.0,457.0,458.0,459.0,460.0,461.0,462.0,463.0,464.0,465.0,466.0,467.0,468.0,469.0,470.0,471.0,472.0,473.0,474.0,475.0,476.0,477.0,478.0,479.0,480.0,481.0,482.0,483.0,484.0,485.0,486.0,487.0,488.0,489.0,490.0,491.0,492.0,493.0,494.0,495.0,496.0,497.0,498.0,499.0,500.0,501.0,502.0,503.0,504.0,505.0,506.0,507.0,508.0,509.0,510.0,511.0,512.0,513.0,514.0,515.0,516.0,517.0,518.0,519.0,520.0,521.0,522.0,523.0,524.0,525.0,526.0,527.0,528.0,529.0,530.0,531.0,532.0,533.0,534.0,535.0,536.0,537.0,538.0,539.0,540.0,541.0,542.0,543.0,544.0,545.0,546.0,547.0,548.0,549.0,550.0,551.0,552.0,553.0,554.0,555.0,556.0,557.0,558.0,559.0,560.0,561.0,562.0,563.0,564.0,565.0,566.0,567.0,568.0,569.0,570.0,571.0,572.0,573.0,574.0,575.0,576.0,577.0,578.0,579.0,580.0,581.0,582.0,583.0,584.0,585.0,586.0,587.0,588.0,589.0,590.0,591.0,592.0,593.0,594.0,595.0,596.0,597.0,598.0,599.0,600.0,601.0,602.0,603.0,604.0,605.0,606.0,607.0,608.0,609.0,610.0,611.0,612.0,613.0,614.0,615.0,616.0,617.0,618.0,619.0,620.0,621.0,622.0,623.0,624.0,625.0,626.0,627.0,628.0,629.0,630.0,631.0,632.0,633.0,634.0,635.0,636.0,637.0,638.0,639.0,640.0,641.0,642.0,643.0,644.0,645.0,646.0,647.0,648.0,649.0,650.0,651.0,652.0,653.0,654.0,655.0,656.0,657.0,658.0,659.0,660.0,661.0,662.0,663.0,664.0,665.0,666.0,667.0,668.0,669.0,670.0,671.0,672.0,673.0,674.0,675.0,676.0,677.0,678.0,679.0,680.0,681.0,682.0,683.0,684.0,685.0,686.0,687.0,688.0,689.0,690.0,691.0,692.0,693.0,694.0,695.0,696.0,697.0,698.0,699.0,700.0,701.0,702.0,703.0,704.0,705.0,706.0,707.0,708.0,709.0,710.0,711.0,712.0,713.0,714.0,715.0,716.0,717.0,718.0,719.0,720.0,721.0,722.0,723.0,724.0,725.0,726.0,727.0,728.0,729.0,730.0,731.0,732.0,733.0,734.0,735.0,736.0,737.0,738.0,739.0,740.0,741.0,742.0,743.0,744.0,745.0,746.0,747.0,748.0,749.0,750.0,751.0,752.0,753.0,754.0,755.0,756.0,757.0,758.0,759.0,760.0,761.0,762.0,763.0,764.0,765.0),.UNSPECIFIED.);
#1203=VERTEX_POINT('',#7626);
#1204=VERTEX_POINT('',#7627);
#1205=LINE('',#7628,#7629);
#1206=VERTEX_POINT('',#7630);
#1207=ELLIPSE('',#7631,0.0635019197304907,0.0634959678237411);
#1208=VERTEX_POINT('',#7632);
#1209=LINE('',#7633,#7634);
#1210=VERTEX_POINT('',#7635);
#1211=ELLIPSE('',#7636,0.48501002893074,0.0635015601089554);
#1212=VERTEX_POINT('',#7637);
#1213=ELLIPSE('',#7638,0.0899007429805698,0.0634966321491605);
#1214=ELLIPSE('',#7639,0.484212959682933,0.0635006250642593);
#1215=VERTEX_POINT('',#7640);
#1216=VERTEX_POINT('',#7641);
#1217=B_SPLINE_CURVE_WITH_KNOTS('',3,(#7642,#7643,#7644,#7645),.UNSPECIFIED.,.F.,.F.,(4,4),(-19.1224504688368,-5.10068313543552),.UNSPECIFIED.);
#1218=VERTEX_POINT('',#7646);
#1219=ELLIPSE('',#7647,0.0635034485036749,0.0634956718628219);
#1220=VERTEX_POINT('',#7648);
#1221=B_SPLINE_CURVE_WITH_KNOTS('',3,(#7649,#7650,#7651,#7652),.UNSPECIFIED.,.F.,.F.,(4,4),(-19.1234269605119,-5.10073547588653),.UNSPECIFIED.);
#1222=VERTEX_POINT('',#7653);
#1223=ELLIPSE('',#7654,0.484394582584963,0.0635022901235112);
#1224=VERTEX_POINT('',#7655);
#1225=ELLIPSE('',#7656,0.0898978838563163,0.0634960796567396);
#1226=ELLIPSE('',#7657,0.484762761311148,0.0635033362593103);
#1227=VERTEX_POINT('',#7658);
#1228=VERTEX_POINT('',#7659);
#1229=B_SPLINE_CURVE_WITH_KNOTS('',3,(#7660,#7661,#7662,#7663,#7664,#7665,#7666,#7667,#7668,#7669,#7670,#7671,#7672,#7673,#7674,#7675,#7676,#7677,#7678,#7679,#7680,#7681,#7682,#7683,#7684,#7685,#7686,#7687,#7688,#7689,#7690,#7691,#7692,#7693,#7694,#7695,#7696,#7697,#7698,#7699,#7700,#7701,#7702,#7703,#7704,#7705,#7706,#7707),.UNSPECIFIED.,.F.,.F.,(4,3,3,3,3,3,3,3,2,2,2,2,2,2,3,2,2,2,2,4),(-97.0843516118055,-96.9814489694342,-96.8955656234575,-96.8189799361091,-96.7117845357795,-96.5666842035053,-96.3786264374594,-96.0866814223299,-94.0045519517784,-94.0001685117733,-93.9988705172883,-93.8595964213369,-93.6490598713747,-92.8623883278571,-89.6007274894671,-89.6003340073325,-89.6001372662652,-89.6000910529961,-89.5843433679571,-88.0509281613095),.UNSPECIFIED.);
#1230=VERTEX_POINT('',#7708);
#1231=ELLIPSE('',#7709,0.0793364356022297,0.0573866154484153);
#1232=VERTEX_POINT('',#7710);
#1233=B_SPLINE_CURVE_WITH_KNOTS('',3,(#7711,#7712,#7713,#7714,#7715,#7716,#7717,#7718,#7719,#7720,#7721,#7722,#7723,#7724,#7725,#7726,#7727,#7728,#7729,#7730,#7731,#7732,#7733,#7734,#7735,#7736,#7737,#7738,#7739,#7740,#7741,#7742,#7743,#7744,#7745,#7746,#7747,#7748,#7749,#7750,#7751,#7752,#7753,#7754,#7755,#7756,#7757,#7758,#7759,#7760,#7761,#7762,#7763,#7764),.UNSPECIFIED.,.F.,.F.,(4,3,3,3,3,3,3,3,3,3,2,2,2,2,2,2,2,3,2,2,2,4),(16.842722811894,17.1391486394022,17.393307252701,17.6088253597811,17.819061048299,18.0828022618879,18.4051398270678,18.7870491846125,19.2237001453528,19.7922446598897,23.1059524640377,23.6260238221443,24.0464342061527,33.0114631933817,37.4939786988265,38.6146081751702,38.7196672335676,38.7252745758436,38.7266006676428,38.7272499286796,38.7599666897187,42.3524581652487),.UNSPECIFIED.);
#1234=CIRCLE('',#7765,0.063489066855107);
#1235=VERTEX_POINT('',#7766);
#1236=VERTEX_POINT('',#7767);
#1237=B_SPLINE_CURVE_WITH_KNOTS('',3,(#7768,#7769,#7770,#7771,#7772,#7773,#7774,#7775,#7776,#7777,#7778,#7779,#7780,#7781,#7782,#7783,#7784,#7785,#7786,#7787,#7788,#7789,#7790,#7791,#7792,#7793,#7794,#7795,#7796,#7797,#7798,#7799,#7800,#7801,#7802,#7803,#7804,#7805,#7806,#7807,#7808,#7809,#7810,#7811,#7812,#7813,#7814,#7815,#7816,#7817,#7818,#7819,#7820,#7821,#7822,#7823,#7824,#7825,#7826,#7827,#7828,#7829,#7830,#7831,#7832,#7833,#7834,#7835,#7836,#7837,#7838,#7839,#7840,#7841,#7842,#7843,#7844),.UNSPECIFIED.,.F.,.F.,(4,3,3,3,3,3,3,3,3,3,3,3,3,3,2,2,2,2,2,2,2,2,2,2,2,2,2,3,2,3,4),(-95.2778302485449,-95.2016387847269,-95.1350159247299,-95.0769019695514,-95.0263996566184,-94.9827507703927,-94.9391498224935,-94.8913700888227,-94.8397762145633,-94.7849292439609,-94.7275708262865,-94.6685860389883,-94.5938293360129,-94.5208866177818,-94.0029238207894,-94.0002585017754,-93.9999556075887,-93.999834976055,-93.9995679199231,-93.9990314621717,-93.997955193038,-93.9957636021233,-93.9912180295305,-93.9814242926281,-93.8285995060386,-93.5300982119537,-92.2222185657115,-89.6003023324623,-89.6000994531427,-89.5829825170636,-88.1414468622651),.UNSPECIFIED.);
#1238=VERTEX_POINT('',#7845);
#1239=ELLIPSE('',#7846,0.0793406093247844,0.0573886054109302);
#1240=VERTEX_POINT('',#7847);
#1241=B_SPLINE_CURVE_WITH_KNOTS('',3,(#7848,#7849,#7850,#7851,#7852,#7853,#7854,#7855,#7856,#7857,#7858,#7859,#7860,#7861,#7862,#7863,#7864,#7865,#7866,#7867,#7868,#7869,#7870,#7871,#7872,#7873,#7874,#7875,#7876,#7877,#7878,#7879,#7880,#7881,#7882,#7883,#7884,#7885,#7886,#7887,#7888,#7889,#7890,#7891,#7892,#7893,#7894,#7895),.UNSPECIFIED.,.F.,.F.,(4,3,3,3,3,3,2,2,2,2,2,2,2,2,2,2,3,2,2,2,4),(18.5994156331048,18.72628158218,18.8260575756076,18.9530790205313,19.2065472456187,19.7746074711725,20.0036261461019,23.0296681132143,23.5502932642824,23.764441519557,23.8180612251404,23.8971421380478,25.6860182746945,26.5804574991273,26.8040683791445,26.8250319876392,26.8261107622096,26.8262446287572,26.8264108609321,26.8544702739639,27.970188796397),.UNSPECIFIED.);
#1242=CIRCLE('',#7896,0.0634919370361757);
#1243=VERTEX_POINT('',#7897);
#1244=LINE('',#7898,#7899);
#1245=VERTEX_POINT('',#7900);
#1246=LINE('',#7901,#7902);
#1247=LINE('',#7903,#7904);
#1248=VERTEX_POINT('',#7905);
#1249=LINE('',#7906,#7907);
#1250=LINE('',#7908,#7909);
#1251=VERTEX_POINT('',#7910);
#1252=LINE('',#7911,#7912);
#1253=VERTEX_POINT('',#7913);
#1254=LINE('',#7914,#7915);
#1255=VERTEX_POINT('',#7916);
#1256=LINE('',#7917,#7918);
#1257=LINE('',#7919,#7920);
#1258=B_SPLINE_CURVE_WITH_KNOTS('',3,(#7921,#7922,#7923,#7924,#7925,#7926,#7927,#7928,#7929,#7930,#7931,#7932,#7933,#7934,#7935,#7936,#7937,#7938,#7939,#7940,#7941,#7942),.UNSPECIFIED.,.F.,.F.,(4,3,3,3,3,3,3,4),(0.0,1.0,2.0,3.0,4.0,5.0,6.0,7.00000000002957),.UNSPECIFIED.);
#1259=LINE('',#7943,#7944);
#1260=LINE('',#7945,#7946);
#1261=VERTEX_POINT('',#7947);
#1262=LINE('',#7948,#7949);
#1263=VERTEX_POINT('',#7950);
#1264=LINE('',#7951,#7952);
#1265=LINE('',#7953,#7954);
#1266=VERTEX_POINT('',#7955);
#1267=LINE('',#7956,#7957);
#1268=LINE('',#7958,#7959);
#1269=VERTEX_POINT('',#7960);
#1270=LINE('',#7961,#7962);
#1271=VERTEX_POINT('',#7963);
#1272=LINE('',#7964,#7965);
#1273=VERTEX_POINT('',#7966);
#1274=LINE('',#7967,#7968);
#1275=LINE('',#7969,#7970);
#1276=LINE('',#7971,#7972);
#1277=LINE('',#7973,#7974);
#1278=LINE('',#7975,#7976);
#1279=VERTEX_POINT('',#7977);
#1280=LINE('',#7978,#7979);
#1281=VERTEX_POINT('',#7980);
#1282=LINE('',#7981,#7982);
#1283=LINE('',#7983,#7984);
#1284=VERTEX_POINT('',#7985);
#1285=LINE('',#7986,#7987);
#1286=LINE('',#7988,#7989);
#1287=VERTEX_POINT('',#7990);
#1288=LINE('',#7991,#7992);
#1289=LINE('',#7993,#7994);
#1290=LINE('',#7995,#7996);
#1291=VERTEX_POINT('',#7997);
#1292=LINE('',#7998,#7999);
#1293=VERTEX_POINT('',#8000);
#1294=LINE('',#8001,#8002);
#1295=LINE('',#8003,#8004);
#1296=VERTEX_POINT('',#8005);
#1297=LINE('',#8006,#8007);
#1298=LINE('',#8008,#8009);
#1299=VERTEX_POINT('',#8010);
#1300=LINE('',#8011,#8012);
#1301=LINE('',#8013,#8014);
#1302=LINE('',#8015,#8016);
#1303=VERTEX_POINT('',#8017);
#1304=LINE('',#8018,#8019);
#1305=VERTEX_POINT('',#8020);
#1306=LINE('',#8021,#8022);
#1307=LINE('',#8023,#8024);
#1308=VERTEX_POINT('',#8025);
#1309=LINE('',#8026,#8027);
#1310=LINE('',#8028,#8029);
#1311=VERTEX_POINT('',#8030);
#1312=LINE('',#8031,#8032);
#1313=VERTEX_POINT('',#8033);
#1314=LINE('',#8034,#8035);
#1315=VERTEX_POINT('',#8036);
#1316=LINE('',#8037,#8038);
#1317=LINE('',#8039,#8040);
#1318=B_SPLINE_CURVE_WITH_KNOTS('',3,(#8041,#8042,#8043,#8044,#8045,#8046,#8047,#8048,#8049,#8050,#8051,#8052,#8053,#8054,#8055,#8056,#8057,#8058,#8059),.UNSPECIFIED.,.F.,.F.,(4,3,3,3,3,3,4),(0.0,1.0,2.0,2.99999999999829,4.0,5.0,5.99999999999544),.UNSPECIFIED.);
#1319=B_SPLINE_CURVE_WITH_KNOTS('',3,(#8060,#8061,#8062,#8063,#8064,#8065,#8066,#8067,#8068,#8069,#8070,#8071,#8072,#8073,#8074,#8075),.UNSPECIFIED.,.F.,.F.,(4,3,3,3,3,4),(0.0,1.0,2.0,3.0,4.0,5.00000000000008),.UNSPECIFIED.);
#1320=B_SPLINE_CURVE_WITH_KNOTS('',3,(#8076,#8077,#8078,#8079,#8080,#8081,#8082,#8083,#8084,#8085,#8086,#8087,#8088,#8089,#8090,#8091),.UNSPECIFIED.,.F.,.F.,(4,3,3,3,3,4),(0.0,1.0,2.0,3.0,4.0,5.00000000000005),.UNSPECIFIED.);
#1321=VERTEX_POINT('',#8092);
#1322=LINE('',#8093,#8094);
#1323=VERTEX_POINT('',#8095);
#1324=LINE('',#8096,#8097);
#1325=LINE('',#8098,#8099);
#1326=VERTEX_POINT('',#8100);
#1327=LINE('',#8101,#8102);
#1328=LINE('',#8103,#8104);
#1329=VERTEX_POINT('',#8105);
#1330=LINE('',#8106,#8107);
#1331=LINE('',#8108,#8109);
#1332=B_SPLINE_CURVE_WITH_KNOTS('',3,(#8110,#8111,#8112,#8113,#8114,#8115,#8116,#8117,#8118,#8119,#8120,#8121,#8122,#8123,#8124,#8125,#8126,#8127,#8128),.UNSPECIFIED.,.F.,.F.,(4,3,3,3,3,3,4),(0.0,1.0,2.0,3.00000000000017,4.0,5.0,6.00000000000045),.UNSPECIFIED.);
#1333=VERTEX_POINT('',#8129);
#1334=B_SPLINE_CURVE_WITH_KNOTS('',3,(#8130,#8131,#8132,#8133,#8134,#8135,#8136,#8137,#8138,#8139,#8140,#8141,#8142,#8143,#8144,#8145),.UNSPECIFIED.,.F.,.F.,(4,3,3,3,3,4),(0.0,1.0,2.0,3.0,4.0,4.99999999999992),.UNSPECIFIED.);
#1335=LINE('',#8146,#8147);
#1336=VERTEX_POINT('',#8148);
#1337=B_SPLINE_CURVE_WITH_KNOTS('',3,(#8149,#8150,#8151,#8152,#8153,#8154,#8155,#8156,#8157,#8158,#8159,#8160,#8161,#8162,#8163,#8164),.UNSPECIFIED.,.F.,.F.,(4,3,3,3,3,4),(4.84415045081787E-14,1.0,2.0,3.0,4.0,5.0),.UNSPECIFIED.);
#1338=B_SPLINE_CURVE_WITH_KNOTS('',3,(#8165,#8166,#8167,#8168),.UNSPECIFIED.,.F.,.F.,(4,4),(1.09273672270852E-15,1.0),.UNSPECIFIED.);
#1339=LINE('',#8169,#8170);
#1340=LINE('',#8171,#8172);
#1341=LINE('',#8173,#8174);
#1342=VERTEX_POINT('',#8175);
#1343=B_SPLINE_CURVE_WITH_KNOTS('',3,(#8176,#8177,#8178,#8179,#8180,#8181,#8182),.UNSPECIFIED.,.F.,.F.,(4,3,4),(0.0,0.999999999999828,1.99999999999954),.UNSPECIFIED.);
#1344=VERTEX_POINT('',#8183);
#1345=LINE('',#8184,#8185);
#1346=B_SPLINE_CURVE_WITH_KNOTS('',3,(#8186,#8187,#8188,#8189,#8190,#8191,#8192,#8193,#8194,#8195),.UNSPECIFIED.,.F.,.F.,(4,3,3,4),(1.41827304340274E-18,1.0,2.0,3.0),.UNSPECIFIED.);
#1347=VERTEX_POINT('',#8196);
#1348=LINE('',#8197,#8198);
#1349=LINE('',#8199,#8200);
#1350=VERTEX_POINT('',#8201);
#1351=LINE('',#8202,#8203);
#1352=LINE('',#8204,#8205);
#1353=LINE('',#8206,#8207);
#1354=DIRECTION('',(1.0,0.0,0.0));
#1355=CARTESIAN_POINT('',(-6.95802310854197,0.0,0.0));
#1356=DIRECTION('',(1.0,0.0,0.0));
#1357=DIRECTION('',(-0.0,1.0,0.0));
#1358=DIRECTION('',(-1.0,-0.0,-0.0));
#1359=CARTESIAN_POINT('',(16.3210078477859,0.0,0.0));
#1360=DIRECTION('',(-1.0,0.0,0.0));
#1361=DIRECTION('',(0.0,1.0,0.0));
#1362=CARTESIAN_POINT('',(16.3210078477859,0.0,0.0));
#1363=DIRECTION('',(-1.0,0.0,0.0));
#1364=DIRECTION('',(0.0,1.0,0.0));
#1365=CARTESIAN_POINT('',(-6.95802310854197,0.0,0.0));
#1366=DIRECTION('',(1.0,0.0,0.0));
#1367=DIRECTION('',(-0.0,1.0,0.0));
#1368=CARTESIAN_POINT('',(0.425,0.15880000066182,0.0007599870545222));
#1369=CARTESIAN_POINT('',(0.41869999,0.15880000066182,0.0007599870545222));
#1370=CARTESIAN_POINT('',(0.425,0.158800000661818,0.000759970036447171));
#1371=VECTOR('',#8208,0.01);
#1372=CARTESIAN_POINT('',(0.41869999,0.15880000050169,-0.0007600130944119));
#1373=CARTESIAN_POINT('',(0.41869999,0.15880000066182,0.0007599870545222));
#1374=VECTOR('',#8209,0.01);
#1375=CARTESIAN_POINT('',(0.425,0.15880000050169,-0.0007600130944119));
#1376=CARTESIAN_POINT('',(0.41869999,0.15880000050169,-0.0007600130944119));
#1377=VECTOR('',#8210,0.01);
#1378=CARTESIAN_POINT('',(0.425,0.15880000050169,-0.0007600130944119));
#1379=VECTOR('',#8211,0.01);
#1380=CARTESIAN_POINT('',(0.321413051026528,0.0619196925326154,-0.00318964412834648));
#1381=CARTESIAN_POINT('',(0.321416735216192,0.0619233626792624,0.00318952869254852));
#1382=CARTESIAN_POINT('',(0.321413051026528,0.0619196925326154,-0.00318964412834648));
#1383=CARTESIAN_POINT('',(0.321414732702236,0.061921367185922,-0.00315895537547603));
#1384=CARTESIAN_POINT('',(0.321416411954609,0.0619230394260223,-0.00312826633753546));
#1385=CARTESIAN_POINT('',(0.321418051386743,0.061924672012323,-0.00309757303250205));
#1386=CARTESIAN_POINT('',(0.321430302762773,0.0619368722298532,-0.00286820384205985));
#1387=CARTESIAN_POINT('',(0.321441776784558,0.0619482983422761,-0.00263873834018713));
#1388=CARTESIAN_POINT('',(0.321450842462959,0.0619573261775463,-0.00240907450169279));
#1389=CARTESIAN_POINT('',(0.321512249449404,0.0620184768309771,-0.000853430942292506));
#1390=CARTESIAN_POINT('',(0.321517287601875,0.0620234942570109,0.000706732678364294));
#1391=CARTESIAN_POINT('',(0.321459377908287,0.0619658269400885,0.00226264336097122));
#1392=CARTESIAN_POINT('',(0.321447870040637,0.0619543672377526,0.0025718353649602));
#1393=CARTESIAN_POINT('',(0.32143241404521,0.0619389759096167,0.00288070211907283));
#1394=CARTESIAN_POINT('',(0.321416735216192,0.0619233626792624,0.00318952869254852));
#1395=CARTESIAN_POINT('',(0.41869999,0.15880000050169,-0.0007600130944119));
#1396=CARTESIAN_POINT('',(0.38671758511023,0.126951272291184,-0.00155882865040086));
#1397=CARTESIAN_POINT('',(0.354735177583257,0.0951025423000365,-0.00235746761517088));
#1398=CARTESIAN_POINT('',(0.322752771247867,0.0632538131134071,-0.00315618636866457));
#1399=CARTESIAN_POINT('',(0.322306197840754,0.0628091062531432,-0.00316733895522521));
#1400=CARTESIAN_POINT('',(0.321859624433641,0.0623643993928793,-0.00317849154178584));
#1401=CARTESIAN_POINT('',(0.321413051026528,0.0619196925326154,-0.00318964412834648));
#1402=CARTESIAN_POINT('',(0.321416735216192,0.0619233626792624,0.00318952869254852));
#1403=CARTESIAN_POINT('',(0.321418089819028,0.0619247116202378,0.00318949486260467));
#1404=CARTESIAN_POINT('',(0.321419444421863,0.0619260605612132,0.00318946103266082));
#1405=CARTESIAN_POINT('',(0.321420799024699,0.0619274095021887,0.00318942720271697));
#1406=CARTESIAN_POINT('',(0.326655958455523,0.067140687434901,0.00305868397306116));
#1407=CARTESIAN_POINT('',(0.331891117886344,0.0723539653676162,0.00292794074340429));
#1408=CARTESIAN_POINT('',(0.337126277317165,0.0775672433003307,0.00279719751374793));
#1409=CARTESIAN_POINT('',(0.344979016463398,0.0853871601994023,0.00260108266926339));
#1410=CARTESIAN_POINT('',(0.35283175560963,0.0932070770984742,0.00240496782477886));
#1411=CARTESIAN_POINT('',(0.360684494755861,0.101026993997547,0.00220885298029431));
#1412=CARTESIAN_POINT('',(0.370173221224224,0.110476060250592,0.00197188087654216));
#1413=CARTESIAN_POINT('',(0.379661947692586,0.119925126503638,0.00173490877279));
#1414=CARTESIAN_POINT('',(0.389150674160949,0.129374192756684,0.00149793666903785));
#1415=CARTESIAN_POINT('',(0.399000446022628,0.139182795334566,0.00125194779294121));
#1416=CARTESIAN_POINT('',(0.408850216140543,0.148991396735181,0.00100584211955748));
#1417=CARTESIAN_POINT('',(0.41869999,0.15880000066182,0.000759987054522201));
#1418=CARTESIAN_POINT('',(1.3210001,0.057550545441787,-0.026836257824876));
#1419=CARTESIAN_POINT('',(1.3210000619335,-0.057418853780519,0.027118671462054));
#1420=CARTESIAN_POINT('',(1.3210001,0.057550545441787,-0.026836257824876));
#1421=CARTESIAN_POINT('',(1.32100009041901,0.0575838596999747,-0.026765258640753));
#1422=CARTESIAN_POINT('',(1.32100008083799,0.0576170515137011,-0.0266942019931378));
#1423=CARTESIAN_POINT('',(1.32100007125698,0.0576501070603094,-0.0266230819904441));
#1424=CARTESIAN_POINT('',(1.32100006166133,0.0576832131441037,-0.0265518532554751));
#1425=CARTESIAN_POINT('',(1.3210000520657,0.057716187089851,-0.0264805631044788));
#1426=CARTESIAN_POINT('',(1.32100004247015,0.0577490286696674,-0.0264092120280703));
#1427=CARTESIAN_POINT('',(1.32100003286339,0.0577819086254571,-0.0263377775766528));
#1428=CARTESIAN_POINT('',(1.32100002325673,0.0578146559066456,-0.0262662820573938));
#1429=CARTESIAN_POINT('',(1.32100001365021,0.0578472702863807,-0.0261947259634774));
#1430=CARTESIAN_POINT('',(1.32100000402886,0.057879935056261,-0.0261230593133592));
#1431=CARTESIAN_POINT('',(1.32099999440766,0.0579124665145516,-0.0260513319012937));
#1432=CARTESIAN_POINT('',(1.32099998478668,0.0579448644351932,-0.0259795442236003));
#1433=CARTESIAN_POINT('',(1.32099997515454,0.0579772999601734,-0.0259076732217896));
#1434=CARTESIAN_POINT('',(1.32099996552261,0.0580096016381843,-0.0258357418143984));
#1435=CARTESIAN_POINT('',(1.32099995589098,0.0580417692442353,-0.0257637505003183));
#1436=CARTESIAN_POINT('',(1.32099994623973,0.0580740023577793,-0.0256916125800375));
#1437=CARTESIAN_POINT('',(1.32099993658877,0.0581061008536025,-0.0256194145088509));
#1438=CARTESIAN_POINT('',(1.32099992693818,0.0581380645072141,-0.0255471567895471));
#1439=CARTESIAN_POINT('',(1.32099991727691,0.0581700634777737,-0.0254748192319946));
#1440=CARTESIAN_POINT('',(1.32099990761601,0.058201927308834,-0.0254024218944601));
#1441=CARTESIAN_POINT('',(1.32099989795553,0.0582336557770462,-0.0253299652822397));
#1442=CARTESIAN_POINT('',(1.32099988828014,0.058265433206152,-0.0252573968606352));
#1443=CARTESIAN_POINT('',(1.32099987860518,0.0582970748551791,-0.0251847689812827));
#1444=CARTESIAN_POINT('',(1.32099986893072,0.0583285805016451,-0.0251120821526581));
#1445=CARTESIAN_POINT('',(1.32099985923897,0.0583601424427797,-0.0250392654463323));
#1446=CARTESIAN_POINT('',(1.32099984954772,0.0583915678957517,-0.0249663895798938));
#1447=CARTESIAN_POINT('',(1.32099983985703,0.0584228566388028,-0.0248934550653851));
#1448=CARTESIAN_POINT('',(1.32099983015673,0.0584541764098761,-0.0248204482241059));
#1449=CARTESIAN_POINT('',(1.320999820457,0.0584853592006071,-0.0247473826183857));
#1450=CARTESIAN_POINT('',(1.3209998107579,0.0585164047905064,-0.0246742587626238));
#1451=CARTESIAN_POINT('',(1.32099980104056,0.0585475087440269,-0.0246009974389308));
#1452=CARTESIAN_POINT('',(1.32099979132387,0.0585784749812287,-0.0245276776459784));
#1453=CARTESIAN_POINT('',(1.32099978160788,0.0586093032823249,-0.0244542999019042));
#1454=CARTESIAN_POINT('',(1.32099977187885,0.0586401729491611,-0.0243808236987978));
#1455=CARTESIAN_POINT('',(1.32099976215053,0.0586709043103288,-0.0243072893889417));
#1456=CARTESIAN_POINT('',(1.32099975242298,0.0587014971471159,-0.0242336974933901));
#1457=CARTESIAN_POINT('',(1.32099974268335,0.0587321279891528,-0.024160014175183));
#1458=CARTESIAN_POINT('',(1.3209997329445,0.0587626199632734,-0.0240862731281057));
#1459=CARTESIAN_POINT('',(1.3209997232065,0.0587929728519234,-0.0240124748759818));
#1460=CARTESIAN_POINT('',(1.32099971344936,0.0588233853834547,-0.023938531611617));
#1461=CARTESIAN_POINT('',(1.32099970369307,0.0588536582832305,-0.0238645309171561));
#1462=CARTESIAN_POINT('',(1.3209996939377,0.0588837913344051,-0.0237904733203411));
#1463=CARTESIAN_POINT('',(1.32099968417305,0.0589139530702938,-0.0237163452254879));
#1464=CARTESIAN_POINT('',(1.32099967440931,0.058943974692053,-0.0236421601198747));
#1465=CARTESIAN_POINT('',(1.32099966464657,0.0589738559842195,-0.0235679185335711));
#1466=CARTESIAN_POINT('',(1.32099965486771,0.0590037866152817,-0.0234935543622783));
#1467=CARTESIAN_POINT('',(1.32099964508984,0.059033576453807,-0.0234191335235992));
#1468=CARTESIAN_POINT('',(1.32099963531304,0.0590632252852831,-0.0233446565510507));
#1469=CARTESIAN_POINT('',(1.32099962552077,0.0590929210318371,-0.0232700617292381));
#1470=CARTESIAN_POINT('',(1.32099961572957,0.0591224753255931,-0.0231954105957381));
#1471=CARTESIAN_POINT('',(1.3209996059395,0.0591518879530546,-0.0231207036874196));
#1472=CARTESIAN_POINT('',(1.32099959613944,0.0591813306128938,-0.0230459204980517));
#1473=CARTESIAN_POINT('',(1.32099958634052,0.0592106313178394,-0.0229710814198728));
#1474=CARTESIAN_POINT('',(1.32099957654281,0.0592397898557863,-0.0228961869922078));
#1475=CARTESIAN_POINT('',(1.3209995667264,0.0592690040643759,-0.0228211495731165));
#1476=CARTESIAN_POINT('',(1.3209995569112,0.0592980755634382,-0.0227460565929472));
#1477=CARTESIAN_POINT('',(1.32099954709729,0.0593270041417174,-0.0226709085949288));
#1478=CARTESIAN_POINT('',(1.32099953727222,0.0593559656042032,-0.0225956751733451));
#1479=CARTESIAN_POINT('',(1.32099952744844,0.0593847838216441,-0.022520386608715));
#1480=CARTESIAN_POINT('',(1.32099951762603,0.0594134585841413,-0.0224450434469265));
#1481=CARTESIAN_POINT('',(1.32099950779037,0.0594421720322802,-0.0223695986383135));
#1482=CARTESIAN_POINT('',(1.32099949795606,0.0594707416389882,-0.0222940990850774));
#1483=CARTESIAN_POINT('',(1.3209994881232,0.0594991671956087,-0.0222185453361197));
#1484=CARTESIAN_POINT('',(1.32099947827241,0.0595276445499976,-0.0221428539112091));
#1485=CARTESIAN_POINT('',(1.32099946842307,0.0595559773279609,-0.0220671080921872));
#1486=CARTESIAN_POINT('',(1.32099945857525,0.0595841653269844,-0.0219913084336847));
#1487=CARTESIAN_POINT('',(1.32099944871901,0.0596123774119871,-0.0219154440061649));
#1488=CARTESIAN_POINT('',(1.32099943886428,0.0596404444644638,-0.0218395256444879));
#1489=CARTESIAN_POINT('',(1.32099942901114,0.0596683662834925,-0.021763553905497));
#1490=CARTESIAN_POINT('',(1.32099941914084,0.0596963367465468,-0.0216874498122634));
#1491=CARTESIAN_POINT('',(1.32099940927213,0.0597241614687895,-0.0216112921548627));
#1492=CARTESIAN_POINT('',(1.32099939940509,0.0597518402451813,-0.0215350814919087));
#1493=CARTESIAN_POINT('',(1.32099938952447,0.0597795571091334,-0.021458765958776));
#1494=CARTESIAN_POINT('',(1.32099937964552,0.0598071276261437,-0.0213823972740424));
#1495=CARTESIAN_POINT('',(1.32099936976831,0.0598345515924791,-0.0213059759994183));
#1496=CARTESIAN_POINT('',(1.32099935988075,0.0598620043155253,-0.0212294745896134));
#1497=CARTESIAN_POINT('',(1.32099934999494,0.0598893101834647,-0.0211529204802849));
#1498=CARTESIAN_POINT('',(1.32099934011094,0.0599164689873965,-0.0210763142333212));
#1499=CARTESIAN_POINT('',(1.3209993302078,0.059943680388435,-0.0209995596268438));
#1500=CARTESIAN_POINT('',(1.32099932030649,0.0599707441650825,-0.0209227526836832));
#1501=CARTESIAN_POINT('',(1.32099931040708,0.0599976601094353,-0.0208458939697878));
#1502=CARTESIAN_POINT('',(1.32099930049847,0.0600246010808503,-0.0207689637908976));
#1503=CARTESIAN_POINT('',(1.32099929059176,0.060051393948007,-0.0206919817456612));
#1504=CARTESIAN_POINT('',(1.32099928068703,0.0600780385113411,-0.0206149484047647));
#1505=CARTESIAN_POINT('',(1.32099927076789,0.0601047218178014,-0.0205378030518075));
#1506=CARTESIAN_POINT('',(1.32099926085074,0.0601312563896769,-0.0204606062538164));
#1507=CARTESIAN_POINT('',(1.32099925093564,0.0601576420287442,-0.0203833585847406));
#1508=CARTESIAN_POINT('',(1.32099924100454,0.0601840702727057,-0.0203059861838456));
#1509=CARTESIAN_POINT('',(1.3209992310755,0.0602103491033462,-0.0202285627473546));
#1510=CARTESIAN_POINT('',(1.32099922114859,0.0602364783237106,-0.0201510888527683));
#1511=CARTESIAN_POINT('',(1.32099921121431,0.0602626269607008,-0.0200735573873246));
#1512=CARTESIAN_POINT('',(1.32099920128217,0.060288625765819,-0.0199959753886666));
#1513=CARTESIAN_POINT('',(1.32099919135225,0.0603144745439107,-0.0199183434363432));
#1514=CARTESIAN_POINT('',(1.32099918140991,0.0603403556236022,-0.0198406144722287));
#1515=CARTESIAN_POINT('',(1.3209991714698,0.060366086301909,-0.0197628354294172));
#1516=CARTESIAN_POINT('',(1.32099916153198,0.0603916663851991,-0.0196850068903888));
#1517=CARTESIAN_POINT('',(1.32099915157492,0.0604172959986811,-0.0196070276535525));
#1518=CARTESIAN_POINT('',(1.32099914162016,0.0604427744342271,-0.0195289987285254));
#1519=CARTESIAN_POINT('',(1.32099913166779,0.0604681014993522,-0.0194509207019299));
#1520=CARTESIAN_POINT('',(1.32099912170584,0.0604934529206527,-0.0193727675903574));
#1521=CARTESIAN_POINT('',(1.32099911174627,0.0605186526820763,-0.0192945652829324));
#1522=CARTESIAN_POINT('',(1.32099910178916,0.0605437005899063,-0.0192163143677693));
#1523=CARTESIAN_POINT('',(1.32099909181364,0.060568794820423,-0.0191379187382191));
#1524=CARTESIAN_POINT('',(1.32099908184058,0.0605937366399526,-0.0190594743221239));
#1525=CARTESIAN_POINT('',(1.32099907187007,0.0606185258560188,-0.0189809817116136));
#1526=CARTESIAN_POINT('',(1.32099906189012,0.0606433385325974,-0.0189024148157023));
#1527=CARTESIAN_POINT('',(1.32099905191272,0.0606679983185481,-0.0188237996343012));
#1528=CARTESIAN_POINT('',(1.32099904193795,0.0606925050261404,-0.0187451367629119));
#1529=CARTESIAN_POINT('',(1.32099903194989,0.0607170443691487,-0.0186663691367114));
#1530=CARTESIAN_POINT('',(1.32099902196445,0.0607414302266478,-0.0185875536932897));
#1531=CARTESIAN_POINT('',(1.32099901198173,0.0607656624124894,-0.0185086910312626));
#1532=CARTESIAN_POINT('',(1.32099900199006,0.0607899162973351,-0.0184297577507104));
#1533=CARTESIAN_POINT('',(1.32099899200111,0.0608140162360102,-0.0183507771668134));
#1534=CARTESIAN_POINT('',(1.32099898201494,0.0608379620442106,-0.018271749880522));
#1535=CARTESIAN_POINT('',(1.32099897201299,0.0608619457186429,-0.0181925976259885));
#1536=CARTESIAN_POINT('',(1.32099896201382,0.0608857747755755,-0.0181133985210982));
#1537=CARTESIAN_POINT('',(1.32099895201753,0.0609094490321895,-0.0180341531703772));
#1538=CARTESIAN_POINT('',(1.32099894200612,0.0609331591074011,-0.0179547879232905));
#1539=CARTESIAN_POINT('',(1.32099893199759,0.0609567139143429,-0.0178753762901825));
#1540=CARTESIAN_POINT('',(1.32099892199201,0.0609801132717443,-0.017795918879043));
#1541=CARTESIAN_POINT('',(1.32099891197868,0.0610035307486103,-0.0177163999394727));
#1542=CARTESIAN_POINT('',(1.32099890196832,0.0610267925359138,-0.0176368351507942));
#1543=CARTESIAN_POINT('',(1.32099889196099,0.0610498984543527,-0.0175572251231194));
#1544=CARTESIAN_POINT('',(1.32099888193906,0.0610730381052812,-0.0174774988722166));
#1545=CARTESIAN_POINT('',(1.32099887192017,0.061096021432721,-0.0173977272499743));
#1546=CARTESIAN_POINT('',(1.32099886190441,0.0611188482589886,-0.0173179108698836));
#1547=CARTESIAN_POINT('',(1.32099885187168,0.0611417137547267,-0.0172379592779546));
#1548=CARTESIAN_POINT('',(1.32099884184209,0.0611644222194211,-0.0171579627762432));
#1549=CARTESIAN_POINT('',(1.32099883181571,0.0611869734769092,-0.0170779219820619));
#1550=CARTESIAN_POINT('',(1.32099882178278,0.0612095394608083,-0.016997828919681));
#1551=CARTESIAN_POINT('',(1.32099881175307,0.0612319480329269,-0.0169176915067961));
#1552=CARTESIAN_POINT('',(1.32099880172665,0.0612541990191913,-0.0168375103626207));
#1553=CARTESIAN_POINT('',(1.32099879168681,0.0612764797824991,-0.0167572219172508));
#1554=CARTESIAN_POINT('',(1.32099878165028,0.0612986025387062,-0.016676889623294));
#1555=CARTESIAN_POINT('',(1.32099877161712,0.0613205671154885,-0.0165965141031377));
#1556=CARTESIAN_POINT('',(1.32099876156516,0.0613425728730746,-0.0165159878890454));
#1557=CARTESIAN_POINT('',(1.32099875151659,0.0613644198583552,-0.0164354182863362));
#1558=CARTESIAN_POINT('',(1.32099874147149,0.0613861079005062,-0.0163548059215851));
#1559=CARTESIAN_POINT('',(1.32099873142105,0.0614078074687764,-0.0162741507153584));
#1560=CARTESIAN_POINT('',(1.32099872137409,0.0614293479257357,-0.0161934527014428));
#1561=CARTESIAN_POINT('',(1.32099871133068,0.0614507291027674,-0.016112712508085));
#1562=CARTESIAN_POINT('',(1.32099870127488,0.0614721366572202,-0.0160318727075786));
#1563=CARTESIAN_POINT('',(1.32099869122265,0.0614933845411234,-0.0159509906237799));
#1564=CARTESIAN_POINT('',(1.32099868117405,0.0615144725822737,-0.0158700668865073));
#1565=CARTESIAN_POINT('',(1.32099867110515,0.0615356032377086,-0.0157889796201927));
#1566=CARTESIAN_POINT('',(1.3209986610399,0.0615565734118196,-0.0157078505335965));
#1567=CARTESIAN_POINT('',(1.32099865097839,0.0615773829338965,-0.0156266802610297));
#1568=CARTESIAN_POINT('',(1.32099864091258,0.0615982013408453,-0.0155454753318538));
#1569=CARTESIAN_POINT('',(1.32099863085051,0.0616188589611657,-0.0154642291818068));
#1570=CARTESIAN_POINT('',(1.32099862079226,0.0616393556319262,-0.0153829424480906));
#1571=CARTESIAN_POINT('',(1.32099861072181,0.0616598771529873,-0.0153015571617953));
#1572=CARTESIAN_POINT('',(1.32099860065518,0.0616802373347722,-0.0152201311931599));
#1573=CARTESIAN_POINT('',(1.32099859059246,0.0617004360162946,-0.0151386651823521));
#1574=CARTESIAN_POINT('',(1.32099858050962,0.0617206750831189,-0.0150570362881683));
#1575=CARTESIAN_POINT('',(1.32099857043071,0.0617407520014696,-0.0149753671907009));
#1576=CARTESIAN_POINT('',(1.32099856035579,0.0617606666195985,-0.0148936585364682));
#1577=CARTESIAN_POINT('',(1.32099855027678,0.0617805893138224,-0.014811916746433));
#1578=CARTESIAN_POINT('',(1.32099854020178,0.0618003495667496,-0.0147301353648433));
#1579=CARTESIAN_POINT('',(1.32099853013086,0.0618199472290093,-0.0146483150396337));
#1580=CARTESIAN_POINT('',(1.32099852004795,0.0618395682299232,-0.0145663972754411));
#1581=CARTESIAN_POINT('',(1.32099850996913,0.0618590262509128,-0.0144844404739766));
#1582=CARTESIAN_POINT('',(1.32099849989449,0.0618783211369815,-0.0144024452842461));
#1583=CARTESIAN_POINT('',(1.32099848980093,0.0618976522373572,-0.0143202961988687));
#1584=CARTESIAN_POINT('',(1.32099847971156,0.0619168195906476,-0.0142381085807646));
#1585=CARTESIAN_POINT('',(1.32099846962646,0.0619358230435862,-0.0141558830832187));
#1586=CARTESIAN_POINT('',(1.32099845953546,0.061954837619373,-0.0140736094585388));
#1587=CARTESIAN_POINT('',(1.32099844944872,0.0619736881036666,-0.0139912979098329));
#1588=CARTESIAN_POINT('',(1.32099843936635,0.0619923743455448,-0.0139089490921428));
#1589=CARTESIAN_POINT('',(1.3209984292732,0.0620110805511507,-0.0138265122958541));
#1590=CARTESIAN_POINT('',(1.32099841918441,0.0620296221639866,-0.0137440381506708));
#1591=CARTESIAN_POINT('',(1.32099840910007,0.0620479990352741,-0.0136615273143378));
#1592=CARTESIAN_POINT('',(1.32099839899804,0.0620664081419902,-0.013578871743238));
#1593=CARTESIAN_POINT('',(1.32099838890047,0.0620846519294663,-0.0134961793519138));
#1594=CARTESIAN_POINT('',(1.32099837880743,0.0621027302507869,-0.0134134508021723));
#1595=CARTESIAN_POINT('',(1.32099836870668,0.0621208223995718,-0.0133306589763087));
#1596=CARTESIAN_POINT('',(1.32099835861047,0.0621387488297551,-0.0132478309364497));
#1597=CARTESIAN_POINT('',(1.32099834851889,0.0621565093967422,-0.0131649673465083));
#1598=CARTESIAN_POINT('',(1.32099833841777,0.0621742867584582,-0.0130820253991856));
#1599=CARTESIAN_POINT('',(1.32099832832128,0.0621918979439077,-0.0129990478342657));
#1600=CARTESIAN_POINT('',(1.32099831822951,0.0622093428107574,-0.0129160353181248));
#1601=CARTESIAN_POINT('',(1.32099830812624,0.0622268075600687,-0.0128329281900174));
#1602=CARTESIAN_POINT('',(1.3209982980277,0.0622441056122078,-0.0127497860307193));
#1603=CARTESIAN_POINT('',(1.32099828793396,0.0622612368270402,-0.0126666095094569));
#1604=CARTESIAN_POINT('',(1.3209982778288,0.0622783874398393,-0.0125833388060009));
#1605=CARTESIAN_POINT('',(1.32099826772845,0.0622953708380492,-0.01250003366246));
#1606=CARTESIAN_POINT('',(1.32099825763301,0.0623121868837587,-0.012416694750898));
#1607=CARTESIAN_POINT('',(1.32099824752621,0.0623290218454374,-0.0123332620933803));
#1608=CARTESIAN_POINT('',(1.32099823742433,0.0623456890786556,-0.0122497955915648));
#1609=CARTESIAN_POINT('',(1.32099822732743,0.0623621884477508,-0.0121662959203387));
#1610=CARTESIAN_POINT('',(1.32099821721418,0.0623787145578867,-0.0120826609185978));
#1611=CARTESIAN_POINT('',(1.32099820710593,0.0623950722600835,-0.0119989926395722));
#1612=CARTESIAN_POINT('',(1.32099819700278,0.0624112614207517,-0.0119152917619813));
#1613=CARTESIAN_POINT('',(1.32099818689056,0.0624274651187693,-0.011831515723674));
#1614=CARTESIAN_POINT('',(1.32099817678343,0.0624434999731794,-0.0117477070279559));
#1615=CARTESIAN_POINT('',(1.32099816668149,0.0624593658527788,-0.0116638663559127));
#1616=CARTESIAN_POINT('',(1.32099815657134,0.0624752446168689,-0.0115799575978638));
#1617=CARTESIAN_POINT('',(1.32099814646639,0.0624909541323339,-0.0114960168112545));
#1618=CARTESIAN_POINT('',(1.32099813636671,0.0625064942704087,-0.0114120446793585));
#1619=CARTESIAN_POINT('',(1.32099812625598,0.0625220514224924,-0.0113279806111755));
#1620=CARTESIAN_POINT('',(1.32099811615053,0.0625374388268376,-0.0112438851287478));
#1621=CARTESIAN_POINT('',(1.32099810605045,0.0625526563570275,-0.0111597589181142));
#1622=CARTESIAN_POINT('',(1.32099809593938,0.0625678904327903,-0.0110755412395271));
#1623=CARTESIAN_POINT('',(1.32099808583369,0.0625829542655323,-0.010991292765589));
#1624=CARTESIAN_POINT('',(1.32099807573348,0.0625978477312101,-0.010907014185088));
#1625=CARTESIAN_POINT('',(1.32099806562236,0.0626127572769516,-0.0108226446113313));
#1626=CARTESIAN_POINT('',(1.3209980555167,0.0626274960882787,-0.0107382448656725));
#1627=CARTESIAN_POINT('',(1.32099804541661,0.0626420640435458,-0.0106538156396328));
#1628=CARTESIAN_POINT('',(1.32099803530568,0.0626566476163654,-0.0105692959013799));
#1629=CARTESIAN_POINT('',(1.32099802520033,0.0626710599673223,-0.0104847466192049));
#1630=CARTESIAN_POINT('',(1.32099801510063,0.0626853009771932,-0.0104001684873467));
#1631=CARTESIAN_POINT('',(1.32099800499018,0.0626995571451756,-0.0103155003306397));
#1632=CARTESIAN_POINT('',(1.32099799488539,0.0627136416078487,-0.0102308032624982));
#1633=CARTESIAN_POINT('',(1.32099798478635,0.0627275542484364,-0.0101460779798618));
#1634=CARTESIAN_POINT('',(1.32099797467664,0.0627414815908362,-0.0100612631660414));
#1635=CARTESIAN_POINT('',(1.32099796457269,0.0627552367485387,-0.0099764200777565));
#1636=CARTESIAN_POINT('',(1.32099795447458,0.0627688196072393,-0.00989154941463034));
#1637=CARTESIAN_POINT('',(1.32099794436588,0.0627824167146653,-0.00980658972026198));
#1638=CARTESIAN_POINT('',(1.32099793426303,0.0627958411621212,-0.00972160239285588));
#1639=CARTESIAN_POINT('',(1.32099792416612,0.0628090928377983,-0.00963658813470168));
#1640=CARTESIAN_POINT('',(1.32099791405869,0.0628223583123987,-0.00955148535149904));
#1641=CARTESIAN_POINT('',(1.32099790395722,0.0628354506559274,-0.00946635558111569));
#1642=CARTESIAN_POINT('',(1.32099789386178,0.062848369759096,-0.00938119952849011));
#1643=CARTESIAN_POINT('',(1.32099788375591,0.0628613022147414,-0.00929595546323654));
#1644=CARTESIAN_POINT('',(1.32099787365608,0.0628740610724414,-0.00921068506106257));
#1645=CARTESIAN_POINT('',(1.32099786356239,0.0628866462254519,-0.00912538902953751));
#1646=CARTESIAN_POINT('',(1.32099785345834,0.0628992442879195,-0.00904000550400529));
#1647=CARTESIAN_POINT('',(1.32099784336043,0.0629116682898517,-0.00895459629618841));
#1648=CARTESIAN_POINT('',(1.32099783326875,0.0629239181270727,-0.00886916211626866));
#1649=CARTESIAN_POINT('',(1.3209978231668,0.0629361804342293,-0.0087836409671346));
#1650=CARTESIAN_POINT('',(1.32099781307109,0.0629482682226001,-0.00869809479469856));
#1651=CARTESIAN_POINT('',(1.3209978029817,0.0629601813906015,-0.00861252431173607));
#1652=CARTESIAN_POINT('',(1.32099779288212,0.0629721065925858,-0.00852686739049611));
#1653=CARTESIAN_POINT('',(1.32099778278888,0.0629838568219294,-0.00844118610925453));
#1654=CARTESIAN_POINT('',(1.32099777270205,0.0629954319796647,-0.00835548118336147));
#1655=CARTESIAN_POINT('',(1.32099776260512,0.0630070187390699,-0.00826969035624155));
#1656=CARTESIAN_POINT('',(1.32099775251462,0.0630184300764303,-0.008183875836708));
#1657=CARTESIAN_POINT('',(1.32099774243064,0.0630296658954182,-0.00809803834266628));
#1658=CARTESIAN_POINT('',(1.32099773233663,0.0630409128874733,-0.0080121154905315));
#1659=CARTESIAN_POINT('',(1.32099772224916,0.0630519840125857,-0.00792616961782807));
#1660=CARTESIAN_POINT('',(1.32099771216829,0.0630628791770913,-0.00784020144499694));
#1661=CARTESIAN_POINT('',(1.32099770207749,0.0630737850898422,-0.0077541484632574));
#1662=CARTESIAN_POINT('',(1.32099769199331,0.063084514695314,-0.00766807313701975));
#1663=CARTESIAN_POINT('',(1.32099768191584,0.0630950679025294,-0.00758197618924032));
#1664=CARTESIAN_POINT('',(1.32099767182852,0.0631056314370192,-0.00749579498775569));
#1665=CARTESIAN_POINT('',(1.32099766174792,0.0631160182285098,-0.00740959212203691));
#1666=CARTESIAN_POINT('',(1.32099765167413,0.063126228188734,-0.00732336831753522));
#1667=CARTESIAN_POINT('',(1.32099764159056,0.0631364480591829,-0.00723706082051565));
#1668=CARTESIAN_POINT('',(1.32099763151382,0.0631464907555833,-0.00715073234368647));
#1669=CARTESIAN_POINT('',(1.32099762144399,0.0631563561924016,-0.00706438361497298));
#1670=CARTESIAN_POINT('',(1.32099761136446,0.0631662311263858,-0.00697795176087797));
#1671=CARTESIAN_POINT('',(1.32099760129186,0.0631759284599975,-0.00689149961552484));
#1672=CARTESIAN_POINT('',(1.32099759122626,0.0631854481104597,-0.00680502790929182));
#1673=CARTESIAN_POINT('',(1.32099758115106,0.0631949768490894,-0.00671847365072659));
#1674=CARTESIAN_POINT('',(1.32099757108287,0.0632043275658024,-0.00663189979354746));
#1675=CARTESIAN_POINT('',(1.3209975610218,0.063213500180601,-0.00654530707056399));
#1676=CARTESIAN_POINT('',(1.32099755095119,0.0632226814786984,-0.00645863237417366));
#1677=CARTESIAN_POINT('',(1.32099754088772,0.0632316843381683,-0.00637193877587132));
#1678=CARTESIAN_POINT('',(1.32099753083144,0.063240508681815,-0.006285227010876));
#1679=CARTESIAN_POINT('',(1.32099752076572,0.0632493413080906,-0.00619843385723624));
#1680=CARTESIAN_POINT('',(1.32099751070722,0.0632579950839151,-0.00611162250240832));
#1681=CARTESIAN_POINT('',(1.32099750065603,0.0632664699349173,-0.00602479368399851));
#1682=CARTESIAN_POINT('',(1.32099749059548,0.0632749526721459,-0.00593788406750525));
#1683=CARTESIAN_POINT('',(1.32099748054226,0.0632832561520402,-0.0058509569545332));
#1684=CARTESIAN_POINT('',(1.32099747049643,0.0632913803030761,-0.00576401308505331));
#1685=CARTESIAN_POINT('',(1.32099746044134,0.0632995119482718,-0.00567698901380874));
#1686=CARTESIAN_POINT('',(1.32099745039367,0.0633074639342433,-0.0055899481547431));
#1687=CARTESIAN_POINT('',(1.32099744035349,0.0633152361923362,-0.0055028912501691));
#1688=CARTESIAN_POINT('',(1.32099743030414,0.0633230155569262,-0.00541575474586526));
#1689=CARTESIAN_POINT('',(1.3209974202623,0.0633306148654486,-0.00532860216630857));
#1690=CARTESIAN_POINT('',(1.32099741022807,0.0633380340521401,-0.00524143425613024));
#1691=CARTESIAN_POINT('',(1.32099740018475,0.0633454599621378,-0.00515418735393112));
#1692=CARTESIAN_POINT('',(1.32099739014904,0.0633527054243231,-0.00506692509291933));
#1693=CARTESIAN_POINT('',(1.32099738012103,0.063359770375846,-0.00497964822002094));
#1694=CARTESIAN_POINT('',(1.32099737008401,0.0633668416720231,-0.00489229296844117));
#1695=CARTESIAN_POINT('',(1.32099736005471,0.0633737321337938,-0.00480492307832154));
#1696=CARTESIAN_POINT('',(1.32099735003321,0.063380441701243,-0.00471753929885908));
#1697=CARTESIAN_POINT('',(1.3209973400028,0.0633871572393007,-0.00463007775964005));
#1698=CARTESIAN_POINT('',(1.3209973299802,0.0633936915615599,-0.00454260230594666));
#1699=CARTESIAN_POINT('',(1.3209973199655,0.0634000446110629,-0.00445511368922258));
#1700=CARTESIAN_POINT('',(1.32099730994197,0.0634064032618011,-0.00436754793720722));
#1701=CARTESIAN_POINT('',(1.32099729992636,0.063412580320603,-0.00427996899853501));
#1702=CARTESIAN_POINT('',(1.32099728991875,0.0634185757334887,-0.00419237762687162));
#1703=CARTESIAN_POINT('',(1.3209972799024,0.0634245763829754,-0.00410470974987565));
#1704=CARTESIAN_POINT('',(1.32099726989407,0.0634303950696929,-0.00401702941775099));
#1705=CARTESIAN_POINT('',(1.32099725989383,0.0634360317426602,-0.00392933738636032));
#1706=CARTESIAN_POINT('',(1.32099724988494,0.0634416732923987,-0.00384156948504113));
#1707=CARTESIAN_POINT('',(1.32099723988418,0.0634471325138906,-0.00375378986378995));
#1708=CARTESIAN_POINT('',(1.32099722989161,0.063452409359175,-0.0036659992806412));
#1709=CARTESIAN_POINT('',(1.32099721989048,0.0634576907262708,-0.00357813346836527));
#1710=CARTESIAN_POINT('',(1.32099720989756,0.0634627894050482,-0.00349025667497984));
#1711=CARTESIAN_POINT('',(1.32099719991295,0.0634677053505871,-0.00340236966066544));
#1712=CARTESIAN_POINT('',(1.32099718991987,0.0634726254679124,-0.00331440806337234));
#1713=CARTESIAN_POINT('',(1.32099717993509,0.0634773625423033,-0.00322643622737461));
#1714=CARTESIAN_POINT('',(1.32099716995873,0.0634819165319006,-0.00313845491497289));
#1715=CARTESIAN_POINT('',(1.32099715996552,0.0634864782120584,-0.00305032502392756));
#1716=CARTESIAN_POINT('',(1.32099714998074,0.0634908561891045,-0.00296218562401905));
#1717=CARTESIAN_POINT('',(1.32099714000448,0.0634950504241637,-0.00287403748158752));
#1718=CARTESIAN_POINT('',(1.320997130021,0.0634992476928705,-0.00278582558249999));
#1719=CARTESIAN_POINT('',(1.32099712004605,0.0635032609542659,-0.00269760492780881));
#1720=CARTESIAN_POINT('',(1.32099711007972,0.0635070901725981,-0.00260937628567637));
#1721=CARTESIAN_POINT('',(1.32099710011254,0.0635109197195127,-0.00252114007270753));
#1722=CARTESIAN_POINT('',(1.32099709015397,0.0635145651923389,-0.00243289587049441));
#1723=CARTESIAN_POINT('',(1.32099708020411,0.0635180265585272,-0.00234464444754209));
#1724=CARTESIAN_POINT('',(1.32099707024614,0.0635214907465123,-0.0022563210797052));
#1725=CARTESIAN_POINT('',(1.32099706029689,0.063524770528114,-0.00216799047891556));
#1726=CARTESIAN_POINT('',(1.32099705035645,0.0635278658739241,-0.00207965341569116));
#1727=CARTESIAN_POINT('',(1.32099704040798,0.0635309637171444,-0.00199124507969153));
#1728=CARTESIAN_POINT('',(1.32099703046834,0.063533876827385,-0.00190283027038553));
#1729=CARTESIAN_POINT('',(1.3209970205376,0.0635366051783982,-0.00181440976027649));
#1730=CARTESIAN_POINT('',(1.32099701059894,0.0635393357077486,-0.00172591865452809));
#1731=CARTESIAN_POINT('',(1.32099700066919,0.0635418811832686,-0.00163742183842708));
#1732=CARTESIAN_POINT('',(1.32099699074846,0.0635442415818902,-0.00154892008643418));
#1733=CARTESIAN_POINT('',(1.32099698080761,0.0635466067663782,-0.00146023889120601));
#1734=CARTESIAN_POINT('',(1.32099697087581,0.0635487861232308,-0.00137155273960228));
#1735=CARTESIAN_POINT('',(1.32099696095314,0.0635507796325071,-0.0012828624108968));
#1736=CARTESIAN_POINT('',(1.3209969510315,0.0635527729337828,-0.00119418133604783));
#1737=CARTESIAN_POINT('',(1.320996941119,0.0635545804267922,-0.00110549608451839));
#1738=CARTESIAN_POINT('',(1.32099693121571,0.0635562020948702,-0.00101680743541743));
#1739=CARTESIAN_POINT('',(1.32099692130823,0.0635578244500876,-0.000928081206818102));
#1740=CARTESIAN_POINT('',(1.32099691140997,0.0635592608233849,-0.000839351577314239));
#1741=CARTESIAN_POINT('',(1.32099690152102,0.0635605112013513,-0.000750619327071048));
#1742=CARTESIAN_POINT('',(1.32099689162452,0.0635617625352467,-0.000661819239955214));
#1743=CARTESIAN_POINT('',(1.32099688173734,0.0635628275898257,-0.000573016527634964));
#1744=CARTESIAN_POINT('',(1.32099687185958,0.0635637063549312,-0.000484211972118047));
#1745=CARTESIAN_POINT('',(1.32099686197434,0.0635645857843755,-0.000395340281132473));
#1746=CARTESIAN_POINT('',(1.32099685209854,0.0635652786430813,-0.000306466743702657));
#1747=CARTESIAN_POINT('',(1.32099684223225,0.0635657849241637,-0.000217592143649421));
#1748=CARTESIAN_POINT('',(1.32099683235859,0.0635662915836663,-0.000128651114201623));
#1749=CARTESIAN_POINT('',(1.32099682249446,0.0635666113870267,-3.97090200784515E-05));
#1750=CARTESIAN_POINT('',(1.32099681263994,0.0635667443306498,4.92333531159734E-05));
#1751=CARTESIAN_POINT('',(1.32099680276274,0.0635668775802737,0.000138380448041945));
#1752=CARTESIAN_POINT('',(1.3209967928952,0.0635668231094615,0.000227527823793156));
#1753=CARTESIAN_POINT('',(1.32099678303741,0.063566580917927,0.000316674689317673));
#1754=CARTESIAN_POINT('',(1.32099677318755,0.0635663389212752,0.000405749821620687));
#1755=CARTESIAN_POINT('',(1.32099676334742,0.0635659095063716,0.000494824444987266));
#1756=CARTESIAN_POINT('',(1.32099675351712,0.0635652926762566,0.000583897770277014));
#1757=CARTESIAN_POINT('',(1.32099674367996,0.0635646754159679,0.000673033214780358));
#1758=CARTESIAN_POINT('',(1.32099673385263,0.0635638704794524,0.0007621673598678));
#1759=CARTESIAN_POINT('',(1.32099672403522,0.0635628778730915,0.000851299414764305));
#1760=CARTESIAN_POINT('',(1.32099671421082,0.0635618845589205,0.00094049502817111));
#1761=CARTESIAN_POINT('',(1.32099670439634,0.0635607033076332,0.00102968854888002));
#1762=CARTESIAN_POINT('',(1.32099669459189,0.063559334128969,0.00111887918445481));
#1763=CARTESIAN_POINT('',(1.32099668478053,0.0635579639857916,0.00120813265006698));
#1764=CARTESIAN_POINT('',(1.32099667497921,0.0635564056508398,0.00129738322695673));
#1765=CARTESIAN_POINT('',(1.32099666518801,0.0635546591372265,0.00138663012105789));
#1766=CARTESIAN_POINT('',(1.32099665539,0.0635529114084027,0.0014759391124434));
#1767=CARTESIAN_POINT('',(1.32099664560213,0.0635509752394183,0.00156524441639445));
#1768=CARTESIAN_POINT('',(1.32099663582448,0.0635488506467755,0.00165454523724644));
#1769=CARTESIAN_POINT('',(1.32099662602459,0.0635467212224603,0.00174404914281742));
#1770=CARTESIAN_POINT('',(1.32099661623498,0.063544402516951,0.00183354854536102));
#1771=CARTESIAN_POINT('',(1.32099660645572,0.0635418945502539,0.00192304264384702));
#1772=CARTESIAN_POINT('',(1.32099659668532,0.0635393888533224,0.00201245574818716));
#1773=CARTESIAN_POINT('',(1.32099658692525,0.0635366942380639,0.00210186355855263));
#1774=CARTESIAN_POINT('',(1.32099657717562,0.0635338107278115,0.00219126527617529));
#1775=CARTESIAN_POINT('',(1.32099656741945,0.0635309252864555,0.00228072686664852));
#1776=CARTESIAN_POINT('',(1.32099655767372,0.0635278506974499,0.00237018235670451));
#1777=CARTESIAN_POINT('',(1.32099654793852,0.0635245869875635,0.00245963094607295));
#1778=CARTESIAN_POINT('',(1.32099653819689,0.0635213211204324,0.00254913865910601));
#1779=CARTESIAN_POINT('',(1.3209965284658,0.0635178658827573,0.00263863946281766));
#1780=CARTESIAN_POINT('',(1.32099651874534,0.0635142213047575,0.00272813255546811));
#1781=CARTESIAN_POINT('',(1.32099650901854,0.0635105743496355,0.00281768401866847));
#1782=CARTESIAN_POINT('',(1.32099649930238,0.0635067378075414,0.00290722776123959));
#1783=CARTESIAN_POINT('',(1.32099648959695,0.0635027117121597,0.00299676298000505));
#1784=CARTESIAN_POINT('',(1.32099647988528,0.0634986830260906,0.00308635581234895));
#1785=CARTESIAN_POINT('',(1.32099647018435,0.0634944645442775,0.00317594011046727));
#1786=CARTESIAN_POINT('',(1.32099646049425,0.0634900563004246,0.00326551506960986));
#1787=CARTESIAN_POINT('',(1.32099645078263,0.0634856382631492,0.00335528902986377));
#1788=CARTESIAN_POINT('',(1.32099644108188,0.0634810296247753,0.00344505361032923));
#1789=CARTESIAN_POINT('',(1.3209964313921,0.0634762304226902,0.00353480800104528));
#1790=CARTESIAN_POINT('',(1.3209964217116,0.0634714358158842,0.00362447645112646));
#1791=CARTESIAN_POINT('',(1.32099641204203,0.0634664510116782,0.00371413473152089));
#1792=CARTESIAN_POINT('',(1.32099640238352,0.0634612760542405,0.00380378203494006));
#1793=CARTESIAN_POINT('',(1.32099639271904,0.0634560979034697,0.00389348465740392));
#1794=CARTESIAN_POINT('',(1.3209963830656,0.0634507293651088,0.00398317628984466));
#1795=CARTESIAN_POINT('',(1.32099637342329,0.0634451704868455,0.00407285612367134));
#1796=CARTESIAN_POINT('',(1.32099636377512,0.0634396082274176,0.00416259050488396));
#1797=CARTESIAN_POINT('',(1.3209963541381,0.0634338553968538,0.00425231307363097));
#1798=CARTESIAN_POINT('',(1.32099634451232,0.0634279120463738,0.00434202302005309));
#1799=CARTESIAN_POINT('',(1.32099633488076,0.0634219651334426,0.00443178673872165));
#1800=CARTESIAN_POINT('',(1.32099632526045,0.0634158274725073,0.00452153782043698));
#1801=CARTESIAN_POINT('',(1.32099631565147,0.0634094991183324,0.00461127545410586));
#1802=CARTESIAN_POINT('',(1.32099630603455,0.0634031655264912,0.00470108735918373));
#1803=CARTESIAN_POINT('',(1.32099629642897,0.0633966409259937,0.0047908857944556));
#1804=CARTESIAN_POINT('',(1.32099628683484,0.0633899253752025,0.00488066994705134));
#1805=CARTESIAN_POINT('',(1.32099627722445,0.0633831984474911,0.00497060620439149));
#1806=CARTESIAN_POINT('',(1.32099626762554,0.063376279922316,0.0050605281311352));
#1807=CARTESIAN_POINT('',(1.32099625803819,0.0633691698618215,0.00515043491052917));
#1808=CARTESIAN_POINT('',(1.32099624845827,0.0633620653067963,0.0052402720732147));
#1809=CARTESIAN_POINT('',(1.3209962388899,0.06335476951331,0.00533009411251345));
#1810=CARTESIAN_POINT('',(1.32099622933316,0.0633472825468386,0.00541990021383732));
#1811=CARTESIAN_POINT('',(1.32099621976537,0.0633397869209268,0.00550981018507873));
#1812=CARTESIAN_POINT('',(1.32099621020924,0.0633320996798972,0.00559970418197259));
#1813=CARTESIAN_POINT('',(1.32099620066486,0.0633242208929404,0.0056895813873863));
#1814=CARTESIAN_POINT('',(1.32099619111135,0.0633163345718483,0.00577954453839326));
#1815=CARTESIAN_POINT('',(1.32099618156961,0.0633082563386586,0.00586949086630977));
#1816=CARTESIAN_POINT('',(1.32099617203974,0.0632999862662609,0.00595941955195821));
#1817=CARTESIAN_POINT('',(1.32099616251412,0.0632917198861885,0.00604930808729823));
#1818=CARTESIAN_POINT('',(1.32099615300034,0.0632832618384998,0.00613917899663956));
#1819=CARTESIAN_POINT('',(1.32099614349849,0.0632746121994824,0.0062290314622173));
#1820=CARTESIAN_POINT('',(1.32099613398254,0.0632659497123921,0.00631901739359872));
#1821=CARTESIAN_POINT('',(1.32099612447855,0.0632570950646964,0.00640898482690552));
#1822=CARTESIAN_POINT('',(1.32099611498662,0.0632480483365346,0.00649893294105581));
#1823=CARTESIAN_POINT('',(1.32099610549261,0.0632389996289113,0.00658890073622403));
#1824=CARTESIAN_POINT('',(1.32099609601066,0.0632297587570707,0.00667884920430408));
#1825=CARTESIAN_POINT('',(1.32099608654086,0.0632203258047194,0.00676877752402306));
#1826=CARTESIAN_POINT('',(1.32099607707218,0.0632108939702263,0.00685869518672809));
#1827=CARTESIAN_POINT('',(1.32099606761565,0.0632012701010503,0.0069485927063712));
#1828=CARTESIAN_POINT('',(1.32099605817135,0.0631914542843812,0.00703846926233448));
#1829=CARTESIAN_POINT('',(1.32099604870991,0.0631816206616695,0.00712850885575444));
#1830=CARTESIAN_POINT('',(1.32099603926076,0.0631715943947383,0.00721852740989556));
#1831=CARTESIAN_POINT('',(1.32099602982396,0.0631613755747855,0.00730852410004641));
#1832=CARTESIAN_POINT('',(1.32099602039206,0.063151162050566,0.007398474150912));
#1833=CARTESIAN_POINT('',(1.3209960109725,0.0631407561731383,0.00748840236097019));
#1834=CARTESIAN_POINT('',(1.32099600156538,0.0631301580370866,0.0075783079071862));
#1835=CARTESIAN_POINT('',(1.32099599215629,0.0631195576799488,0.00766823229520159));
#1836=CARTESIAN_POINT('',(1.32099598275964,0.0631087649838743,0.00775813401040229));
#1837=CARTESIAN_POINT('',(1.32099597337551,0.0630977800470358,0.00784801222964653));
#1838=CARTESIAN_POINT('',(1.32099596397196,0.063086772376388,0.00793807645581281));
#1839=CARTESIAN_POINT('',(1.320995954581,0.063075571663749,0.00802811708857156));
#1840=CARTESIAN_POINT('',(1.3209959452027,0.0630641780263778,0.00811813330197752));
#1841=CARTESIAN_POINT('',(1.3209959358348,0.0630527970285712,0.00820804965563586));
#1842=CARTESIAN_POINT('',(1.32099592647954,0.0630412235142392,0.00829794164210717));
#1843=CARTESIAN_POINT('',(1.320995917137,0.0630294576038235,0.00838780843863876));
#1844=CARTESIAN_POINT('',(1.32099590779012,0.0630176862239041,0.00847771701066863));
#1845=CARTESIAN_POINT('',(1.32099589845597,0.0630057222642675,0.00856760036923547));
#1846=CARTESIAN_POINT('',(1.32099588913464,0.0629935658341387,0.00865745768900775));
#1847=CARTESIAN_POINT('',(1.32099587979428,0.0629813845771783,0.00874749852256857));
#1848=CARTESIAN_POINT('',(1.32099587046679,0.0629690100630132,0.00883751321140334));
#1849=CARTESIAN_POINT('',(1.32099586115225,0.0629564424051065,0.0089275009255908));
#1850=CARTESIAN_POINT('',(1.32099585184831,0.0629438890312062,0.00901738636256057));
#1851=CARTESIAN_POINT('',(1.32099584255729,0.062931142952597,0.00910724488669884));
#1852=CARTESIAN_POINT('',(1.32099583327929,0.0629182042859094,0.00919707567140184));
#1853=CARTESIAN_POINT('',(1.32099582399722,0.0629052599574468,0.00928694576476772));
#1854=CARTESIAN_POINT('',(1.32099581472819,0.0628921228725517,0.00937678809495008));
#1855=CARTESIAN_POINT('',(1.32099580547226,0.0628787931515632,0.0094666018347664));
#1856=CARTESIAN_POINT('',(1.32099579619769,0.0628654365724703,0.00955659654062148));
#1857=CARTESIAN_POINT('',(1.32099578693628,0.0628518865804371,0.00964656254131722));
#1858=CARTESIAN_POINT('',(1.32099577768811,0.0628381433001118,0.00973649900518698));
#1859=CARTESIAN_POINT('',(1.32099576845071,0.0628244160155069,0.00982633079255317));
#1860=CARTESIAN_POINT('',(1.32099575922654,0.0628104958924963,0.00991613311234449));
#1861=CARTESIAN_POINT('',(1.32099575001566,0.0627963830588582,0.0100059051363343));
#1862=CARTESIAN_POINT('',(1.32099574079944,0.0627822620342642,0.0100957292631622));
#1863=CARTESIAN_POINT('',(1.32099573159654,0.0627679480757815,0.0101855230595949));
#1864=CARTESIAN_POINT('',(1.32099572240704,0.0627534413141001,0.0102752856963766));
#1865=CARTESIAN_POINT('',(1.3209957132024,0.0627389106611203,0.0103651961639412));
#1866=CARTESIAN_POINT('',(1.32099570401122,0.0627241865707325,0.010455075369864));
#1867=CARTESIAN_POINT('',(1.32099569483357,0.0627092691778653,0.0105449224813604));
#1868=CARTESIAN_POINT('',(1.3209956856653,0.0626943670263362,0.0106346777946308));
#1869=CARTESIAN_POINT('',(1.32099567651054,0.0626792719676083,0.0107244010796086));
#1870=CARTESIAN_POINT('',(1.32099566736935,0.0626639841406499,0.0108140915067893));
#1871=CARTESIAN_POINT('',(1.32099565821987,0.0626486824253867,0.0109038634136992));
#1872=CARTESIAN_POINT('',(1.32099564908401,0.0626331875916712,0.0109936024036229));
#1873=CARTESIAN_POINT('',(1.32099563996184,0.0626174997824333,0.0110833076453987));
#1874=CARTESIAN_POINT('',(1.32099563083139,0.0626017977239909,0.0111730943662586));
#1875=CARTESIAN_POINT('',(1.32099562171466,0.0625859023394805,0.0112628472781749));
#1876=CARTESIAN_POINT('',(1.32099561261174,0.0625698137758146,0.011352565548342));
#1877=CARTESIAN_POINT('',(1.32099560351515,0.0625537363889707,0.0114422214906873));
#1878=CARTESIAN_POINT('',(1.32099559443234,0.0625374660914472,0.0115318428399363));
#1879=CARTESIAN_POINT('',(1.32099558536341,0.0625210030334345,0.0116214287656553));
#1880=CARTESIAN_POINT('',(1.32099557628327,0.0625045196205635,0.0117111254550495));
#1881=CARTESIAN_POINT('',(1.32099556721703,0.0624878429704063,0.0118007866338033));
#1882=CARTESIAN_POINT('',(1.32099555816479,0.0624709732373053,0.0118904114690544));
#1883=CARTESIAN_POINT('',(1.32099554911102,0.0624541006339894,0.011980051553066));
#1884=CARTESIAN_POINT('',(1.32099554007123,0.0624370348821688,0.0120696552817459));
#1885=CARTESIAN_POINT('',(1.32099553104553,0.0624197761398611,0.0121592218224781));
#1886=CARTESIAN_POINT('',(1.32099552202314,0.0624025237408996,0.0122487554435706));
#1887=CARTESIAN_POINT('',(1.32099551301482,0.0623850784934274,0.0123382519045846));
#1888=CARTESIAN_POINT('',(1.32099550402066,0.0623674405588777,0.0124277103745089));
#1889=CARTESIAN_POINT('',(1.32099549501243,0.0623497750347266,0.0125173087771175));
#1890=CARTESIAN_POINT('',(1.32099548601841,0.0623319162203447,0.0126068690702295));
#1891=CARTESIAN_POINT('',(1.32099547703866,0.0623138642815291,0.0126963904196332));
#1892=CARTESIAN_POINT('',(1.32099546806401,0.0622958225882716,0.012785860960301));
#1893=CARTESIAN_POINT('',(1.32099545910362,0.0622775879898586,0.012875292601992));
#1894=CARTESIAN_POINT('',(1.32099545015759,0.0622591606554023,0.0129646845126346));
#1895=CARTESIAN_POINT('',(1.32099544121191,0.0622407340621456,0.0130540728276814));
#1896=CARTESIAN_POINT('',(1.32099543228059,0.0622221147484615,0.0131434214154129));
#1897=CARTESIAN_POINT('',(1.32099542336369,0.0622033028870357,0.0132327294445937));
#1898=CARTESIAN_POINT('',(1.32099541442998,0.0621844555491606,0.0133222058957981));
#1899=CARTESIAN_POINT('',(1.32099540551075,0.0621654149285275,0.0134116416341066));
#1900=CARTESIAN_POINT('',(1.3209953966061,0.0621461812270112,0.0135010358296206));
#1901=CARTESIAN_POINT('',(1.32099538771296,0.0621269723883623,0.0135903144677609));
#1902=CARTESIAN_POINT('',(1.32099537883435,0.0621075709350515,0.0136795516639338));
#1903=CARTESIAN_POINT('',(1.32099536997035,0.0620879770718318,0.0137687465922373));
#1904=CARTESIAN_POINT('',(1.32099536110386,0.0620683776990323,0.013857966601178));
#1905=CARTESIAN_POINT('',(1.32099535225199,0.0620485857999942,0.013947144317248));
#1906=CARTESIAN_POINT('',(1.32099534341483,0.0620286015586539,0.0140362789093438));
#1907=CARTESIAN_POINT('',(1.32099533456125,0.0620085801872113,0.0141255791107546));
#1908=CARTESIAN_POINT('',(1.32099532572243,0.0619883657581459,0.0142148360283329));
#1909=CARTESIAN_POINT('',(1.32099531689845,0.0619679584600377,0.0143040488271395));
#1910=CARTESIAN_POINT('',(1.32099530808612,0.0619475781096287,0.0143931438210481));
#1911=CARTESIAN_POINT('',(1.3209952992886,0.0619270053992739,0.01448219481316));
#1912=CARTESIAN_POINT('',(1.32099529050596,0.0619062405204055,0.0145712009726574));
#1913=CARTESIAN_POINT('',(1.32099528172109,0.0618854703813088,0.0146602296794919));
#1914=CARTESIAN_POINT('',(1.32099527295112,0.0618645079763839,0.014749213531528));
#1915=CARTESIAN_POINT('',(1.32099526419613,0.0618433535008052,0.0148381516981509));
#1916=CARTESIAN_POINT('',(1.32099525542511,0.0618221603122122,0.0149272526229805));
#1917=CARTESIAN_POINT('',(1.32099524666912,0.0618007743493872,0.015016307695568));
#1918=CARTESIAN_POINT('',(1.32099523792824,0.0617791958121947,0.0151053160815853));
#1919=CARTESIAN_POINT('',(1.32099522918725,0.0617576169807418,0.0151943256813848));
#1920=CARTESIAN_POINT('',(1.32099522046136,0.0617358455697111,0.0152832885938743));
#1921=CARTESIAN_POINT('',(1.32099521175068,0.0617138817825908,0.0153722039855633));
#1922=CARTESIAN_POINT('',(1.32099520304426,0.0616919287654496,0.0154610757774443));
#1923=CARTESIAN_POINT('',(1.32099519435302,0.0616697835608706,0.015549900095649));
#1924=CARTESIAN_POINT('',(1.32099518567704,0.0616474463756482,0.0156386761087979));
#1925=CARTESIAN_POINT('',(1.32099517699473,0.0616250928995364,0.0157275168678042));
#1926=CARTESIAN_POINT('',(1.3209951683277,0.0616025471626747,0.0158163092518007));
#1927=CARTESIAN_POINT('',(1.32099515967604,0.0615798093759211,0.0159050524284915));
#1928=CARTESIAN_POINT('',(1.32099515103262,0.06155709324132,0.0159937110991208));
#1929=CARTESIAN_POINT('',(1.32099514240453,0.0615341854224305,0.016082320656644));
#1930=CARTESIAN_POINT('',(1.32099513379186,0.0615110861331049,0.0161708802720572));
#1931=CARTESIAN_POINT('',(1.32099512517076,0.0614879642484486,0.0162595265149752));
#1932=CARTESIAN_POINT('',(1.32099511656511,0.0614646505185937,0.016348122718558));
#1933=CARTESIAN_POINT('',(1.32099510797498,0.0614411451616235,0.0164366680523016));
#1934=CARTESIAN_POINT('',(1.32099509938303,0.0614176348100849,0.0165252322007229));
#1935=CARTESIAN_POINT('',(1.32099509080661,0.0613939327499849,0.016613745458211));
#1936=CARTESIAN_POINT('',(1.3209950822458,0.0613700392031489,0.0167022069946841));
#1937=CARTESIAN_POINT('',(1.32099507369035,0.0613461606034168,0.0167906131922076));
#1938=CARTESIAN_POINT('',(1.32099506515049,0.061322090756441,0.0168789677339304));
#1939=CARTESIAN_POINT('',(1.32099505662631,0.0612978298872222,0.0169672697922928));
#1940=CARTESIAN_POINT('',(1.32099504809099,0.0612735373440386,0.0170556871340884));
#1941=CARTESIAN_POINT('',(1.32099503957139,0.061249053279486,0.0171440518559177));
#1942=CARTESIAN_POINT('',(1.32099503106759,0.0612243779230499,0.0172323631279606));
#1943=CARTESIAN_POINT('',(1.32099502256825,0.0611997155360862,0.0173206279832229));
#1944=CARTESIAN_POINT('',(1.32099501408469,0.0611748620582471,0.0174088394453927));
#1945=CARTESIAN_POINT('',(1.32099500561699,0.0611498177222502,0.0174969966869571));
#1946=CARTESIAN_POINT('',(1.32099499715182,0.0611247808667309,0.0175851275968882));
#1947=CARTESIAN_POINT('',(1.3209949887025,0.0610995532670159,0.0176732043191185));
#1948=CARTESIAN_POINT('',(1.3209949802691,0.0610741351591995,0.0177612260278905));
#1949=CARTESIAN_POINT('',(1.32099497182193,0.0610486755471531,0.0178493914638537));
#1950=CARTESIAN_POINT('',(1.32099496339074,0.0610230248043051,0.0179375017070722));
#1951=CARTESIAN_POINT('',(1.32099495497561,0.0609971831715089,0.0180255559287717));
#1952=CARTESIAN_POINT('',(1.32099494656646,0.0609713599156587,0.01811354753184));
#1953=CARTESIAN_POINT('',(1.32099493817336,0.0609453460412088,0.0182014831935559));
#1954=CARTESIAN_POINT('',(1.32099492979635,0.060919141792089,0.0182893620879608));
#1955=CARTESIAN_POINT('',(1.32099492141509,0.0608929242268995,0.0183772856393017));
#1956=CARTESIAN_POINT('',(1.32099491304998,0.0608665160934452,0.0184651523661376));
#1957=CARTESIAN_POINT('',(1.32099490470106,0.0608399176396186,0.0185529614423167));
#1958=CARTESIAN_POINT('',(1.32099489634659,0.0608133014826267,0.0186408289616892));
#1959=CARTESIAN_POINT('',(1.32099488800835,0.0607864947517634,0.0187286387541517));
#1960=CARTESIAN_POINT('',(1.32099487968642,0.0607594976990116,0.018816389992986));
#1961=CARTESIAN_POINT('',(1.3209948713768,0.0607325405804226,0.0189040114297898));
#1962=CARTESIAN_POINT('',(1.32099486308344,0.0607053937025006,0.018991574486573));
#1963=CARTESIAN_POINT('',(1.32099485480641,0.0606780573196845,0.0190790783413752));
#1964=CARTESIAN_POINT('',(1.32099484652861,0.0606507183562299,0.0191665904568103));
#1965=CARTESIAN_POINT('',(1.32099483826715,0.0606231898589115,0.0192540433617816));
#1966=CARTESIAN_POINT('',(1.32099483002211,0.0605954720651105,0.0193414362286417));
#1967=CARTESIAN_POINT('',(1.3209948217633,0.0605677079649138,0.0194289750973342));
#1968=CARTESIAN_POINT('',(1.32099481352095,0.0605397539627817,0.019516453736425));
#1969=CARTESIAN_POINT('',(1.32099480529516,0.0605116103009403,0.0196038713152659));
#1970=CARTESIAN_POINT('',(1.32099479708177,0.0604835090608028,0.0196911571272223));
#1971=CARTESIAN_POINT('',(1.32099478888488,0.0604552187390689,0.0197783820655539));
#1972=CARTESIAN_POINT('',(1.32099478070457,0.0604267396010709,0.0198655453110511));
#1973=CARTESIAN_POINT('',(1.32099477252106,0.0603982493202619,0.019952742660234));
#1974=CARTESIAN_POINT('',(1.32099476435414,0.0603695700752928,0.0200398782687973));
#1975=CARTESIAN_POINT('',(1.32099475620389,0.0603407021353669,0.0201269513177279));
#1976=CARTESIAN_POINT('',(1.32099474804556,0.0603118055552068,0.0202141107528893));
#1977=CARTESIAN_POINT('',(1.32099473990393,0.0602827199053681,0.0203012075047233));
#1978=CARTESIAN_POINT('',(1.32099473177907,0.0602534454594239,0.0203882407529553));
#1979=CARTESIAN_POINT('',(1.32099472366405,0.0602242064766726,0.0204751685687268));
#1980=CARTESIAN_POINT('',(1.32099471556578,0.0601947791548256,0.0205620330351559));
#1981=CARTESIAN_POINT('',(1.32099470748432,0.0601651637700122,0.0206488333361349));
#1982=CARTESIAN_POINT('',(1.32099469939705,0.0601355271079743,0.0207356959989405));
#1983=CARTESIAN_POINT('',(1.32099469132662,0.0601057021125048,0.0208224944045566));
#1984=CARTESIAN_POINT('',(1.32099468327311,0.0600756890638794,0.0209092277363224));
#1985=CARTESIAN_POINT('',(1.32099467521755,0.0600456684123767,0.0209959830392941));
#1986=CARTESIAN_POINT('',(1.32099466717892,0.0600154596122832,0.0210826732359335));
#1987=CARTESIAN_POINT('',(1.32099465915728,0.0599850629476369,0.0211692975101833));
#1988=CARTESIAN_POINT('',(1.32099465113004,0.0599546450343131,0.021255982338816));
#1989=CARTESIAN_POINT('',(1.32099464311982,0.0599240389935362,0.0213426011533502));
#1990=CARTESIAN_POINT('',(1.3209946351267,0.059893245113494,0.0214291531372589));
#1991=CARTESIAN_POINT('',(1.32099462713532,0.0598624579318204,0.0215156862941447));
#1992=CARTESIAN_POINT('',(1.32099461916102,0.0598314829924266,0.0216021526499623));
#1993=CARTESIAN_POINT('',(1.32099461120389,0.0598003205868596,0.0216885513899754));
#1994=CARTESIAN_POINT('',(1.32099460324314,0.0597691439882718,0.0217749894805808));
#1995=CARTESIAN_POINT('',(1.32099459529956,0.0597377797525339,0.0218613598942594));
#1996=CARTESIAN_POINT('',(1.32099458737325,0.0597062281751382,0.0219476618164361));
#1997=CARTESIAN_POINT('',(1.32099457945037,0.0596746902708854,0.0220339263389451));
#1998=CARTESIAN_POINT('',(1.32099457154473,0.0596429651871304,0.0221201224297822));
#1999=CARTESIAN_POINT('',(1.3209945636564,0.0596110532225176,0.0222062492767201));
#2000=CARTESIAN_POINT('',(1.32099455577406,0.059579165458749,0.0222923108082683));
#2001=CARTESIAN_POINT('',(1.320994547909,0.0595470910972732,0.0223783032013775));
#2002=CARTESIAN_POINT('',(1.32099454006131,0.0595148304395764,0.0224642256469671));
#2003=CARTESIAN_POINT('',(1.32099453221001,0.0594825549120725,0.0225501876965291));
#2004=CARTESIAN_POINT('',(1.32099452437607,0.059450092916372,0.0226360797345482));
#2005=CARTESIAN_POINT('',(1.32099451655959,0.0594174447578978,0.0227219009521423));
#2006=CARTESIAN_POINT('',(1.32099450875228,0.0593848348531981,0.0228076216132071));
#2007=CARTESIAN_POINT('',(1.32099450096237,0.0593520392215172,0.0228932716201788));
#2008=CARTESIAN_POINT('',(1.32099449318995,0.0593190581707057,0.0229788501683426));
#2009=CARTESIAN_POINT('',(1.32099448541162,0.0592860521099932,0.0230644936116797));
#2010=CARTESIAN_POINT('',(1.32099447765083,0.0592528603486183,0.0231500654882577));
#2011=CARTESIAN_POINT('',(1.3209944699076,0.059219483198634,0.0232355649928753));
#2012=CARTESIAN_POINT('',(1.320994462165,0.0591861087254148,0.0233210576406434));
#2013=CARTESIAN_POINT('',(1.32099445443999,0.0591525488930982,0.0234064779285216));
#2014=CARTESIAN_POINT('',(1.32099444673262,0.0591188040171583,0.0234918250528633));
#2015=CARTESIAN_POINT('',(1.32099443903178,0.0590850876619522,0.0235771000429165));
#2016=CARTESIAN_POINT('',(1.32099443134855,0.0590511865755539,0.0236623019935133));
#2017=CARTESIAN_POINT('',(1.32099442368302,0.0590171010761183,0.0237474301044152));
#2018=CARTESIAN_POINT('',(1.32099441600917,0.0589829785793011,0.0238326506158175));
#2019=CARTESIAN_POINT('',(1.32099440835306,0.0589486712686554,0.0239177971275981));
#2020=CARTESIAN_POINT('',(1.32099440071475,0.0589141794668586,0.0240028688383019));
#2021=CARTESIAN_POINT('',(1.3209943930827,0.0588797158857156,0.0240878709446604));
#2022=CARTESIAN_POINT('',(1.32099438546842,0.0588450681149472,0.0241727983727459));
#2023=CARTESIAN_POINT('',(1.32099437787199,0.0588102364799112,0.0242576503244727));
#2024=CARTESIAN_POINT('',(1.3209943702795,0.0587754229021831,0.0243424582875147));
#2025=CARTESIAN_POINT('',(1.32099436270484,0.0587404256505204,0.0244271908528815));
#2026=CARTESIAN_POINT('',(1.32099435514808,0.0587052450532327,0.0245118472251437));
#2027=CARTESIAN_POINT('',(1.32099434758071,0.0586700150825757,0.0245966224063702));
#2028=CARTESIAN_POINT('',(1.32099434003131,0.0586346012510444,0.024681321180924));
#2029=CARTESIAN_POINT('',(1.32099433249992,0.0585990038917998,0.0247659427514593));
#2030=CARTESIAN_POINT('',(1.32099432497577,0.0585634407531862,0.0248504829731641));
#2031=CARTESIAN_POINT('',(1.32099431746961,0.058527694439279,0.0249349461396561));
#2032=CARTESIAN_POINT('',(1.32099430998151,0.0584917652857315,0.0250193314573355));
#2033=CARTESIAN_POINT('',(1.32099430249168,0.0584558278541381,0.0251037362173191));
#2034=CARTESIAN_POINT('',(1.32099429501993,0.0584197074983635,0.0251880630930501));
#2035=CARTESIAN_POINT('',(1.32099428756631,0.0583834045577398,0.0252723112918442));
#2036=CARTESIAN_POINT('',(1.32099428010937,0.0583470854504273,0.0253565970086574));
#2037=CARTESIAN_POINT('',(1.32099427267059,0.0583105835953221,0.0254408039788776));
#2038=CARTESIAN_POINT('',(1.32099426525002,0.0582738993356562,0.0255249314102421));
#2039=CARTESIAN_POINT('',(1.32099425784225,0.0582372782856374,0.0256089138839246));
#2040=CARTESIAN_POINT('',(1.32099425045264,0.058200475458816,0.0256928170930462));
#2041=CARTESIAN_POINT('',(1.32099424308125,0.0581634912000729,0.0257766402509208));
#2042=CARTESIAN_POINT('',(1.32099423571097,0.0581265124755976,0.0258604508656264));
#2043=CARTESIAN_POINT('',(1.32099422835891,0.0580893523808901,0.0259441814569));
#2044=CARTESIAN_POINT('',(1.32099422102516,0.058052011240995,0.0260278312296016));
#2045=CARTESIAN_POINT('',(1.32099421368094,0.058014616851051,0.0261116002904261));
#2046=CARTESIAN_POINT('',(1.32099420635506,0.0579770409297367,0.0261952883162061));
#2047=CARTESIAN_POINT('',(1.3209941990476,0.0579392838069739,0.0262788945099474));
#2048=CARTESIAN_POINT('',(1.32099419175294,0.0579015928012869,0.0263623542996025));
#2049=CARTESIAN_POINT('',(1.32099418447663,0.0578637212355697,0.0264457325474071));
#2050=CARTESIAN_POINT('',(1.32099417721874,0.05782566946441,0.0265290284723441));
#2051=CARTESIAN_POINT('',(1.32099416995959,0.0577876111676247,0.0266123386819783));
#2052=CARTESIAN_POINT('',(1.32099416271889,0.0577493726032583,0.0266955665409176));
#2053=CARTESIAN_POINT('',(1.32099415549666,0.0577109541294677,0.026778711269287));
#2054=CARTESIAN_POINT('',(1.32099414826939,0.0576725087932848,0.0268619141328735));
#2055=CARTESIAN_POINT('',(1.32099414106064,0.0576338832956687,0.026945033750006));
#2056=CARTESIAN_POINT('',(1.32099413387048,0.0575950779989161,0.0270280693407349));
#2057=CARTESIAN_POINT('',(1.3209941266906,0.0575563282269549,0.0271109861194909));
#2058=CARTESIAN_POINT('',(1.32099411952926,0.0575173991696831,0.0271938191125328));
#2059=CARTESIAN_POINT('',(1.32099411238651,0.0574782911912101,0.0272765675448238));
#2060=CARTESIAN_POINT('',(1.32099410524021,0.0574391637090327,0.0273593572449332));
#2061=CARTESIAN_POINT('',(1.32099409811251,0.0573998571268003,0.027442062300325));
#2062=CARTESIAN_POINT('',(1.32099409100352,0.0573603718125301,0.0275246819363884));
#2063=CARTESIAN_POINT('',(1.3209940838948,0.0573208880459152,0.0276072983341154));
#2064=CARTESIAN_POINT('',(1.32099407680475,0.0572812255609169,0.0276898293196033));
#2065=CARTESIAN_POINT('',(1.32099406973346,0.057241384728865,0.0277722741199331));
#2066=CARTESIAN_POINT('',(1.32099406265878,0.05720152480386,0.0278547584303492));
#2067=CARTESIAN_POINT('',(1.32099405560287,0.0571614863604574,0.0279371564733716));
#2068=CARTESIAN_POINT('',(1.3209940485658,0.0571212697738752,0.0280194674765877));
#2069=CARTESIAN_POINT('',(1.3209940415318,0.0570810707671649,0.0281017424992045));
#2070=CARTESIAN_POINT('',(1.32099403451662,0.0570406937726132,0.0281839305584783));
#2071=CARTESIAN_POINT('',(1.32099402752032,0.0570001391682898,0.0282660308846397));
#2072=CARTESIAN_POINT('',(1.32099402053396,0.0569596421385694,0.0283480146545242));
#2073=CARTESIAN_POINT('',(1.32099401356642,0.0569189680026408,0.0284299109406044));
#2074=CARTESIAN_POINT('',(1.32099400661778,0.0568781171402843,0.0285117189780208));
#2075=CARTESIAN_POINT('',(1.32099399967231,0.0568372848933684,0.0285934897361101));
#2076=CARTESIAN_POINT('',(1.32099399274571,0.05679627608067,0.0286751723263195));
#2077=CARTESIAN_POINT('',(1.32099398583806,0.0567550910847541,0.0287567659864815));
#2078=CARTESIAN_POINT('',(1.32099397892127,0.0567138515914944,0.0288384676140636));
#2079=CARTESIAN_POINT('',(1.32099397202347,0.0566724354469837,0.0289200800759167));
#2080=CARTESIAN_POINT('',(1.32099396514472,0.0566308430418254,0.0290016026101483));
#2081=CARTESIAN_POINT('',(1.32099395827873,0.0565893277295257,0.029082974039745));
#2082=CARTESIAN_POINT('',(1.32099395143172,0.0565476368047212,0.029164255872968));
#2083=CARTESIAN_POINT('',(1.32099394460377,0.0565057706591451,0.029245447353833));
#2084=CARTESIAN_POINT('',(1.32099393777772,0.0564639162409936,0.0293266160915732));
#2085=CARTESIAN_POINT('',(1.32099393097071,0.0564218866987494,0.0294076945273813));
#2086=CARTESIAN_POINT('',(1.32099392418282,0.0563796824238901,0.0294886819059612));
#2087=CARTESIAN_POINT('',(1.32099391738612,0.0563374234800947,0.0295697741908293));
#2088=CARTESIAN_POINT('',(1.32099391060858,0.0562949893502995,0.0296507751827704));
#2089=CARTESIAN_POINT('',(1.32099390385025,0.0562523804307831,0.029731684125255));
#2090=CARTESIAN_POINT('',(1.32099389710464,0.056209851671933,0.0298124408527852));
#2091=CARTESIAN_POINT('',(1.32099389037819,0.0561671487799925,0.0298931058772298));
#2092=CARTESIAN_POINT('',(1.32099388367092,0.0561242721522601,0.029973678448031));
#2093=CARTESIAN_POINT('',(1.32099387696571,0.0560814087259998,0.0300542262109917));
#2094=CARTESIAN_POINT('',(1.32099387027972,0.0560383716704895,0.0301346815775753));
#2095=CARTESIAN_POINT('',(1.32099386361297,0.0559951613858987,0.0302150437996379));
#2096=CARTESIAN_POINT('',(1.32099385693778,0.0559518963312679,0.0302955078826846));
#2097=CARTESIAN_POINT('',(1.32099385028189,0.0559084576076991,0.0303758785852739));
#2098=CARTESIAN_POINT('',(1.32099384364537,0.0558648456201294,0.0304561551581547));
#2099=CARTESIAN_POINT('',(1.32099383702152,0.0558213168885334,0.0305362784817887));
#2100=CARTESIAN_POINT('',(1.32099383041696,0.0557776155533932,0.0306163080350947));
#2101=CARTESIAN_POINT('',(1.32099382383175,0.055733742020549,0.0306962430748507));
#2102=CARTESIAN_POINT('',(1.32099381724712,0.055689872290217,0.0307761711866492));
#2103=CARTESIAN_POINT('',(1.32099381068184,0.0556458303915811,0.0308560048016069));
#2104=CARTESIAN_POINT('',(1.32099380413597,0.0556016167335819,0.0309357431784521));
#2105=CARTESIAN_POINT('',(1.32099379758525,0.0555573702873136,0.0310155406882323));
#2106=CARTESIAN_POINT('',(1.32099379105396,0.0555129518263825,0.0310952428189151));
#2107=CARTESIAN_POINT('',(1.32099378454218,0.0554683617638458,0.0311748488293538));
#2108=CARTESIAN_POINT('',(1.3209937780414,0.0554238469853075,0.0312543204363309));
#2109=CARTESIAN_POINT('',(1.32099377156005,0.0553791611836646,0.0313336962476775));
#2110=CARTESIAN_POINT('',(1.32099376509819,0.0553343047730664,0.0314129755277738));
#2111=CARTESIAN_POINT('',(1.32099375863478,0.055289437558246,0.0314922739032668));
#2112=CARTESIAN_POINT('',(1.32099375219088,0.0552443996518063,0.0315714757013133));
#2113=CARTESIAN_POINT('',(1.32099374576654,0.055199191471369,0.0316505801875553));
#2114=CARTESIAN_POINT('',(1.32099373934218,0.0551539831302295,0.0317296849549912));
#2115=CARTESIAN_POINT('',(1.32099373293739,0.055108604513407,0.0318086924102364));
#2116=CARTESIAN_POINT('',(1.32099372655221,0.0550630560416935,0.0318876018207319));
#2117=CARTESIAN_POINT('',(1.32099372017573,0.0550175695811732,0.0319664038013505));
#2118=CARTESIAN_POINT('',(1.32099371381883,0.0549719137274601,0.0320451080043004));
#2119=CARTESIAN_POINT('',(1.32099370748155,0.0549260889027728,0.0321237137018226));
#2120=CARTESIAN_POINT('',(1.32099370114067,0.0548802380286506,0.0322023640832908));
#2121=CARTESIAN_POINT('',(1.32099369481945,0.0548342179909068,0.0322809158476015));
#2122=CARTESIAN_POINT('',(1.32099368851793,0.0547880292156196,0.0323593682675822));
#2123=CARTESIAN_POINT('',(1.32099368222104,0.0547418743355041,0.0324377631160378));
#2124=CARTESIAN_POINT('',(1.32099367594383,0.0546955509649139,0.0325160587662041));
#2125=CARTESIAN_POINT('',(1.32099366968637,0.0546490595321144,0.0325942544943457));
#2126=CARTESIAN_POINT('',(1.32099366343537,0.0546026161793545,0.0326723693548203));
#2127=CARTESIAN_POINT('',(1.32099365720407,0.0545560051113174,0.0327503845001186));
#2128=CARTESIAN_POINT('',(1.32099365099253,0.0545092267580446,0.0328282992105918));
#2129=CARTESIAN_POINT('',(1.32099364477542,0.0544624064857427,0.0329062837420142));
#2130=CARTESIAN_POINT('',(1.32099363857811,0.0544154186277488,0.0329841676588044));
#2131=CARTESIAN_POINT('',(1.32099363240065,0.0543682636183661,0.0330619502412391));
#2132=CARTESIAN_POINT('',(1.32099362623227,0.05432117795474,0.0331396184372681));
#2133=CARTESIAN_POINT('',(1.32099362008368,0.0542739256304753,0.0332171855970363));
#2134=CARTESIAN_POINT('',(1.32099361395494,0.0542265070810436,0.0332946510058573));
#2135=CARTESIAN_POINT('',(1.32099360783053,0.0541791220357553,0.0333720616805672));
#2136=CARTESIAN_POINT('',(1.32099360172593,0.0541315709995974,0.0334493707483307));
#2137=CARTESIAN_POINT('',(1.32099359564122,0.0540838544101824,0.0335265774978485));
#2138=CARTESIAN_POINT('',(1.32099358954958,0.054036083477534,0.0336038721762074));
#2139=CARTESIAN_POINT('',(1.32099358347785,0.0539881466100372,0.0336810643010442));
#2140=CARTESIAN_POINT('',(1.32099357742611,0.0539400442611557,0.0337581531675637));
#2141=CARTESIAN_POINT('',(1.32099357138669,0.0538920399018717,0.0338350849958685));
#2142=CARTESIAN_POINT('',(1.32099356536717,0.0538438707191896,0.0339119139770143));
#2143=CARTESIAN_POINT('',(1.3209935593676,0.053795537166893,0.0339886394124282));
#2144=CARTESIAN_POINT('',(1.32099355337081,0.0537472260235349,0.0340653292755433));
#2145=CARTESIAN_POINT('',(1.32099354739395,0.0536987506586548,0.0341419156868238));
#2146=CARTESIAN_POINT('',(1.32099354143708,0.0536501115171776,0.0342183979435506));
#2147=CARTESIAN_POINT('',(1.3209935354736,0.053601418308349,0.0342949652180826));
#2148=CARTESIAN_POINT('',(1.32099352953014,0.0535525609580699,0.0343714281066167));
#2149=CARTESIAN_POINT('',(1.32099352360676,0.0535035399157752,0.0344477859060095));
#2150=CARTESIAN_POINT('',(1.32099351769562,0.0534546200654108,0.0345239860834351));
#2151=CARTESIAN_POINT('',(1.32099351180447,0.0534055371975927,0.0346000816053685));
#2152=CARTESIAN_POINT('',(1.3209935059334,0.0533562917619757,0.0346760717749349));
#2153=CARTESIAN_POINT('',(1.3209935000652,0.0533070704941548,0.034752024651402));
#2154=CARTESIAN_POINT('',(1.32099349421703,0.0532576868175091,0.0348278722791108));
#2155=CARTESIAN_POINT('',(1.32099348838896,0.0532081411840123,0.0349036139641421));
#2156=CARTESIAN_POINT('',(1.32099348255457,0.0531585418209494,0.0349794377869439));
#2157=CARTESIAN_POINT('',(1.32099347674032,0.0531087801490189,0.035055155437388));
#2158=CARTESIAN_POINT('',(1.32099347094625,0.0530588566246481,0.0351307662212444));
#2159=CARTESIAN_POINT('',(1.3209934651643,0.0530090375045556,0.0352062188814624));
#2160=CARTESIAN_POINT('',(1.32099345940245,0.0529590572077128,0.035281565121819));
#2161=CARTESIAN_POINT('',(1.32099345366076,0.0529089161906445,0.0353568042543804));
#2162=CARTESIAN_POINT('',(1.320993447921,0.0528587920050198,0.0354320181305094));
#2163=CARTESIAN_POINT('',(1.32099344220138,0.0528085072064854,0.035507124970949));
#2164=CARTESIAN_POINT('',(1.32099343650196,0.0527580622540467,0.0355821240904159));
#2165=CARTESIAN_POINT('',(1.32099343079859,0.0527075823472613,0.0356571751783177));
#2166=CARTESIAN_POINT('',(1.32099342511543,0.0526569420639711,0.0357321183961142));
#2167=CARTESIAN_POINT('',(1.32099341945256,0.0526061418670728,0.0358069530590709));
#2168=CARTESIAN_POINT('',(1.32099341380065,0.0525554400472396,0.0358816428010438));
#2169=CARTESIAN_POINT('',(1.32099340816895,0.0525045789319825,0.0359562244084111));
#2170=CARTESIAN_POINT('',(1.32099340255748,0.0524535589844244,0.0360306972023831));
#2171=CARTESIAN_POINT('',(1.32099339694605,0.0524025394200794,0.0361051694369865));
#2172=CARTESIAN_POINT('',(1.32099339135489,0.0523513610252356,0.0361795328600198));
#2173=CARTESIAN_POINT('',(1.32099338578401,0.0523000242659047,0.0362537867946942));
#2174=CARTESIAN_POINT('',(1.32099338021339,0.0522486897824874,0.0363280374374674));
#2175=CARTESIAN_POINT('',(1.32099337466305,0.0521971969480338,0.0364021786017733));
#2176=CARTESIAN_POINT('',(1.32099336913308,0.0521455462313837,0.0364762096129102));
#2177=CARTESIAN_POINT('',(1.320993363612,0.0520939786177322,0.0365501215124566));
#2178=CARTESIAN_POINT('',(1.32099335811119,0.0520422536289291,0.0366239236131869));
#2179=CARTESIAN_POINT('',(1.32099335263072,0.0519903717344199,0.0366976152456486));
#2180=CARTESIAN_POINT('',(1.32099334714849,0.0519384731979952,0.0367713305158345));
#2181=CARTESIAN_POINT('',(1.3209933416866,0.0518864176545889,0.0368449352470431));
#2182=CARTESIAN_POINT('',(1.32099333624512,0.0518342055769557,0.0369184287711884));
#2183=CARTESIAN_POINT('',(1.32099333080788,0.0517820342721567,0.0369918649036454));
#2184=CARTESIAN_POINT('',(1.320993325391,0.0517297066769089,0.0370651900028213));
#2185=CARTESIAN_POINT('',(1.32099331999453,0.0516772232657018,0.0371384034042119));
#2186=CARTESIAN_POINT('',(1.32099331460498,0.0516248070833693,0.0372115230225486));
#2187=CARTESIAN_POINT('',(1.32099330923579,0.0515722354834012,0.0372845312292351));
#2188=CARTESIAN_POINT('',(1.320993303887,0.0515195089412849,0.0373574273643379));
#2189=CARTESIAN_POINT('',(1.32099329854141,0.0514668139301063,0.0374302799069081));
#2190=CARTESIAN_POINT('',(1.32099329321621,0.0514139641614259,0.0375030205120459));
#2191=CARTESIAN_POINT('',(1.32099328791144,0.0513609601126812,0.0375756485230276));
#2192=CARTESIAN_POINT('',(1.32099328260989,0.0513079882289862,0.0376482324603275));
#2193=CARTESIAN_POINT('',(1.32099327732874,0.0512548622518008,0.0377207039402288));
#2194=CARTESIAN_POINT('',(1.32099327206805,0.0512015826604815,0.0377930623092364));
#2195=CARTESIAN_POINT('',(1.3209932668106,0.0511483358711438,0.0378653761302694));
#2196=CARTESIAN_POINT('',(1.32099326157358,0.0510949356561404,0.0379375769797797));
#2197=CARTESIAN_POINT('',(1.32099325635703,0.051041382496715,0.0380096642075192));
#2198=CARTESIAN_POINT('',(1.32099325113707,0.0509877942046357,0.0380817987268778));
#2199=CARTESIAN_POINT('',(1.32099324593761,0.0509340527667676,0.0381538194754695));
#2200=CARTESIAN_POINT('',(1.32099324075869,0.0508801586680707,0.0382257258038222));
#2201=CARTESIAN_POINT('',(1.32099323558811,0.0508263513310582,0.0382975163734124));
#2202=CARTESIAN_POINT('',(1.32099323043802,0.0507723918237142,0.0383691928909925));
#2203=CARTESIAN_POINT('',(1.32099322530846,0.0507182806314063,0.0384407547122795));
#2204=CARTESIAN_POINT('',(1.32099322018374,0.0506642206038298,0.0385122488684273));
#2205=CARTESIAN_POINT('',(1.32099321507953,0.0506100091773707,0.0385836285452));
#2206=CARTESIAN_POINT('',(1.32099320999584,0.0505556468387459,0.0386548931022008));
#2207=CARTESIAN_POINT('',(1.32099320491547,0.0505013198773861,0.0387261112825155));
#2208=CARTESIAN_POINT('',(1.32099319985561,0.050446842199576,0.038797214492954));
#2209=CARTESIAN_POINT('',(1.3209931948163,0.0503922142937922,0.0388682020964354));
#2210=CARTESIAN_POINT('',(1.32099318978031,0.050337622415054,0.0389391428836679));
#2211=CARTESIAN_POINT('',(1.32099318476486,0.0502828805057849,0.0390099682164837));
#2212=CARTESIAN_POINT('',(1.32099317976998,0.0502279890561888,0.0390806774611338));
#2213=CARTESIAN_POINT('',(1.32099317477844,0.0501731342857358,0.0391513394569952));
#2214=CARTESIAN_POINT('',(1.32099316980744,0.0501181301740919,0.0392218855198808));
#2215=CARTESIAN_POINT('',(1.32099316485703,0.0500629772131566,0.0392923150193895));
#2216=CARTESIAN_POINT('',(1.32099315990214,0.0500077742344787,0.0393628083908011));
#2217=CARTESIAN_POINT('',(1.32099315496787,0.0499524221323746,0.0394331849847423));
#2218=CARTESIAN_POINT('',(1.32099315005427,0.0498969214128949,0.0395034441791978));
#2219=CARTESIAN_POINT('',(1.32099314515183,0.0498415465666283,0.039573544028862));
#2220=CARTESIAN_POINT('',(1.32099314026995,0.0497860237622136,0.039643527000396));
#2221=CARTESIAN_POINT('',(1.3209931354087,0.0497303535049602,0.0397133924781354));
#2222=CARTESIAN_POINT('',(1.32099313055082,0.0496747218972477,0.0397832094511837));
#2223=CARTESIAN_POINT('',(1.32099312571355,0.0496189430373416,0.0398529090909417));
#2224=CARTESIAN_POINT('',(1.3209931208969,0.0495630174220356,0.0399224907771484));
#2225=CARTESIAN_POINT('',(1.32099311608363,0.0495071311167959,0.0399920235544484));
#2226=CARTESIAN_POINT('',(1.32099311129099,0.0494510982617308,0.0400614385440293));
#2227=CARTESIAN_POINT('',(1.32099310651899,0.0493949193551999,0.0401307351290374));
#2228=CARTESIAN_POINT('',(1.32099310175038,0.0493387804211556,0.0401999824080516));
#2229=CARTESIAN_POINT('',(1.32099309700239,0.0492824956427437,0.0402691114509925));
#2230=CARTESIAN_POINT('',(1.32099309227507,0.0492260655198573,0.0403381216444273));
#2231=CARTESIAN_POINT('',(1.32099308755115,0.0491696760336886,0.0404070821419264));
#2232=CARTESIAN_POINT('',(1.32099308284787,0.0491131414116335,0.0404759239610888));
#2233=CARTESIAN_POINT('',(1.32099307816526,0.0490564621550859,0.040544646491916));
#2234=CARTESIAN_POINT('',(1.32099307347865,0.0489997344396319,0.0406134277782544));
#2235=CARTESIAN_POINT('',(1.32099306881274,0.0489428618415891,0.0406820895722465));
#2236=CARTESIAN_POINT('',(1.32099306416759,0.0488858448662154,0.0407506312644537));
#2237=CARTESIAN_POINT('',(1.32099305953322,0.0488289601476386,0.0408190139670862));
#2238=CARTESIAN_POINT('',(1.3209930549195,0.0487719317200757,0.0408872771245102));
#2239=CARTESIAN_POINT('',(1.32099305032647,0.048714760087827,0.0409554201336401));
#2240=CARTESIAN_POINT('',(1.32099304573687,0.0486576310960701,0.0410235123194629));
#2241=CARTESIAN_POINT('',(1.32099304116794,0.0486003591124825,0.0410914845361835));
#2242=CARTESIAN_POINT('',(1.32099303661971,0.0485429446427678,0.0411593361841888));
#2243=CARTESIAN_POINT('',(1.32099303207491,0.0484855734841763,0.0412271366476912));
#2244=CARTESIAN_POINT('',(1.32099302755079,0.0484280600536658,0.0412948167243446));
#2245=CARTESIAN_POINT('',(1.32099302304739,0.0483704048583106,0.0413623758180197));
#2246=CARTESIAN_POINT('',(1.32099301854741,0.0483127936460982,0.0414298833732124));
#2247=CARTESIAN_POINT('',(1.32099301406812,0.0482550408845682,0.0414972701299678));
#2248=CARTESIAN_POINT('',(1.32099300960956,0.0481971470821329,0.041564535495652));
#2249=CARTESIAN_POINT('',(1.32099300515443,0.0481392979361648,0.0416317489761003));
#2250=CARTESIAN_POINT('',(1.32099300071999,0.0480813079661032,0.0416988412526926));
#2251=CARTESIAN_POINT('',(1.32099299630628,0.0480231776816657,0.0417658117363014));
#2252=CARTESIAN_POINT('',(1.32099299188903,0.0479650006757635,0.0418328360465707));
#2253=CARTESIAN_POINT('',(1.32099298749253,0.0479066831291489,0.0418997383680092));
#2254=CARTESIAN_POINT('',(1.32099298311684,0.0478482255552463,0.0419665181122181));
#2255=CARTESIAN_POINT('',(1.32099297875153,0.0477899065581018,0.0420331395515258));
#2256=CARTESIAN_POINT('',(1.32099297440691,0.0477314481960729,0.0420996389940713));
#2257=CARTESIAN_POINT('',(1.32099297008303,0.047672850981392,0.0421660158577768));
#2258=CARTESIAN_POINT('',(1.3209929657626,0.0476143004512115,0.0422323398389224));
#2259=CARTESIAN_POINT('',(1.32099296146287,0.0475556112888419,0.0422985414364642));
#2260=CARTESIAN_POINT('',(1.3209929571839,0.0474967840077234,0.0423646200718616));
#2261=CARTESIAN_POINT('',(1.32099295290837,0.0474380040888092,0.0424306455069448));
#2262=CARTESIAN_POINT('',(1.32099294865355,0.047379086272757,0.0424965481777885));
#2263=CARTESIAN_POINT('',(1.32099294441947,0.0473200310741815,0.0425623275093983));
#2264=CARTESIAN_POINT('',(1.32099294018885,0.0472610239164003,0.042628053330201));
#2265=CARTESIAN_POINT('',(1.32099293597893,0.0472018795988208,0.0426936560123413));
#2266=CARTESIAN_POINT('',(1.32099293178977,0.0471425986372001,0.0427591349843802));
#2267=CARTESIAN_POINT('',(1.32099292760288,0.0470833496720207,0.0428245786146495));
#2268=CARTESIAN_POINT('',(1.3209929234367,0.0470239642095592,0.0428898986683001));
#2269=CARTESIAN_POINT('',(1.3209929192913,0.0469644427671215,0.0429550945769765));
#2270=CARTESIAN_POINT('',(1.32099291514512,0.0469049101046354,0.0430203027753627));
#2271=CARTESIAN_POINT('',(1.3209929110197,0.0468452414101914,0.0430853867819345));
#2272=CARTESIAN_POINT('',(1.3209929069151,0.0467854372037615,0.0431503460301835));
#2273=CARTESIAN_POINT('',(1.32099290281929,0.0467257609326997,0.0432151663152084));
#2274=CARTESIAN_POINT('',(1.32099289874418,0.0466659497281064,0.0432798623750777));
#2275=CARTESIAN_POINT('',(1.32099289468984,0.0466060041089718,0.0433444336490736));
#2276=CARTESIAN_POINT('',(1.32099289063893,0.0465461092532654,0.0434089502425227));
#2277=CARTESIAN_POINT('',(1.32099288660873,0.04648608020986,0.0434733422613079));
#2278=CARTESIAN_POINT('',(1.3209928825993,0.0464259174987576,0.0435376091482989));
#2279=CARTESIAN_POINT('',(1.32099287859329,0.0463658062328579,0.0436018210806018));
#2280=CARTESIAN_POINT('',(1.32099287460801,0.0463055615270475,0.0436659080949682));
#2281=CARTESIAN_POINT('',(1.32099287064348,0.0462451839023087,0.0437298696378622));
#2282=CARTESIAN_POINT('',(1.32099286668237,0.0461848584049364,0.0437937759591934));
#2283=CARTESIAN_POINT('',(1.32099286274198,0.046124400217332,0.0438575570255533));
#2284=CARTESIAN_POINT('',(1.32099285882234,0.0460638098614251,0.0439212122870068));
#2285=CARTESIAN_POINT('',(1.32099285490612,0.0460032723153563,0.0439848120672867));
#2286=CARTESIAN_POINT('',(1.32099285101062,0.045942602830558,0.0440482862617997));
#2287=CARTESIAN_POINT('',(1.32099284713586,0.0458818019298747,0.0441116343242176));
#2288=CARTESIAN_POINT('',(1.32099284326452,0.0458210545217277,0.0441749266531103));
#2289=CARTESIAN_POINT('',(1.32099283941389,0.0457601759281118,0.0442380930716802));
#2290=CARTESIAN_POINT('',(1.320992835584,0.0456991666727543,0.0443011330372122));
#2291=CARTESIAN_POINT('',(1.32099283175752,0.0456382115927766,0.0443641170241215));
#2292=CARTESIAN_POINT('',(1.32099282795175,0.0455771260822827,0.0444269747823916));
#2293=CARTESIAN_POINT('',(1.32099282416672,0.0455159106658504,0.0444897057729259));
#2294=CARTESIAN_POINT('',(1.32099282038508,0.0454547501077061,0.0445523805469881));
#2295=CARTESIAN_POINT('',(1.32099281662415,0.0453934598756249,0.0446149287803332));
#2296=CARTESIAN_POINT('',(1.32099281288395,0.0453320404950029,0.0446773499374884));
#2297=CARTESIAN_POINT('',(1.32099280914713,0.0452706766555613,0.0447397146475626));
#2298=CARTESIAN_POINT('',(1.32099280543103,0.0452091839003231,0.0448019525110789));
#2299=CARTESIAN_POINT('',(1.32099280173564,0.0451475627554709,0.0448640629961927));
#2300=CARTESIAN_POINT('',(1.32099279804363,0.0450859978345958,0.0449261168108485));
#2301=CARTESIAN_POINT('',(1.32099279437231,0.0450243047575601,0.0449880434793399));
#2302=CARTESIAN_POINT('',(1.32099279072173,0.0449624840513008,0.0450498424734548));
#2303=CARTESIAN_POINT('',(1.3209927870745,0.0449007202516397,0.0451115845809578));
#2304=CARTESIAN_POINT('',(1.32099278344796,0.0448388290568846,0.0451731992489212));
#2305=CARTESIAN_POINT('',(1.32099277984213,0.0447768109946953,0.0452346859527691));
#2306=CARTESIAN_POINT('',(1.32099277623966,0.0447148505214706,0.0452961155610632));
#2307=CARTESIAN_POINT('',(1.32099277265786,0.0446527634155844,0.0453574174426693));
#2308=CARTESIAN_POINT('',(1.32099276909678,0.044590550205387,0.0454185910766518));
#2309=CARTESIAN_POINT('',(1.32099276553903,0.0445283952661871,0.0454797074133391));
#2310=CARTESIAN_POINT('',(1.32099276200195,0.0444661144580593,0.0455406957424126));
#2311=CARTESIAN_POINT('',(1.32099275848557,0.0444037083100126,0.0456015555465799));
#2312=CARTESIAN_POINT('',(1.32099275497252,0.0443413611145843,0.0456623578588988));
#2313=CARTESIAN_POINT('',(1.32099275148012,0.0442788888151979,0.0457230318888951));
#2314=CARTESIAN_POINT('',(1.32099274800842,0.0442162919414899,0.0457835771229221));
#2315=CARTESIAN_POINT('',(1.32099274454003,0.0441537547015312,0.0458440646777219));
#2316=CARTESIAN_POINT('',(1.32099274109229,0.0440910931237567,0.0459044236817009));
#2317=CARTESIAN_POINT('',(1.32099273766523,0.0440283077383987,0.0459646536248607));
#2318=CARTESIAN_POINT('',(1.32099273424146,0.0439655826673534,0.0460248257085744));
#2319=CARTESIAN_POINT('',(1.32099273083833,0.0439027340257426,0.0460848689791726));
#2320=CARTESIAN_POINT('',(1.32099272745588,0.0438397623443632,0.0461447829303077));
#2321=CARTESIAN_POINT('',(1.32099272407671,0.043776851657215,0.0462046388489222));
#2322=CARTESIAN_POINT('',(1.32099272071816,0.0437138181677962,0.0462643656983227));
#2323=CARTESIAN_POINT('',(1.32099271738027,0.0436506624074367,0.0463239629758136));
#2324=CARTESIAN_POINT('',(1.32099271404564,0.0435875683205061,0.0463835020548371));
#2325=CARTESIAN_POINT('',(1.32099271073162,0.0435243522005805,0.0464429118147356));
#2326=CARTESIAN_POINT('',(1.32099270743826,0.0434610145794919,0.046502191756467));
#2327=CARTESIAN_POINT('',(1.32099270414814,0.0433977393102324,0.0465614133408946));
#2328=CARTESIAN_POINT('',(1.32099270087862,0.0433343427781715,0.0466205053624645));
#2329=CARTESIAN_POINT('',(1.32099269762974,0.0432708255156114,0.0466794673257893));
#2330=CARTESIAN_POINT('',(1.32099269438408,0.0432073712824077,0.0467383707800656));
#2331=CARTESIAN_POINT('',(1.32099269115901,0.0431437965574506,0.0467971444339206));
#2332=CARTESIAN_POINT('',(1.32099268795457,0.0430801018734822,0.0468557877956215));
#2333=CARTESIAN_POINT('',(1.32099268475333,0.0430164708954493,0.0469143725036014));
#2334=CARTESIAN_POINT('',(1.32099268157266,0.0429527201975031,0.0469728271797542));
#2335=CARTESIAN_POINT('',(1.3209926784126,0.0428888503127944,0.0470311513360026));
#2336=CARTESIAN_POINT('',(1.32099267525573,0.0428250448095779,0.0470894167009094));
#2337=CARTESIAN_POINT('',(1.32099267211941,0.0427611203590175,0.0471475518087302));
#2338=CARTESIAN_POINT('',(1.32099266900369,0.0426970774946424,0.0472055561750428));
#2339=CARTESIAN_POINT('',(1.32099266589115,0.0426330996862193,0.0472635016194239));
#2340=CARTESIAN_POINT('',(1.32099266279913,0.0425690037036894,0.047321316587595));
#2341=CARTESIAN_POINT('',(1.32099265972769,0.0425047900809293,0.0473790005987889));
#2342=CARTESIAN_POINT('',(1.3209926566594,0.0424406421874104,0.04743662556447));
#2343=CARTESIAN_POINT('',(1.32099265361164,0.0423763768936272,0.0474941198409395));
#2344=CARTESIAN_POINT('',(1.32099265058443,0.0423119947337736,0.0475514829510843));
#2345=CARTESIAN_POINT('',(1.32099264756035,0.0422476789752071,0.0476087868991203));
#2346=CARTESIAN_POINT('',(1.32099264455678,0.0421832465907629,0.0476659599510524));
#2347=CARTESIAN_POINT('',(1.32099264157375,0.0421186981149219,0.0477230016334203));
#2348=CARTESIAN_POINT('',(1.32099263859382,0.0420542167111,0.0477799840440431));
#2349=CARTESIAN_POINT('',(1.32099263563439,0.04198961945627,0.0478368353577646));
#2350=CARTESIAN_POINT('',(1.32099263269548,0.0419249068851696,0.0478935551047762));
#2351=CARTESIAN_POINT('',(1.32099262975964,0.0418602620554311,0.0479502154773441));
#2352=CARTESIAN_POINT('',(1.32099262684428,0.0417955021499765,0.0480067445582942));
#2353=CARTESIAN_POINT('',(1.32099262394942,0.0417306277037699,0.0480631418814672));
#2354=CARTESIAN_POINT('',(1.32099262105762,0.0416658216668093,0.0481194797344085));
#2355=CARTESIAN_POINT('',(1.32099261818627,0.0416009013297863,0.0481756861070807));
#2356=CARTESIAN_POINT('',(1.32099261533541,0.0415358672278615,0.0482317605369721));
#2357=CARTESIAN_POINT('',(1.32099261248758,0.0414709022015396,0.0482877754077255));
#2358=CARTESIAN_POINT('',(1.32099260966018,0.0414058236511104,0.0483436586156083));
#2359=CARTESIAN_POINT('',(1.32099260685324,0.0413406321119016,0.0483994097017533));
#2360=CARTESIAN_POINT('',(1.32099260404931,0.0412755103130513,0.0484551011467119));
#2361=CARTESIAN_POINT('',(1.3209926012658,0.0412102757662907,0.0485106607522312));
#2362=CARTESIAN_POINT('',(1.32099259850273,0.041144929007085,0.0485660880630862));
#2363=CARTESIAN_POINT('',(1.32099259574263,0.041079652651325,0.048621455657534));
#2364=CARTESIAN_POINT('',(1.32099259300293,0.0410142643240339,0.0486766912419896));
#2365=CARTESIAN_POINT('',(1.32099259028366,0.040948764560785,0.0487317943648668));
#2366=CARTESIAN_POINT('',(1.32099258756733,0.0408833358623336,0.0487868377029133));
#2367=CARTESIAN_POINT('',(1.32099258487137,0.0408177959688537,0.0488417488664126));
#2368=CARTESIAN_POINT('',(1.32099258219582,0.0407521454159976,0.0488965274074143));
#2369=CARTESIAN_POINT('',(1.32099257952319,0.0406865665874832,0.0489512461019315));
#2370=CARTESIAN_POINT('',(1.3209925768709,0.0406208773405078,0.0490058324633263));
#2371=CARTESIAN_POINT('',(1.320992574239,0.0405550782107735,0.04906028604728));
#2372=CARTESIAN_POINT('',(1.32099257160965,0.0404893430687292,0.0491146866767484));
#2373=CARTESIAN_POINT('',(1.32099256900064,0.0404234982567898,0.0491689547866366));
#2374=CARTESIAN_POINT('',(1.32099256641198,0.0403575443108841,0.0492230899360852));
#2375=CARTESIAN_POINT('',(1.3209925638248,0.0402916280587778,0.0492771941463772));
#2376=CARTESIAN_POINT('',(1.32099256125796,0.0402256027966644,0.0493311655478998));
#2377=CARTESIAN_POINT('',(1.32099255871147,0.0401594690613286,0.0493850037027141));
#2378=CARTESIAN_POINT('',(1.32099255616951,0.0400934529868788,0.0494387460721478));
#2379=CARTESIAN_POINT('',(1.32099255364784,0.0400273288240934,0.0494923556683097));
#2380=CARTESIAN_POINT('',(1.32099255114645,0.0399610971086512,0.0495458320577529));
#2381=CARTESIAN_POINT('',(1.32099254864788,0.0398949397368514,0.0495992484211264));
#2382=CARTESIAN_POINT('',(1.32099254616957,0.0398286750529635,0.0496525318763804));
#2383=CARTESIAN_POINT('',(1.32099254371153,0.0397623035926016,0.0497056819936816));
#2384=CARTESIAN_POINT('',(1.32099254125627,0.0396960071253995,0.0497587720566279));
#2385=CARTESIAN_POINT('',(1.32099253882124,0.0396296041221343,0.049811729082486));
#2386=CARTESIAN_POINT('',(1.32099253640646,0.0395630951183272,0.0498645526450305));
#2387=CARTESIAN_POINT('',(1.32099253399443,0.0394966617549968,0.0499173161315068));
#2388=CARTESIAN_POINT('',(1.32099253160259,0.0394301226313494,0.0499699464577831));
#2389=CARTESIAN_POINT('',(1.32099252923099,0.0393634782827855,0.0500224432012364));
#2390=CARTESIAN_POINT('',(1.320992526862,0.0392969076260469,0.050074881896544));
#2391=CARTESIAN_POINT('',(1.3209925245132,0.0392302319768435,0.0501271873047841));
#2392=CARTESIAN_POINT('',(1.32099252218458,0.0391634518686243,0.0501793590044936));
#2393=CARTESIAN_POINT('',(1.32099251985699,0.0390967010489985,0.0502315078226033));
#2394=CARTESIAN_POINT('',(1.32099251754959,0.0390298458637035,0.0502835230523212));
#2395=CARTESIAN_POINT('',(1.32099251526237,0.0389628868471601,0.0503354042748847));
#2396=CARTESIAN_POINT('',(1.32099251297954,0.0388960558592894,0.0503871862982007));
#2397=CARTESIAN_POINT('',(1.32099251071681,0.0388291214367257,0.0504388348268143));
#2398=CARTESIAN_POINT('',(1.32099250847424,0.0387620841143403,0.0504903494488751));
#2399=CARTESIAN_POINT('',(1.32099250623429,0.0386951249989417,0.0505418039730199));
#2400=CARTESIAN_POINT('',(1.32099250401441,0.0386280632229273,0.0505931249025528));
#2401=CARTESIAN_POINT('',(1.32099250181464,0.0385608993209373,0.0506443118292));
#2402=CARTESIAN_POINT('',(1.32099249961572,0.0384937611138851,0.0506954791732313));
#2403=CARTESIAN_POINT('',(1.3209924974369,0.0384265208580743,0.0507465126163517));
#2404=CARTESIAN_POINT('',(1.32099249527819,0.0383591790896518,0.0507974117535479));
#2405=CARTESIAN_POINT('',(1.32099249312373,0.0382919701683103,0.0508482104805239));
#2406=CARTESIAN_POINT('',(1.3209924909893,0.0382246601330774,0.0508988754297588));
#2407=CARTESIAN_POINT('',(1.32099248887493,0.0381572495185432,0.0509494062007658));
#2408=CARTESIAN_POINT('',(1.32099248676307,0.0380899190098529,0.0509998769247004));
#2409=CARTESIAN_POINT('',(1.32099248467121,0.0380224881598562,0.0510502137885656));
#2410=CARTESIAN_POINT('',(1.32099248259937,0.0379549575023386,0.0511004163947767));
#2411=CARTESIAN_POINT('',(1.32099248052845,0.0378874571352381,0.0511505964829505));
#2412=CARTESIAN_POINT('',(1.32099247847754,0.0378198570493908,0.051200642433547));
#2413=CARTESIAN_POINT('',(1.32099247644664,0.0377521577794426,0.0512505538516443));
#2414=CARTESIAN_POINT('',(1.32099247441962,0.037684587522132,0.0513003701549243));
#2415=CARTESIAN_POINT('',(1.32099247241253,0.0376169184576453,0.0513500524376239));
#2416=CARTESIAN_POINT('',(1.3209924704254,0.0375491511191373,0.0513996003091949));
#2417=CARTESIAN_POINT('',(1.32099246844076,0.0374814687717021,0.0514490860398163));
#2418=CARTESIAN_POINT('',(1.32099246647603,0.0374136883958551,0.0514984376958957));
#2419=CARTESIAN_POINT('',(1.32099246453122,0.0373458105242898,0.0515476548904663));
#2420=CARTESIAN_POINT('',(1.32099246258751,0.0372779713753382,0.0515968440078687));
#2421=CARTESIAN_POINT('',(1.32099246066372,0.0372100348411357,0.0516458988167779));
#2422=CARTESIAN_POINT('',(1.32099245875982,0.0371420014549942,0.0516948189330039));
#2423=CARTESIAN_POINT('',(1.32099245685921,0.037074085493361,0.0517436546139119));
#2424=CARTESIAN_POINT('',(1.32099245497846,0.0370060730130933,0.0517923560663304));
#2425=CARTESIAN_POINT('',(1.32099245311756,0.0369379645462587,0.0518409229101634));
#2426=CARTESIAN_POINT('',(1.32099245125922,0.0368699497969148,0.0518894229258479));
#2427=CARTESIAN_POINT('',(1.32099244942068,0.0368018393242428,0.0519377887027708));
#2428=CARTESIAN_POINT('',(1.32099244760197,0.036733633659612,0.051986019864504));
#2429=CARTESIAN_POINT('',(1.32099244578451,0.0366654752035361,0.0520342176430356));
#2430=CARTESIAN_POINT('',(1.32099244398684,0.0365972216864953,0.0520822809922897));
#2431=CARTESIAN_POINT('',(1.32099244220899,0.0365288736402379,0.0521302095387205));
#2432=CARTESIAN_POINT('',(1.32099244043388,0.0364606312609086,0.0521780639870234));
#2433=CARTESIAN_POINT('',(1.32099243867851,0.0363922946436903,0.0522257840486176));
#2434=CARTESIAN_POINT('',(1.3209924369429,0.0363238643193347,0.0522733693537824));
#2435=CARTESIAN_POINT('',(1.3209924352099,0.0362555364744389,0.0523208833964415));
#2436=CARTESIAN_POINT('',(1.32099243349659,0.0361871152021312,0.0523682630856024));
#2437=CARTESIAN_POINT('',(1.32099243180299,0.0361186010322303,0.0524155080552905));
#2438=CARTESIAN_POINT('',(1.32099243011077,0.0360501426032019,0.052462714588027));
#2439=CARTESIAN_POINT('',(1.32099242843824,0.0359815914269451,0.0525097866200205));
#2440=CARTESIAN_POINT('',(1.32099242678539,0.0359129480334214,0.0525567237882747));
#2441=CARTESIAN_POINT('',(1.3209924251348,0.0358443983900753,0.0526035968517749));
#2442=CARTESIAN_POINT('',(1.32099242350385,0.035775756780454,0.0526503354192731));
#2443=CARTESIAN_POINT('',(1.32099242189256,0.0357070237337696,0.0526969391313398));
#2444=CARTESIAN_POINT('',(1.32099242028387,0.0356384019568615,0.0527434673981169));
#2445=CARTESIAN_POINT('',(1.32099241869477,0.0355696890379733,0.0527898612453372));
#2446=CARTESIAN_POINT('',(1.32099241712527,0.0355008855051532,0.0528361203173873));
#2447=CARTESIAN_POINT('',(1.32099241555724,0.0354321462846431,0.0528823361499748));
#2448=CARTESIAN_POINT('',(1.32099241400877,0.0353633166187945,0.0529284174588254));
#2449=CARTESIAN_POINT('',(1.32099241247988,0.0352943970355644,0.0529743638913922));
#2450=CARTESIAN_POINT('',(1.3209924109528,0.0352255591368251,0.0530202558675798));
#2451=CARTESIAN_POINT('',(1.32099240944525,0.0351566315329965,0.0530660132865991));
#2452=CARTESIAN_POINT('',(1.32099240795724,0.0350876147515343,0.0531116357992213));
#2453=CARTESIAN_POINT('',(1.32099240647182,0.0350187180514294,0.0531571789338557));
#2454=CARTESIAN_POINT('',(1.32099240500587,0.0349497324830173,0.0532025876307141));
#2455=CARTESIAN_POINT('',(1.32099240355941,0.0348806585723618,0.0532478615444452));
#2456=CARTESIAN_POINT('',(1.32099240211447,0.0348116575774391,0.0532930876661727));
#2457=CARTESIAN_POINT('',(1.32099240068898,0.0347425684259659,0.0533381792887621));
#2458=CARTESIAN_POINT('',(1.32099239928294,0.0346733916436841,0.0533831360700088));
#2459=CARTESIAN_POINT('',(1.32099239787831,0.0346042843414439,0.0534280476973915));
#2460=CARTESIAN_POINT('',(1.3209923964931,0.0345350895836174,0.0534728247537346));
#2461=CARTESIAN_POINT('',(1.32099239512732,0.0344658078956927,0.0535174668999138));
#2462=CARTESIAN_POINT('',(1.32099239376326,0.0343966141035529,0.0535620524098217));
#2463=CARTESIAN_POINT('',(1.32099239241858,0.0343273336010296,0.053606503351232));
#2464=CARTESIAN_POINT('',(1.32099239109329,0.0342579669129276,0.053650819388355));
#2465=CARTESIAN_POINT('',(1.32099238977023,0.034188716943353,0.053695060857948));
#2466=CARTESIAN_POINT('',(1.32099238846649,0.0341193810772778,0.0537391678764245));
#2467=CARTESIAN_POINT('',(1.32099238718208,0.0340499598381604,0.0537831401117252));
#2468=CARTESIAN_POINT('',(1.3209923858987,0.0339805939620181,0.0538270772794616));
#2469=CARTESIAN_POINT('',(1.32099238463461,0.0339111428482343,0.0538708798784728));
#2470=CARTESIAN_POINT('',(1.32099238338983,0.0338416070203005,0.053914547579527));
#2471=CARTESIAN_POINT('',(1.32099238214767,0.0337722167642351,0.0539581238631204));
#2472=CARTESIAN_POINT('',(1.32099238092472,0.0337027421476332,0.0540015658125336));
#2473=CARTESIAN_POINT('',(1.32099237972102,0.0336331836919731,0.0540448731026233));
#2474=CARTESIAN_POINT('',(1.32099237851893,0.0335637184344231,0.0540881223673075));
#2475=CARTESIAN_POINT('',(1.32099237733603,0.0334941695616203,0.0541312373328239));
#2476=CARTESIAN_POINT('',(1.32099237617232,0.0334245375942021,0.0541742176773522));
#2477=CARTESIAN_POINT('',(1.32099237500926,0.0333549442938752,0.0542171741546113));
#2478=CARTESIAN_POINT('',(1.32099237386537,0.033285267990486,0.0542599961598971));
#2479=CARTESIAN_POINT('',(1.32099237274066,0.0332155092050453,0.0543026833739411));
#2480=CARTESIAN_POINT('',(1.32099237161806,0.0331458805810213,0.0543452909388309));
#2481=CARTESIAN_POINT('',(1.32099237051457,0.0330761697817575,0.0543877642145584));
#2482=CARTESIAN_POINT('',(1.32099236943019,0.0330063773265797,0.0544301028856484));
#2483=CARTESIAN_POINT('',(1.32099236834702,0.0329366634895264,0.0544723938640916));
#2484=CARTESIAN_POINT('',(1.32099236728295,0.0328668681797162,0.0545145505405134));
#2485=CARTESIAN_POINT('',(1.32099236623796,0.032796991915933,0.0545565726025066));
#2486=CARTESIAN_POINT('',(1.32099236519427,0.0327272031460055,0.054598542047602));
#2487=CARTESIAN_POINT('',(1.32099236416962,0.0326573336240068,0.0546403772146962));
#2488=CARTESIAN_POINT('',(1.32099236316401,0.0325873838679717,0.0546820777945518));
#2489=CARTESIAN_POINT('',(1.32099236216018,0.0325175578948378,0.0547237045811729));
#2490=CARTESIAN_POINT('',(1.32099236117534,0.0324476519706824,0.0547651972559897));
#2491=CARTESIAN_POINT('',(1.32099236020947,0.0323776666119775,0.0548065555133938));
#2492=CARTESIAN_POINT('',(1.32099235924446,0.032307743138342,0.054847877199454));
#2493=CARTESIAN_POINT('',(1.32099235829839,0.0322377403698797,0.0548890647052353));
#2494=CARTESIAN_POINT('',(1.32099235737129,0.0321676588228626,0.0549301177279238));
#2495=CARTESIAN_POINT('',(1.32099235644577,0.0320976962172596,0.0549711010760008));
#2496=CARTESIAN_POINT('',(1.32099235553912,0.0320276550995855,0.0550119503965995));
#2497=CARTESIAN_POINT('',(1.32099235465138,0.0319575359846426,0.0550526653904231));
#2498=CARTESIAN_POINT('',(1.32099235376491,0.0318875170581102,0.0550933222093751));
#2499=CARTESIAN_POINT('',(1.32099235289729,0.0318174203563489,0.0551338450846496));
#2500=CARTESIAN_POINT('',(1.32099235204852,0.0317472463930975,0.0551742337202011));
#2501=CARTESIAN_POINT('',(1.32099235120061,0.0316771436489535,0.0552145813655842));
#2502=CARTESIAN_POINT('',(1.32099235037151,0.0316069637993755,0.0552547950430909));
#2503=CARTESIAN_POINT('',(1.32099234956123,0.0315367073576671,0.0552948744595416));
#2504=CARTESIAN_POINT('',(1.32099234875252,0.0314665868158282,0.0553348763487603));
#2505=CARTESIAN_POINT('',(1.32099234796256,0.0313963899771971,0.0553747444953364));
#2506=CARTESIAN_POINT('',(1.32099234719135,0.0313261173532173,0.0554144786097459));
#2507=CARTESIAN_POINT('',(1.32099234642095,0.0312559186603443,0.0554541709214323));
#2508=CARTESIAN_POINT('',(1.32099234566926,0.0311856443408166,0.0554937294823212));
#2509=CARTESIAN_POINT('',(1.32099234493629,0.0311152949055637,0.055533154005752));
#2510=CARTESIAN_POINT('',(1.3209923442044,0.0310450480778926,0.0555725210268732));
#2511=CARTESIAN_POINT('',(1.32099234349116,0.0309747263527746,0.0556117544007433));
#2512=CARTESIAN_POINT('',(1.3209923427966,0.0309043302399929,0.055650853843899));
#2513=CARTESIAN_POINT('',(1.32099234210323,0.0308340552553759,0.0556898860099907));
#2514=CARTESIAN_POINT('',(1.32099234142846,0.0307637061381895,0.0557287847053604));
#2515=CARTESIAN_POINT('',(1.32099234077231,0.0306932833966611,0.0557675496499418));
#2516=CARTESIAN_POINT('',(1.32099234011675,0.030622924039254,0.0558062797040618));
#2517=CARTESIAN_POINT('',(1.32099233947976,0.0305524911893009,0.0558448762475348));
#2518=CARTESIAN_POINT('',(1.32099233886135,0.0304819853547166,0.0558833390029808));
#2519=CARTESIAN_POINT('',(1.32099233824411,0.03041161215514,0.0559217294026013));
#2520=CARTESIAN_POINT('',(1.32099233764538,0.030341166244598,0.0559599865165644));
#2521=CARTESIAN_POINT('',(1.32099233706516,0.0302706481291895,0.0559981100709757));
#2522=CARTESIAN_POINT('',(1.32099233648572,0.0302002233087319,0.0560361831882033));
#2523=CARTESIAN_POINT('',(1.32099233592473,0.0301297264736645,0.0560741230985182));
#2524=CARTESIAN_POINT('',(1.32099233538222,0.0300591581291117,0.0561119295310268));
#2525=CARTESIAN_POINT('',(1.32099233484038,0.0299886758148876,0.0561496898734671));
#2526=CARTESIAN_POINT('',(1.32099233431695,0.0299181221647599,0.0561873170628227));
#2527=CARTESIAN_POINT('',(1.32099233381196,0.0298474976830268,0.0562248108310993));
#2528=CARTESIAN_POINT('',(1.32099233330793,0.029777007953824,0.0562622330607249));
#2529=CARTESIAN_POINT('',(1.32099233282225,0.0297064476623894,0.0562995223773927));
#2530=CARTESIAN_POINT('',(1.32099233235494,0.0296358173111452,0.0563366785165411));
#2531=CARTESIAN_POINT('',(1.32099233188811,0.0295652591676931,0.0563737966697143));
#2532=CARTESIAN_POINT('',(1.32099233143961,0.0294946311069454,0.0564107819169959));
#2533=CARTESIAN_POINT('',(1.32099233100943,0.0294239336307774,0.056447633996529));
#2534=CARTESIAN_POINT('',(1.32099233057996,0.0293533537271754,0.0564844247896655));
#2535=CARTESIAN_POINT('',(1.32099233016877,0.0292827046381837,0.0565210828570716));
#2536=CARTESIAN_POINT('',(1.32099232977584,0.0292119868641575,0.0565576079400816));
#2537=CARTESIAN_POINT('',(1.32099232938355,0.0291413838935574,0.0565940737281728));
#2538=CARTESIAN_POINT('',(1.32099232900948,0.0290707124600932,0.0566304069627482));
#2539=CARTESIAN_POINT('',(1.32099232865362,0.0289999730626535,0.0566666073882782));
#2540=CARTESIAN_POINT('',(1.32099232829811,0.0289293048970692,0.0567027713613706));
#2541=CARTESIAN_POINT('',(1.32099232796079,0.0288585689030794,0.0567388027910539));
#2542=CARTESIAN_POINT('',(1.32099232764163,0.0287877655807682,0.0567747014278886));
#2543=CARTESIAN_POINT('',(1.32099232732312,0.0287171050557621,0.0568105276637621));
#2544=CARTESIAN_POINT('',(1.32099232702273,0.028646377470767,0.0568462216367529));
#2545=CARTESIAN_POINT('',(1.32099232674044,0.0285755833237956,0.0568817831008062));
#2546=CARTESIAN_POINT('',(1.32099232645849,0.0285048752099704,0.0569173013485094));
#2547=CARTESIAN_POINT('',(1.3209923261946,0.0284341006946241,0.0569526874074453));
#2548=CARTESIAN_POINT('',(1.32099232594879,0.0283632602731472,0.0569879410308848));
#2549=CARTESIAN_POINT('',(1.32099232570333,0.0282925206201538,0.0570231445070483));
#2550=CARTESIAN_POINT('',(1.32099232547587,0.0282217152477521,0.05705821592366));
#2551=CARTESIAN_POINT('',(1.32099232526643,0.0281508446501381,0.0570931550368924));
#2552=CARTESIAN_POINT('',(1.32099232505724,0.0280800590613719,0.0571280522408724));
#2553=CARTESIAN_POINT('',(1.32099232486603,0.028009208403133,0.0571628174581136));
#2554=CARTESIAN_POINT('',(1.32099232469279,0.0279382931687462,0.0571974504475093));
#2555=CARTESIAN_POINT('',(1.32099232451982,0.0278674884801841,0.0572320294494592));
#2556=CARTESIAN_POINT('',(1.32099232436477,0.0277966194160078,0.0572664766349209));
#2557=CARTESIAN_POINT('',(1.32099232422764,0.0277256864681313,0.0573007917657496));
#2558=CARTESIAN_POINT('',(1.3209923240908,0.0276549017902334,0.0573350351682226));
#2559=CARTESIAN_POINT('',(1.32099232397179,0.0275840534947928,0.0573691470669798));
#2560=CARTESIAN_POINT('',(1.32099232387064,0.0275131420715244,0.0574031272271925));
#2561=CARTESIAN_POINT('',(1.32099232376958,0.0274422938372909,0.0574370771077488));
#2562=CARTESIAN_POINT('',(1.32099232368632,0.027371382587054,0.0574708954838657));
#2563=CARTESIAN_POINT('',(1.32099232362089,0.0273004088100889,0.0575045821231623));
#2564=CARTESIAN_POINT('',(1.32099232355554,0.0272295349532052,0.0575382213368901));
#2565=CARTESIAN_POINT('',(1.32099232350797,0.0271585987448967,0.0575717291838887));
#2566=CARTESIAN_POINT('',(1.32099232347814,0.0270876006732317,0.0576051054345718));
#2567=CARTESIAN_POINT('',(1.32099232344812,0.0270161319231506,0.0576387029515574));
#2568=CARTESIAN_POINT('',(1.3209923234331,0.0269446109606843,0.0576721894643675));
#2569=CARTESIAN_POINT('',(1.3209923234369,0.0268730248955119,0.0577055362881877));
#2570=CARTESIAN_POINT('',(1.32099232344068,0.0268018537795869,0.0577386898168546));
#2571=CARTESIAN_POINT('',(1.32099232346224,0.0267306211738048,0.0577717113448185));
#2572=CARTESIAN_POINT('',(1.3209923235016,0.0266593275681262,0.0578046006439053));
#2573=CARTESIAN_POINT('',(1.32099232354101,0.0265879259672478,0.057837539763539));
#2574=CARTESIAN_POINT('',(1.32099232359827,0.0265164631815683,0.057870346254248));
#2575=CARTESIAN_POINT('',(1.32099232367338,0.0264449397041286,0.057903019888652));
#2576=CARTESIAN_POINT('',(1.32099232374859,0.0263733076286718,0.0579357431332264));
#2577=CARTESIAN_POINT('',(1.32099232384171,0.026301614677047,0.0579683331185989));
#2578=CARTESIAN_POINT('',(1.32099232395272,0.0262298613453927,0.0580007896181979));
#2579=CARTESIAN_POINT('',(1.32099232406385,0.0261580348849921,0.0580332791964438));
#2580=CARTESIAN_POINT('',(1.3209923241929,0.0260861479214551,0.0580656350175437));
#2581=CARTESIAN_POINT('',(1.32099232433989,0.0260142009532842,0.0580978568560898));
#2582=CARTESIAN_POINT('',(1.32099232448714,0.0259421236195797,0.0581301370795447));
#2583=CARTESIAN_POINT('',(1.3209923246524,0.025869986063617,0.0581622828353168));
#2584=CARTESIAN_POINT('',(1.32099232483565,0.0257977887874577,0.0581942938986452));
#2585=CARTESIAN_POINT('',(1.32099232501909,0.0257255187977149,0.0582263372019589));
#2586=CARTESIAN_POINT('',(1.32099232522055,0.0256531889674414,0.0582582455422355));
#2587=CARTESIAN_POINT('',(1.32099232544005,0.0255807998010576,0.058290018695918));
#2588=CARTESIAN_POINT('',(1.32099232565997,0.025508273419323,0.0583218520763532));
#2589=CARTESIAN_POINT('',(1.32099232589798,0.0254356874763351,0.0583535497580652));
#2590=CARTESIAN_POINT('',(1.32099232615409,0.0253630424802285,0.0583851115181257));
#2591=CARTESIAN_POINT('',(1.32099232641055,0.0252902981602292,0.0584167164310122));
#2592=CARTESIAN_POINT('',(1.32099232668516,0.0252174946255312,0.0584481850511697));
#2593=CARTESIAN_POINT('',(1.32099232697792,0.0251446323871933,0.05847951715667));
#2594=CARTESIAN_POINT('',(1.32099232727104,0.0250716787198875,0.0585108885783118));
#2595=CARTESIAN_POINT('',(1.32099232758235,0.0249986662016891,0.0585421231437047));
#2596=CARTESIAN_POINT('',(1.32099232791186,0.0249255953459436,0.0585732206308986));
#2597=CARTESIAN_POINT('',(1.32099232824202,0.0248523792706782,0.0586043799206006));
#2598=CARTESIAN_POINT('',(1.32099232859044,0.0247791046263925,0.058635401589053));
#2599=CARTESIAN_POINT('',(1.32099232895711,0.024705771930335,0.058666285414932));
#2600=CARTESIAN_POINT('',(1.32099232932415,0.024632367777917,0.0586971993344243));
#2601=CARTESIAN_POINT('',(1.32099232970948,0.0245589054606941,0.058727975143807));
#2602=CARTESIAN_POINT('',(1.3209923301131,0.0244853854987337,0.0587586126241848));
#2603=CARTESIAN_POINT('',(1.32099233051739,0.0244117432001871,0.0587893010850672));
#2604=CARTESIAN_POINT('',(1.32099233094004,0.0243380430648945,0.058819850757059));
#2605=CARTESIAN_POINT('',(1.32099233138104,0.0242642856163514,0.0588502614221444));
#2606=CARTESIAN_POINT('',(1.32099233182274,0.0241904095439133,0.0588807209966161));
#2607=CARTESIAN_POINT('',(1.32099233228285,0.0241164759737095,0.0589110411175462));
#2608=CARTESIAN_POINT('',(1.32099233276138,0.024042485432591,0.058941221567855));
#2609=CARTESIAN_POINT('',(1.32099233324039,0.0239684181379399,0.0589714333256275));
#2610=CARTESIAN_POINT('',(1.32099233373785,0.0238942937540981,0.0590015051237089));
#2611=CARTESIAN_POINT('',(1.32099233425375,0.0238201128103791,0.0590314367463437));
#2612=CARTESIAN_POINT('',(1.32099233477065,0.0237457890223122,0.0590614260059254));
#2613=CARTESIAN_POINT('',(1.32099233530605,0.0236714084563095,0.0590912745505443));
#2614=CARTESIAN_POINT('',(1.32099233585996,0.0235969716455684,0.0591209821652166));
#2615=CARTESIAN_POINT('',(1.32099233641452,0.0235224482677902,0.0591507243286579));
#2616=CARTESIAN_POINT('',(1.32099233698762,0.0234478685143486,0.059180325235022));
#2617=CARTESIAN_POINT('',(1.32099233757928,0.0233732329211195,0.0592097846706061));
#2618=CARTESIAN_POINT('',(1.32099233817174,0.0232984956418112,0.0592392842427306));
#2619=CARTESIAN_POINT('',(1.3209923387828,0.0232237023704226,0.0592686419591747));
#2620=CARTESIAN_POINT('',(1.32099233941245,0.0231488536458362,0.0592978576074078));
#2621=CARTESIAN_POINT('',(1.32099234004325,0.0230738672820489,0.0593271269802502));
#2622=CARTESIAN_POINT('',(1.32099234069272,0.022998825260892,0.0593562537627536));
#2623=CARTESIAN_POINT('',(1.32099234136085,0.0229237281250375,0.059385237743278));
#2624=CARTESIAN_POINT('',(1.32099234202957,0.0228485640972965,0.0594142475409407));
#2625=CARTESIAN_POINT('',(1.32099234271698,0.0227733448565854,0.0594431142829623));
#2626=CARTESIAN_POINT('',(1.32099234342307,0.0226980709478333,0.0594718377592112));
#2627=CARTESIAN_POINT('',(1.3209923441304,0.0226226653651349,0.0595006114804061));
#2628=CARTESIAN_POINT('',(1.32099234485648,0.0225472049229222,0.0595292414350197));
#2629=CARTESIAN_POINT('',(1.3209923456013,0.0224716901697931,0.0595577274139092));
#2630=CARTESIAN_POINT('',(1.32099234634717,0.022396069486398,0.0595862533522398));
#2631=CARTESIAN_POINT('',(1.32099234711184,0.0223203943395539,0.0596146349114796));
#2632=CARTESIAN_POINT('',(1.3209923478953,0.0222446652809708,0.0596428718837119));
#2633=CARTESIAN_POINT('',(1.32099234867961,0.0221688545358144,0.0596711393142853));
#2634=CARTESIAN_POINT('',(1.32099234948274,0.0220929897624922,0.0596992618466073));
#2635=CARTESIAN_POINT('',(1.3209923503047,0.0220170715152968,0.0597272392742072));
#2636=CARTESIAN_POINT('',(1.32099235112825,0.0219410069136611,0.0597552706364131));
#2637=CARTESIAN_POINT('',(1.32099235197071,0.021864888631717,0.0597831563347411));
#2638=CARTESIAN_POINT('',(1.32099235283204,0.0217887172277628,0.0598108961636643));
#2639=CARTESIAN_POINT('',(1.32099235369421,0.0217124719518621,0.0598386628950082));
#2640=CARTESIAN_POINT('',(1.32099235457532,0.0216361734507958,0.0598662834747231));
#2641=CARTESIAN_POINT('',(1.32099235547535,0.0215598222852765,0.0598937576988334));
#2642=CARTESIAN_POINT('',(1.3209923563767,0.0214833590230226,0.0599212722598632));
#2643=CARTESIAN_POINT('',(1.32099235729703,0.0214068429414873,0.0599486400360667));
#2644=CARTESIAN_POINT('',(1.32099235823633,0.0213302746046412,0.0599758608247352));
#2645=CARTESIAN_POINT('',(1.32099235917718,0.021253580549145,0.0600031263076069));
#2646=CARTESIAN_POINT('',(1.32099236013705,0.0211768340665206,0.0600302443207086));
#2647=CARTESIAN_POINT('',(1.32099236111596,0.0211000357243025,0.060057214662515));
#2648=CARTESIAN_POINT('',(1.32099236209575,0.0210231683897601,0.0600842092333154));
#2649=CARTESIAN_POINT('',(1.32099236309459,0.0209462491023217,0.0601110558682206));
#2650=CARTESIAN_POINT('',(1.3209923641125,0.0208692784318283,0.0601377543673557));
#2651=CARTESIAN_POINT('',(1.32099236513222,0.0207921702879506,0.0601645005513167));
#2652=CARTESIAN_POINT('',(1.32099236617106,0.0207150105772197,0.0601910980707207));
#2653=CARTESIAN_POINT('',(1.32099236722902,0.0206377998733086,0.0602175467268342));
#2654=CARTESIAN_POINT('',(1.32099236828824,0.0205604968703951,0.0602440270001258));
#2655=CARTESIAN_POINT('',(1.32099236936662,0.0204831427522178,0.0602703580548455));
#2656=CARTESIAN_POINT('',(1.32099237046415,0.0204057380952777,0.0602965396937734));
#2657=CARTESIAN_POINT('',(1.32099237156296,0.0203282432799623,0.0603227518282053));
#2658=CARTESIAN_POINT('',(1.32099237268098,0.0202506978079845,0.0603488141994111));
#2659=CARTESIAN_POINT('',(1.32099237381817,0.0201731022586248,0.0603747266117212));
#2660=CARTESIAN_POINT('',(1.32099237495656,0.0200954259513178,0.0604006659925011));
#2661=CARTESIAN_POINT('',(1.32099237611416,0.0200176994622337,0.060426455102917));
#2662=CARTESIAN_POINT('',(1.320992377291,0.0199399233732213,0.060452093748941));
#2663=CARTESIAN_POINT('',(1.32099237846987,0.0198620129614546,0.0604777766740434));
#2664=CARTESIAN_POINT('',(1.32099237966801,0.0197840527781792,0.0605033086154217));
#2665=CARTESIAN_POINT('',(1.32099238088544,0.0197060434090175,0.0605286893803115));
#2666=CARTESIAN_POINT('',(1.32099238210451,0.0196279289949129,0.0605541043221345));
#2667=CARTESIAN_POINT('',(1.32099238334291,0.0195497652622536,0.0605793676808888));
#2668=CARTESIAN_POINT('',(1.32099238460062,0.0194715527997799,0.060604479265317));
#2669=CARTESIAN_POINT('',(1.32099238586042,0.0193932105972611,0.0606296325052306));
#2670=CARTESIAN_POINT('',(1.32099238713961,0.0193148195030058,0.0606546334677004));
#2671=CARTESIAN_POINT('',(1.32099238843818,0.0192363801094343,0.0606794819628197));
#2672=CARTESIAN_POINT('',(1.32099238973779,0.01915787709718,0.0607043506114418));
#2673=CARTESIAN_POINT('',(1.32099239105681,0.0190793257071057,0.0607290665461241));
#2674=CARTESIAN_POINT('',(1.32099239239523,0.0190007265338124,0.0607536295788116));
#2675=CARTESIAN_POINT('',(1.32099239373592,0.01892199386839,0.060778234329133));
#2676=CARTESIAN_POINT('',(1.32099239509608,0.0188432132571713,0.0608026856584722));
#2677=CARTESIAN_POINT('',(1.32099239647568,0.0187643852985265,0.0608269833801489));
#2678=CARTESIAN_POINT('',(1.32099239785623,0.0186855032027425,0.0608512977889145));
#2679=CARTESIAN_POINT('',(1.32099239925627,0.0186065736943404,0.0608754583797819));
#2680=CARTESIAN_POINT('',(1.32099240067576,0.0185275973736519,0.0608994649680297));
#2681=CARTESIAN_POINT('',(1.32099240209721,0.0184485126842043,0.0609235044973432));
#2682=CARTESIAN_POINT('',(1.32099240353818,0.0183693810537728,0.0609473896019351));
#2683=CARTESIAN_POINT('',(1.32099240499866,0.0182902030858856,0.0609711200986805));
#2684=CARTESIAN_POINT('',(1.32099240646196,0.0182108719039947,0.0609948965153264));
#2685=CARTESIAN_POINT('',(1.32099240794485,0.0181314942049971,0.0610185177260182));
#2686=CARTESIAN_POINT('',(1.32099240944732,0.0180520705966497,0.0610419835489461));
#2687=CARTESIAN_POINT('',(1.32099241095063,0.0179726020547325,0.0610654626475639));
#2688=CARTESIAN_POINT('',(1.32099241247355,0.0178930875513537,0.0610887861833665));
#2689=CARTESIAN_POINT('',(1.32099241401604,0.017813527696013,0.0611119539766236));
#2690=CARTESIAN_POINT('',(1.32099241556051,0.0177338662569724,0.0611351513510073));
#2691=CARTESIAN_POINT('',(1.32099241712461,0.0176541593503404,0.0611581925871373));
#2692=CARTESIAN_POINT('',(1.32099241870834,0.0175744075874199,0.0611810775026771));
#2693=CARTESIAN_POINT('',(1.32099242029533,0.0174944912044214,0.0612040096562519));
#2694=CARTESIAN_POINT('',(1.32099242190203,0.0174145297812585,0.0612267848498225));
#2695=CARTESIAN_POINT('',(1.32099242352842,0.0173345239337334,0.0612494029023647));
#2696=CARTESIAN_POINT('',(1.32099242515558,0.0172544804476572,0.0612720315955133));
#2697=CARTESIAN_POINT('',(1.32099242680245,0.0171743924956582,0.0612945030020019));
#2698=CARTESIAN_POINT('',(1.32099242846901,0.0170942606963452,0.0613168169473182));
#2699=CARTESIAN_POINT('',(1.32099243013766,0.0170140282445026,0.0613391589208963));
#2700=CARTESIAN_POINT('',(1.32099243182607,0.0169337518349531,0.0613613430382933));
#2701=CARTESIAN_POINT('',(1.32099243353421,0.0168534320893261,0.0613833691267868));
#2702=CARTESIAN_POINT('',(1.32099243524582,0.016772948922485,0.0614054400302892));
#2703=CARTESIAN_POINT('',(1.32099243697725,0.0166924222422833,0.0614273522598303));
#2704=CARTESIAN_POINT('',(1.32099243872848,0.0166118526765766,0.0614491056505515));
#2705=CARTESIAN_POINT('',(1.32099244048054,0.0165312454944627,0.0614708691975196));
#2706=CARTESIAN_POINT('',(1.3209924422524,0.0164505953842841,0.0614924737495149));
#2707=CARTESIAN_POINT('',(1.32099244404407,0.0163699029754487,0.0615139191439198));
#2708=CARTESIAN_POINT('',(1.32099244583794,0.0162891116028872,0.0615353908396357));
#2709=CARTESIAN_POINT('',(1.32099244765166,0.0162082778270832,0.0615567029857758));
#2710=CARTESIAN_POINT('',(1.32099244948523,0.0161274022786824,0.0615778554151406));
#2711=CARTESIAN_POINT('',(1.32099245132231,0.016046372044522,0.0615990483014749));
#2712=CARTESIAN_POINT('',(1.3209924531793,0.0159652998776275,0.0616200808602881));
#2713=CARTESIAN_POINT('',(1.32099245505619,0.0158841864129327,0.0616409529259339));
#2714=CARTESIAN_POINT('',(1.32099245693429,0.0158030204523483,0.061661838499789));
#2715=CARTESIAN_POINT('',(1.32099245883233,0.0157218131402938,0.0616825633734672));
#2716=CARTESIAN_POINT('',(1.32099246075027,0.0156405651135912,0.0617031273835241));
#2717=CARTESIAN_POINT('',(1.32099246267034,0.015559227353949,0.0617237141051364));
#2718=CARTESIAN_POINT('',(1.32099246461036,0.0154778487894735,0.0617441396083991));
#2719=CARTESIAN_POINT('',(1.32099246657032,0.0153964300597462,0.0617644037318637));
#2720=CARTESIAN_POINT('',(1.32099246853379,0.0153148655577954,0.0617847041362473));
#2721=CARTESIAN_POINT('',(1.32099247051728,0.0152332607464323,0.0618048425832376));
#2722=CARTESIAN_POINT('',(1.32099247252076,0.0151516162693217,0.0618248189130755));
#2723=CARTESIAN_POINT('',(1.3209924745259,0.0150699042491189,0.0618448117689925));
#2724=CARTESIAN_POINT('',(1.32099247655107,0.0149881524972991,0.0618646422402016));
#2725=CARTESIAN_POINT('',(1.32099247859625,0.0149063616597598,0.0618843101691161));
#2726=CARTESIAN_POINT('',(1.32099248064345,0.0148244904867305,0.0619039974159976));
#2727=CARTESIAN_POINT('',(1.3209924827107,0.0147425801509457,0.0619235218019127));
#2728=CARTESIAN_POINT('',(1.32099248479798,0.014660631300834,0.061942883171393));
#2729=CARTESIAN_POINT('',(1.32099248688874,0.0145785457664276,0.0619622768341286));
#2730=CARTESIAN_POINT('',(1.32099248899962,0.0144964215888859,0.0619815069369605));
#2731=CARTESIAN_POINT('',(1.32099249113058,0.0144142594205074,0.0620005733262428));
#2732=CARTESIAN_POINT('',(1.32099249326368,0.0143320145016851,0.0620196589184284));
#2733=CARTESIAN_POINT('',(1.32099249541691,0.0142497315152335,0.0620385804679064));
#2734=CARTESIAN_POINT('',(1.32099249759026,0.0141674111160357,0.0620573378231809));
#2735=CARTESIAN_POINT('',(1.32099249976547,0.0140850199413199,0.0620761113052179));
#2736=CARTESIAN_POINT('',(1.32099250196083,0.0140025912892655,0.0620947203113715));
#2737=CARTESIAN_POINT('',(1.32099250417632,0.0139201258170495,0.0621131646923817));
#2738=CARTESIAN_POINT('',(1.32099250639523,0.0138375329189163,0.0621316375737097));
#2739=CARTESIAN_POINT('',(1.32099250863433,0.013754903086506,0.0621499453215149));
#2740=CARTESIAN_POINT('',(1.3209925108936,0.0136722369806434,0.0621680877884892));
#2741=CARTESIAN_POINT('',(1.32099251315555,0.0135894727646842,0.0621862517873739));
#2742=CARTESIAN_POINT('',(1.32099251543773,0.0135066721888778,0.062204250113646));
#2743=CARTESIAN_POINT('',(1.3209925177401,0.0134238359169933,0.0622220826221324));
#2744=CARTESIAN_POINT('',(1.32099252004418,0.0133409385876913,0.0622399282747028));
#2745=CARTESIAN_POINT('',(1.32099252236848,0.0132580055094215,0.0622576078657188));
#2746=CARTESIAN_POINT('',(1.320992524713,0.0131750373480019,0.062275121252357));
#2747=CARTESIAN_POINT('',(1.3209925270602,0.013091974495972,0.0622926546268224));
#2748=CARTESIAN_POINT('',(1.32099252942765,0.0130088764804134,0.0623100214180805));
#2749=CARTESIAN_POINT('',(1.32099253181535,0.0129257439699982,0.0623272214855035));
#2750=CARTESIAN_POINT('',(1.32099253420575,0.0128425171969321,0.0623444410558134));
#2751=CARTESIAN_POINT('',(1.32099253661644,0.0127592558504804,0.0623614935247402));
#2752=CARTESIAN_POINT('',(1.32099253904739,0.0126759606021557,0.0623783787538768));
#2753=CARTESIAN_POINT('',(1.32099254148108,0.0125925715256042,0.0623952830034394));
#2754=CARTESIAN_POINT('',(1.32099254393509,0.0125091484704958,0.0624120196369777));
#2755=CARTESIAN_POINT('',(1.32099254640939,0.01242569211117,0.06242858851833));
#2756=CARTESIAN_POINT('',(1.32099254888718,0.0123421179216124,0.0624451807929281));
#2757=CARTESIAN_POINT('',(1.32099255138532,0.0122585103334596,0.0624616048420652));
#2758=CARTESIAN_POINT('',(1.3209925539038,0.0121748700244586,0.0624778605317326));
#2759=CARTESIAN_POINT('',(1.3209925564256,0.0120911193065549,0.0624941376796284));
#2760=CARTESIAN_POINT('',(1.32099255896778,0.0120073357810867,0.0625102460240252));
#2761=CARTESIAN_POINT('',(1.32099256153032,0.0119235201290272,0.0625261854331313));
#2762=CARTESIAN_POINT('',(1.32099256409442,0.0118396538810644,0.0625421344641729));
#2763=CARTESIAN_POINT('',(1.3209925666789,0.0117557554674339,0.0625579143566471));
#2764=CARTESIAN_POINT('',(1.32099256928374,0.0116718255708722,0.062573524981281));
#2765=CARTESIAN_POINT('',(1.32099257189144,0.0115878036484995,0.0625891527223472));
#2766=CARTESIAN_POINT('',(1.32099257451956,0.0115037501738354,0.0626046108249174));
#2767=CARTESIAN_POINT('',(1.32099257716806,0.0114196658323853,0.0626198991620641));
#2768=CARTESIAN_POINT('',(1.32099257981944,0.0113354899316473,0.0626352041466536));
#2769=CARTESIAN_POINT('',(1.32099258249126,0.0112512830965773,0.0626503389966385));
#2770=CARTESIAN_POINT('',(1.3209925851835,0.0111670460154337,0.062665303587462));
#2771=CARTESIAN_POINT('',(1.32099258787865,0.0110827178478903,0.0626802843596476));
#2772=CARTESIAN_POINT('',(1.32099259059425,0.0109983593685344,0.0626950945049971));
#2773=CARTESIAN_POINT('',(1.32099259333028,0.0109139712683617,0.0627097339013489));
#2774=CARTESIAN_POINT('',(1.32099259606926,0.0108294925610234,0.0627243890159621));
#2775=CARTESIAN_POINT('',(1.32099259882872,0.0107449841689291,0.0627388730154421));
#2776=CARTESIAN_POINT('',(1.32099260160862,0.0106604467857958,0.0627531857800469));
#2777=CARTESIAN_POINT('',(1.32099260439148,0.0105758192810553,0.0627675138028641));
#2778=CARTESIAN_POINT('',(1.32099260719486,0.0104911627231283,0.0627816702262414));
#2779=CARTESIAN_POINT('',(1.32099261001871,0.0104064778084362,0.0627956549328818));
#2780=CARTESIAN_POINT('',(1.32099261284555,0.0103217032639977,0.0628096544408089));
#2781=CARTESIAN_POINT('',(1.32099261569291,0.0102369003024301,0.0628234818690369));
#2782=CARTESIAN_POINT('',(1.32099261856075,0.0101520696228424,0.0628371371027378));
#2783=CARTESIAN_POINT('',(1.32099262143161,0.0100671498116481,0.0628508066839945));
#2784=CARTESIAN_POINT('',(1.32099262432302,0.00998220222384455,0.0628643037093973));
#2785=CARTESIAN_POINT('',(1.32099262723494,0.00989722756121139,0.062877628066611));
#2786=CARTESIAN_POINT('',(1.3209926301499,0.00981216427136709,0.0628909663209158));
#2787=CARTESIAN_POINT('',(1.32099263308541,0.0097270738498698,0.0629041315473719));
#2788=CARTESIAN_POINT('',(1.32099263604147,0.0096419570011519,0.0629171236361619));
#2789=CARTESIAN_POINT('',(1.32099263900058,0.0095567520358472,0.0629301291749155));
#2790=CARTESIAN_POINT('',(1.32099264198026,0.00947152058825506,0.0629429612180426));
#2791=CARTESIAN_POINT('',(1.3209926449805,0.0093862633654427,0.0629556196582674));
#2792=CARTESIAN_POINT('',(1.32099264798383,0.00930091854287168,0.062968291104737));
#2793=CARTESIAN_POINT('',(1.32099265100774,0.00921554789176035,0.0629807885920748));
#2794=CARTESIAN_POINT('',(1.32099265405223,0.00913015212179255,0.062993112015571));
#2795=CARTESIAN_POINT('',(1.32099265709982,0.00904466927507039,0.0630054480050728));
#2796=CARTESIAN_POINT('',(1.32099266016802,0.00895916125790834,0.0630176095762664));
#2797=CARTESIAN_POINT('',(1.3209926632568,0.00887362878258811,0.0630295966270319));
#2798=CARTESIAN_POINT('',(1.32099266634871,0.0087880097596647,0.0630415958071143));
#2799=CARTESIAN_POINT('',(1.32099266946125,0.00870236622872589,0.0630534201140965));
#2800=CARTESIAN_POINT('',(1.32099267259439,0.00861669890463234,0.0630650694484726));
#2801=CARTESIAN_POINT('',(1.32099267573068,0.00853094556820596,0.0630767304790984));
#2802=CARTESIAN_POINT('',(1.32099267888761,0.00844516839048296,0.063088216186272));
#2803=CARTESIAN_POINT('',(1.32099268206515,0.0083593680888835,0.063099526473125));
#2804=CARTESIAN_POINT('',(1.32099268524586,0.00827348231630822,0.0631108480268527));
#2805=CARTESIAN_POINT('',(1.32099268844723,0.00818757337341886,0.063121993811272));
#2806=CARTESIAN_POINT('',(1.32099269166923,0.00810164198017532,0.0631329637321751));
#2807=CARTESIAN_POINT('',(1.3209926948944,0.00801562566336903,0.0631439444943405));
#2808=CARTESIAN_POINT('',(1.32099269814026,0.00792958685146359,0.0631547490458918));
#2809=CARTESIAN_POINT('',(1.32099270140676,0.00784352626693863,0.0631653772953058));
#2810=CARTESIAN_POINT('',(1.32099270467646,0.00775738131228757,0.0631760159642021));
#2811=CARTESIAN_POINT('',(1.32099270796685,0.00767121454195272,0.0631864779857841));
#2812=CARTESIAN_POINT('',(1.32099271127789,0.00758502668091299,0.0631967632712368));
#2813=CARTESIAN_POINT('',(1.32099271459214,0.00749875500917341,0.0632070585582948));
#2814=CARTESIAN_POINT('',(1.32099271792711,0.00741246220533311,0.0632171767659986));
#2815=CARTESIAN_POINT('',(1.32099272128273,0.00732614899684947,0.0632271178082645));
#2816=CARTESIAN_POINT('',(1.3209927246416,0.00723975254304639,0.0632370684382314));
#2817=CARTESIAN_POINT('',(1.32099272802117,0.00715333564485991,0.0632468415615192));
#2818=CARTESIAN_POINT('',(1.32099273142142,0.00706689903220476,0.0632564370947984));
#2819=CARTESIAN_POINT('',(1.32099273482493,0.00698037974553063,0.0632660418059164));
#2820=CARTESIAN_POINT('',(1.32099273824916,0.0068938407062905,0.0632754685877993));
#2821=CARTESIAN_POINT('',(1.32099274169407,0.00680728264683499,0.0632847173598949));
#2822=CARTESIAN_POINT('',(1.32099274514226,0.00672064249054203,0.0632939749040789));
#2823=CARTESIAN_POINT('',(1.32099274861118,0.00663398327756573,0.0633030541012949));
#2824=CARTESIAN_POINT('',(1.32099275210079,0.00654730574267072,0.0633119548737907));
#2825=CARTESIAN_POINT('',(1.32099275559368,0.00646054669396389,0.0633208640168048));
#2826=CARTESIAN_POINT('',(1.32099275910732,0.00637376928848599,0.063329594399995));
#2827=CARTESIAN_POINT('',(1.32099276264167,0.00628697426339349,0.0633381459484314));
#2828=CARTESIAN_POINT('',(1.32099276617931,0.0062000983133208,0.0633467054700655));
#2829=CARTESIAN_POINT('',(1.32099276973771,0.0061132047103826,0.0633550858239495));
#2830=CARTESIAN_POINT('',(1.32099277331682,0.00602629419410472,0.0633632869379991));
#2831=CARTESIAN_POINT('',(1.32099277689923,0.00593930334744232,0.0633714956322434));
#2832=CARTESIAN_POINT('',(1.32099278050241,0.00585229555577629,0.0633795247557949));
#2833=CARTESIAN_POINT('',(1.32099278412631,0.00576527156097889,0.0633873742394366));
#2834=CARTESIAN_POINT('',(1.32099278775353,0.00567816783611658,0.0633952309146563));
#2835=CARTESIAN_POINT('',(1.32099279140151,0.00559104787803109,0.0634029076212764));
#2836=CARTESIAN_POINT('',(1.32099279507024,0.00550391243091789,0.0634104042929697));
#2837=CARTESIAN_POINT('',(1.32099279874229,0.0054166978597419,0.0634179077720777));
#2838=CARTESIAN_POINT('',(1.32099280243511,0.00532946777100331,0.0634252308897679));
#2839=CARTESIAN_POINT('',(1.32099280614867,0.00524222291119723,0.0634323735826247));
#2840=CARTESIAN_POINT('',(1.32099280986557,0.00515489953896805,0.0634395227032541));
#2841=CARTESIAN_POINT('',(1.32099281360325,0.00506756136867785,0.0634464910747885));
#2842=CARTESIAN_POINT('',(1.32099281736167,0.00498020914909745,0.0634532786367452));
#2843=CARTESIAN_POINT('',(1.32099282112344,0.00489277903432775,0.0634600722514208));
#2844=CARTESIAN_POINT('',(1.320992824906,0.00480533484479974,0.0634666847345163));
#2845=CARTESIAN_POINT('',(1.32099282870931,0.00471787733153571,0.0634731160285043));
#2846=CARTESIAN_POINT('',(1.32099283251597,0.00463034254586593,0.063479553004812));
#2847=CARTESIAN_POINT('',(1.32099283634343,0.00454279441250114,0.0634858084722987));
#2848=CARTESIAN_POINT('',(1.32099284019163,0.00445523368469049,0.0634918823764132));
#2849=CARTESIAN_POINT('',(1.32099284404319,0.0043675963127592,0.0634979615971697));
#2850=CARTESIAN_POINT('',(1.32099284791556,0.00427994632391551,0.0635038589371592));
#2851=CARTESIAN_POINT('',(1.32099285180868,0.00419228447361057,0.0635095743448281));
#2852=CARTESIAN_POINT('',(1.32099285570517,0.00410454661292503,0.0635152947082481));
#2853=CARTESIAN_POINT('',(1.32099285962245,0.00401679686978715,0.0635208328243011));
#2854=CARTESIAN_POINT('',(1.3209928635605,0.00392903600182472,0.0635261886444519));
#2855=CARTESIAN_POINT('',(1.32099286750193,0.00384119976262926,0.0635315490643152));
#2856=CARTESIAN_POINT('',(1.32099287146414,0.00375335237907626,0.0635367268756077));
#2857=CARTESIAN_POINT('',(1.32099287544712,0.00366549461094459,0.063541722032833));
#2858=CARTESIAN_POINT('',(1.32099287943349,0.00357756211608359,0.0635467214386497));
#2859=CARTESIAN_POINT('',(1.32099288344064,0.00348961921855131,0.0635515378801377));
#2860=CARTESIAN_POINT('',(1.32099288746857,0.00340166668025174,0.0635561713148604));
#2861=CARTESIAN_POINT('',(1.32099289150092,0.00331361733045954,0.0635608098497171));
#2862=CARTESIAN_POINT('',(1.32099289555408,0.00322555831824061,0.0635652649752817));
#2863=CARTESIAN_POINT('',(1.32099289962801,0.0031374904081899,0.0635695366521665));
#2864=CARTESIAN_POINT('',(1.3209929037097,0.00304925479260972,0.0635738164634993));
#2865=CARTESIAN_POINT('',(1.32099290781224,0.00296101024484861,0.0635779121273839));
#2866=CARTESIAN_POINT('',(1.32099291193559,0.002872757534038,0.0635818236074228));
#2867=CARTESIAN_POINT('',(1.32099291605688,0.00278454899251179,0.063585733129819));
#2868=CARTESIAN_POINT('',(1.32099292019897,0.00269633229567348,0.0635894586532488));
#2869=CARTESIAN_POINT('',(1.32099292436181,0.0026081082116468,0.0635930001445811));
#2870=CARTESIAN_POINT('',(1.32099292852805,0.00251981203251048,0.0635965445299554));
#2871=CARTESIAN_POINT('',(1.32099293271508,0.00243150845367259,0.0635999045828896));
#2872=CARTESIAN_POINT('',(1.32099293692287,0.00234319824527493,0.0636030802733924));
#2873=CARTESIAN_POINT('',(1.32099294113406,0.00225481661228679,0.0636062585323683));
#2874=CARTESIAN_POINT('',(1.32099294536604,0.00216642833857215,0.0636092521311195));
#2875=CARTESIAN_POINT('',(1.32099294961877,0.00207803419626335,0.0636120610428141));
#2876=CARTESIAN_POINT('',(1.3209929538749,0.00198956930492109,0.0636148722027096));
#2877=CARTESIAN_POINT('',(1.32099295815182,0.00190109853514461,0.0636174983803326));
#2878=CARTESIAN_POINT('',(1.32099296244949,0.00181262266102887,0.06361993955203));
#2879=CARTESIAN_POINT('',(1.32099296675334,0.00172401941358198,0.0636223842381336));
#2880=CARTESIAN_POINT('',(1.320992971078,0.00163541104664215,0.0636246433857811));
#2881=CARTESIAN_POINT('',(1.32099297542343,0.00154679833774642,0.0636267169744773));
#2882=CARTESIAN_POINT('',(1.32099297977354,0.00145809030602621,0.0636287927937829));
#2883=CARTESIAN_POINT('',(1.32099298414445,0.00136937792255342,0.0636306826552337));
#2884=CARTESIAN_POINT('',(1.32099298853615,0.00128066196745775,0.0636323865415449));
#2885=CARTESIAN_POINT('',(1.32099299292713,0.00119196046948405,0.0636340901501915));
#2886=CARTESIAN_POINT('',(1.32099299733887,0.00110325540059885,0.0636356078448296));
#2887=CARTESIAN_POINT('',(1.32099300177135,0.00101454754061748,0.0636369396114602));
#2888=CARTESIAN_POINT('',(1.32099300620722,0.000925771684177405,0.0636382723989181));
#2889=CARTESIAN_POINT('',(1.32099301066386,0.000836993031904947,0.0636394189737393));
#2890=CARTESIAN_POINT('',(1.32099301514122,0.000748212365463306,0.0636403793251775));
#2891=CARTESIAN_POINT('',(1.32099301962197,0.000659364402451372,0.063641340404571));
#2892=CARTESIAN_POINT('',(1.32099302412348,0.000570514421756616,0.0636421149786653));
#2893=CARTESIAN_POINT('',(1.3209930286457,0.000481663206860692,0.0636427030399849));
#2894=CARTESIAN_POINT('',(1.32099303317131,0.000392745399966912,0.0636432915420434));
#2895=CARTESIAN_POINT('',(1.32099303771766,0.000303826356559084,0.0636436932521503));
#2896=CARTESIAN_POINT('',(1.32099304228472,0.000214906861907565,0.0636439081661188));
#2897=CARTESIAN_POINT('',(1.3209930468599,0.000125829289953405,0.0636441234621522));
#2898=CARTESIAN_POINT('',(1.32099305145586,3.67512646831852E-05,0.0636441512977963));
#2899=CARTESIAN_POINT('',(1.32099305607256,-5.23264244253004E-05,0.063643991672169));
#2900=CARTESIAN_POINT('',(1.32099306069039,-0.000141426126890267,0.0636438320070943));
#2901=CARTESIAN_POINT('',(1.32099306532898,-0.000230525493496648,0.063643484788574));
#2902=CARTESIAN_POINT('',(1.32099306998828,-0.000319623734183334,0.0636429500190587));
#2903=CARTESIAN_POINT('',(1.32099307464838,-0.000408737489159695,0.0636424151564264));
#2904=CARTESIAN_POINT('',(1.3209930793292,-0.000497850118295822,0.06364169267796));
#2905=CARTESIAN_POINT('',(1.32099308403069,-0.000586960831134036,0.0636407825894476));
#2906=CARTESIAN_POINT('',(1.32099308873555,-0.000676135270953127,0.063639871850091));
#2907=CARTESIAN_POINT('',(1.3209930934611,-0.000765307792206915,0.0636387732327302));
#2908=CARTESIAN_POINT('',(1.32099309820732,-0.000854477602771018,0.0636374867465097));
#2909=CARTESIAN_POINT('',(1.3209931029569,-0.000943710413272582,0.0636361993513655));
#2910=CARTESIAN_POINT('',(1.32099310772715,-0.00103294050973018,0.0636347238222702));
#2911=CARTESIAN_POINT('',(1.32099311251807,-0.00112216709838394,0.0636330601717411));
#2912=CARTESIAN_POINT('',(1.32099311731232,-0.00121145595563576,0.0636313953601995));
#2913=CARTESIAN_POINT('',(1.32099312212725,-0.00130074130066628,0.0636295421650236));
#2914=CARTESIAN_POINT('',(1.32099312696281,-0.00139002233811163,0.0636275006021199));
#2915=CARTESIAN_POINT('',(1.3209931318086,-0.00147949221552978,0.0636254547210688));
#2916=CARTESIAN_POINT('',(1.32099313667511,-0.00156895776760611,0.0636232196750605));
#2917=CARTESIAN_POINT('',(1.3209931415623,-0.00165841819399301,0.0636207954834911));
#2918=CARTESIAN_POINT('',(1.32099314644665,-0.00174782660097154,0.0636183727015395));
#2919=CARTESIAN_POINT('',(1.32099315135165,-0.00183722988870622,0.063615760994379));
#2920=CARTESIAN_POINT('',(1.32099315627726,-0.00192662725833285,0.0636129603847561));
#2921=CARTESIAN_POINT('',(1.32099316120538,-0.00201607029306373,0.0636101583445527));
#2922=CARTESIAN_POINT('',(1.32099316615414,-0.00210550740412741,0.0636071672092893));
#2923=CARTESIAN_POINT('',(1.32099317112348,-0.0021949377915375,0.0636039870051379));
#2924=CARTESIAN_POINT('',(1.32099317609612,-0.00228442747942637,0.0636008046922221));
#2925=CARTESIAN_POINT('',(1.32099318108938,-0.00237391043523291,0.063597433060026));
#2926=CARTESIAN_POINT('',(1.32099318610319,-0.00246338585749556,0.0635938721381719));
#2927=CARTESIAN_POINT('',(1.32099319112029,-0.0025529198284557,0.0635903088862105));
#2928=CARTESIAN_POINT('',(1.320993196158,-0.00264244625650306,0.0635865560972078));
#2929=CARTESIAN_POINT('',(1.32099320121624,-0.00273196433873373,0.0635826138042506));
#2930=CARTESIAN_POINT('',(1.32099320627776,-0.00282154021400637,0.0635786689661417));
#2931=CARTESIAN_POINT('',(1.32099321135985,-0.00291110773317874,0.0635745343797267));
#2932=CARTESIAN_POINT('',(1.32099321646247,-0.00300066609193775,0.0635702100815709));
#2933=CARTESIAN_POINT('',(1.32099322157644,-0.00309042360668361,0.0635658761672289));
#2934=CARTESIAN_POINT('',(1.32099322671104,-0.00318017192073012,0.0635613516968707));
#2935=CARTESIAN_POINT('',(1.32099323186621,-0.00326991022454923,0.0635566367107495));
#2936=CARTESIAN_POINT('',(1.32099323701646,-0.00335956279538742,0.0635519262291686));
#2937=CARTESIAN_POINT('',(1.32099324218724,-0.00344920537561715,0.0635470255960766));
#2938=CARTESIAN_POINT('',(1.32099324737851,-0.00353883715820529,0.0635419348550432));
#2939=CARTESIAN_POINT('',(1.320993252573,-0.00362852444314856,0.0635368409616892));
#2940=CARTESIAN_POINT('',(1.32099325778801,-0.00371820091757678,0.063531556725274));
#2941=CARTESIAN_POINT('',(1.32099326302348,-0.00380786577314858,0.0635260821928869));
#2942=CARTESIAN_POINT('',(1.32099326826215,-0.00389758536066255,0.0635206043188138));
#2943=CARTESIAN_POINT('',(1.32099327352132,-0.00398729331563661,0.0635149359167674));
#2944=CARTESIAN_POINT('',(1.32099327880094,-0.00407698882845527,0.0635090770373691));
#2945=CARTESIAN_POINT('',(1.32099328408373,-0.00416673829930348,0.0635032146334512));
#2946=CARTESIAN_POINT('',(1.32099328938698,-0.00425647531352959,0.0634971615233194));
#2947=CARTESIAN_POINT('',(1.32099329471067,-0.00434619906027838,0.0634909177611398));
#2948=CARTESIAN_POINT('',(1.32099330003751,-0.00443597598772353,0.0634846702981827));
#2949=CARTESIAN_POINT('',(1.3209933053848,-0.0045257396324685,0.0634782319574754));
#2950=CARTESIAN_POINT('',(1.32099331075249,-0.00461548918245295,0.063471602796741));
#2951=CARTESIAN_POINT('',(1.32099331613182,-0.00470543354694038,0.0634649592464452));
#2952=CARTESIAN_POINT('',(1.32099332153166,-0.00479536375592483,0.0634581240471796));
#2953=CARTESIAN_POINT('',(1.32099332695192,-0.0048852789923008,0.0634510972605319));
#2954=CARTESIAN_POINT('',(1.32099333236672,-0.00497510355758698,0.0634440775597401));
#2955=CARTESIAN_POINT('',(1.32099333780192,-0.00506491318096025,0.0634368666581218));
#2956=CARTESIAN_POINT('',(1.32099334325747,-0.00515470704805303,0.0634294646205551));
#2957=CARTESIAN_POINT('',(1.32099334871635,-0.00524455583712722,0.0634220580555681));
#2958=CARTESIAN_POINT('',(1.32099335419561,-0.00533438885115586,0.0634144601210926));
#2959=CARTESIAN_POINT('',(1.3209933596952,-0.00542420527455999,0.063406670885607));
#2960=CARTESIAN_POINT('',(1.32099336520607,-0.00551420605820978,0.0633988656616717));
#2961=CARTESIAN_POINT('',(1.32099337073735,-0.00560419018357518,0.063390868350917));
#2962=CARTESIAN_POINT('',(1.32099337628899,-0.00569415683034576,0.0633826790257516));
#2963=CARTESIAN_POINT('',(1.32099338183513,-0.00578403443566256,0.0633744978056946));
#2964=CARTESIAN_POINT('',(1.32099338740159,-0.00587389459748434,0.0633661249514495));
#2965=CARTESIAN_POINT('',(1.32099339298832,-0.00596373649824905,0.0633575605387063));
#2966=CARTESIAN_POINT('',(1.32099339858006,-0.00605365907002605,0.0633489884357891));
#2967=CARTESIAN_POINT('',(1.3209934041921,-0.00614356334845817,0.0633402244305331));
#2968=CARTESIAN_POINT('',(1.3209934098244,-0.00623344851411004,0.0633312686023362));
#2969=CARTESIAN_POINT('',(1.32099341546458,-0.00632345947280298,0.0633223002405821));
#2970=CARTESIAN_POINT('',(1.32099342112507,-0.00641345126570585,0.06331313951892));
#2971=CARTESIAN_POINT('',(1.32099342680581,-0.00650342307028611,0.0633037865206046));
#2972=CARTESIAN_POINT('',(1.32099343248256,-0.00659333148607998,0.063294440111856));
#2973=CARTESIAN_POINT('',(1.32099343817952,-0.0066832199422304,0.0632849016975991));
#2974=CARTESIAN_POINT('',(1.32099344389667,-0.00677308761830452,0.0632751713644272));
#2975=CARTESIAN_POINT('',(1.32099344962084,-0.00686306552568149,0.0632654290960707));
#2976=CARTESIAN_POINT('',(1.32099345536522,-0.00695302260249928,0.0632554944379952));
#2977=CARTESIAN_POINT('',(1.32099346112978,-0.00704295802568121,0.063245367480639));
#2978=CARTESIAN_POINT('',(1.32099346689815,-0.00713295295016432,0.063235233823285));
#2979=CARTESIAN_POINT('',(1.32099347268672,-0.00722292619287769,0.0632249076124069));
#2980=CARTESIAN_POINT('',(1.32099347849544,-0.00731287692950522,0.0632143889421588));
#2981=CARTESIAN_POINT('',(1.32099348430197,-0.00740279376820656,0.0632038742358706));
#2982=CARTESIAN_POINT('',(1.32099349012864,-0.00749268811830951,0.0631931672155236));
#2983=CARTESIAN_POINT('',(1.32099349597538,-0.0075825591568396,0.0631822679786959));
#2984=CARTESIAN_POINT('',(1.32099350183121,-0.00767256995522839,0.0631713517922944));
#2985=CARTESIAN_POINT('',(1.32099350770718,-0.00776255737001365,0.0631602427913831));
#2986=CARTESIAN_POINT('',(1.32099351360325,-0.0078525205748028,0.0631489410775427));
#2987=CARTESIAN_POINT('',(1.32099351949886,-0.00794247695449763,0.0631376402211112));
#2988=CARTESIAN_POINT('',(1.32099352541456,-0.0080324091284006,0.0631261466812566));
#2989=CARTESIAN_POINT('',(1.32099353135029,-0.00812231627074999,0.0631144605630826));
#2990=CARTESIAN_POINT('',(1.32099353728573,-0.00821221900426809,0.0631027750179679));
#2991=CARTESIAN_POINT('',(1.32099354324119,-0.00830209670921873,0.0630908969136785));
#2992=CARTESIAN_POINT('',(1.32099354921663,-0.00839194856041967,0.0630788263588469));
#2993=CARTESIAN_POINT('',(1.32099355520332,-0.00848196964649348,0.0630667330692716));
#2994=CARTESIAN_POINT('',(1.32099356121006,-0.00857196478186918,0.063054446603764));
#2995=CARTESIAN_POINT('',(1.3209935672368,-0.00866193313716947,0.0630419670751374));
#2996=CARTESIAN_POINT('',(1.32099357325863,-0.00875182835674522,0.0630294976911819));
#2997=CARTESIAN_POINT('',(1.32099357930043,-0.00884169684030083,0.0630168355581061));
#2998=CARTESIAN_POINT('',(1.32099358536213,-0.00893153776097062,0.0630039807920045));
#2999=CARTESIAN_POINT('',(1.32099359142552,-0.00902140373852537,0.0629911224406726));
#3000=CARTESIAN_POINT('',(1.32099359750883,-0.0091112421383512,0.0629780713490808));
#3001=CARTESIAN_POINT('',(1.320993603612,-0.00920105213339685,0.062964827636978));
#3002=CARTESIAN_POINT('',(1.32099360972748,-0.00929104329433608,0.0629515572094864));
#3003=CARTESIAN_POINT('',(1.3209936158629,-0.0093810059363189,0.0629380933838102));
#3004=CARTESIAN_POINT('',(1.3209936220182,-0.0094709392278045,0.0629244362840054));
#3005=CARTESIAN_POINT('',(1.32099362816635,-0.00956076805408493,0.0629107950480894));
#3006=CARTESIAN_POINT('',(1.32099363433435,-0.00965056759855035,0.0628969609870091));
#3007=CARTESIAN_POINT('',(1.32099364052212,-0.00974033703309336,0.0628829342279545));
#3008=CARTESIAN_POINT('',(1.32099364671245,-0.00983014349935379,0.0628689016825765));
#3009=CARTESIAN_POINT('',(1.32099365292257,-0.00991991983138043,0.0628546762804148));
#3010=CARTESIAN_POINT('',(1.32099365915243,-0.0100096652005957,0.0628402581523847));
#3011=CARTESIAN_POINT('',(1.32099366539469,-0.0100995891407146,0.0628258113358755));
#3012=CARTESIAN_POINT('',(1.32099367165677,-0.0101894819952211,0.0628111710259796));
#3013=CARTESIAN_POINT('',(1.3209936779386,-0.0102793429311564,0.0627963373579875));
#3014=CARTESIAN_POINT('',(1.32099368421297,-0.0103690970228997,0.0627815213271505));
#3015=CARTESIAN_POINT('',(1.32099369050706,-0.0104588192724657,0.0627665123979374));
#3016=CARTESIAN_POINT('',(1.32099369682079,-0.0105485088504515,0.0627513107087328));
#3017=CARTESIAN_POINT('',(1.32099370313704,-0.0106382340541995,0.0627361029812373));
#3018=CARTESIAN_POINT('',(1.32099370947296,-0.0107279265609439,0.0627207023407678));
#3019=CARTESIAN_POINT('',(1.32099371582848,-0.0108175855408967,0.0627051089294504));
#3020=CARTESIAN_POINT('',(1.32099372219633,-0.0109074182676537,0.0626894853002409));
#3021=CARTESIAN_POINT('',(1.32099372858387,-0.0109972173380918,0.0626736681525053));
#3022=CARTESIAN_POINT('',(1.32099373499103,-0.0110869819182137,0.0626576576327973));
#3023=CARTESIAN_POINT('',(1.32099374139047,-0.011176638386883,0.0626416663959795));
#3024=CARTESIAN_POINT('',(1.3209937478095,-0.0112662604488035,0.0626254822528644));
#3025=CARTESIAN_POINT('',(1.32099375424805,-0.0113558472736248,0.0626091053530614));
#3026=CARTESIAN_POINT('',(1.32099376069079,-0.0114454922602464,0.0625927178210032));
#3027=CARTESIAN_POINT('',(1.32099376715306,-0.0115351019645384,0.062576137282048));
#3028=CARTESIAN_POINT('',(1.32099377363483,-0.0116246755551858,0.0625593638896848));
#3029=CARTESIAN_POINT('',(1.32099378012536,-0.0117143701504439,0.062542567838212));
#3030=CARTESIAN_POINT('',(1.32099378663542,-0.0118040285349593,0.062525578412077));
#3031=CARTESIAN_POINT('',(1.32099379316497,-0.0118936498747163,0.0625083957689962));
#3032=CARTESIAN_POINT('',(1.32099379968829,-0.0119831857768859,0.0624912295064289));
#3033=CARTESIAN_POINT('',(1.32099380623105,-0.0120726847054322,0.0624738703952737));
#3034=CARTESIAN_POINT('',(1.32099381279319,-0.0121621458294091,0.0624563185963874));
#3035=CARTESIAN_POINT('',(1.32099381936175,-0.0122516943648763,0.0624387496478295));
#3036=CARTESIAN_POINT('',(1.32099382594973,-0.0123412050223992,0.0624209876349402));
#3037=CARTESIAN_POINT('',(1.32099383255707,-0.0124306769692975,0.0624030327226468));
#3038=CARTESIAN_POINT('',(1.32099383916845,-0.0125202037036503,0.0623850668158017));
#3039=CARTESIAN_POINT('',(1.32099384579921,-0.0126096916804943,0.0623669077733611));
#3040=CARTESIAN_POINT('',(1.3209938524493,-0.0126991400663401,0.0623485557641608));
#3041=CARTESIAN_POINT('',(1.32099385909523,-0.0127885324227107,0.0623302152504552));
#3042=CARTESIAN_POINT('',(1.32099386576044,-0.0128778852382036,0.0623116820117718));
#3043=CARTESIAN_POINT('',(1.32099387244489,-0.0129671976816305,0.0622929562202246));
#3044=CARTESIAN_POINT('',(1.32099387913807,-0.0130566266638844,0.0622742059944362));
#3045=CARTESIAN_POINT('',(1.32099388585053,-0.0131460151691827,0.0622552627130569));
#3046=CARTESIAN_POINT('',(1.32099389258221,-0.0132353623638339,0.0622361265524825));
#3047=CARTESIAN_POINT('',(1.32099389931305,-0.0133246983233428,0.0622169927982229));
#3048=CARTESIAN_POINT('',(1.32099390606311,-0.0134139929831303,0.0621976662133692));
#3049=CARTESIAN_POINT('',(1.32099391283231,-0.0135032455105896,0.0621781469778552));
#3050=CARTESIAN_POINT('',(1.3209939195995,-0.0135924713251714,0.0621586335843601));
#3051=CARTESIAN_POINT('',(1.32099392638583,-0.0136816550331768,0.0621389276555934));
#3052=CARTESIAN_POINT('',(1.32099393319123,-0.0137707958035314,0.0621190293749253));
#3053=CARTESIAN_POINT('',(1.32099394000774,-0.0138600820957215,0.0620990986104193));
#3054=CARTESIAN_POINT('',(1.32099394684341,-0.0139493253104919,0.0620789748655497));
#3055=CARTESIAN_POINT('',(1.32099395369815,-0.0140385246134962,0.0620586583281999));
#3056=CARTESIAN_POINT('',(1.32099396054697,-0.0141276469049118,0.0620383593314447));
#3057=CARTESIAN_POINT('',(1.32099396741483,-0.0142167253608874,0.0620178678750369));
#3058=CARTESIAN_POINT('',(1.32099397430168,-0.0143057591500548,0.0619971841499757));
#3059=CARTESIAN_POINT('',(1.32099398118872,-0.0143947954294825,0.0619764998463941));
#3060=CARTESIAN_POINT('',(1.32099398809474,-0.0144837870401368,0.0619556232634646));
#3061=CARTESIAN_POINT('',(1.32099399501969,-0.0145727331514139,0.0619345545958005));
#3062=CARTESIAN_POINT('',(1.32099400195732,-0.0146618422509577,0.0619134473211016));
#3063=CARTESIAN_POINT('',(1.32099400891394,-0.0147509056841923,0.061892147254771));
#3064=CARTESIAN_POINT('',(1.32099401588948,-0.0148399226184871,0.0618706546031207));
#3065=CARTESIAN_POINT('',(1.32099402286102,-0.0149288885969587,0.0618491742544751));
#3066=CARTESIAN_POINT('',(1.32099402985148,-0.0150178081279886,0.0618275015316359));
#3067=CARTESIAN_POINT('',(1.32099403686076,-0.0151066803812472,0.0618056366441778));
#3068=CARTESIAN_POINT('',(1.3209940438719,-0.0151955761342255,0.061783765975177));
#3069=CARTESIAN_POINT('',(1.32099405090188,-0.0152844245845406,0.0617617030382009));
#3070=CARTESIAN_POINT('',(1.32099405795065,-0.0153732248999594,0.0617394480378392));
#3071=CARTESIAN_POINT('',(1.32099406500642,-0.0154621133744923,0.0617171709431741));
#3072=CARTESIAN_POINT('',(1.32099407208099,-0.0155509536196237,0.0616947014059417));
#3073=CARTESIAN_POINT('',(1.32099407917432,-0.0156397448015456,0.061672039634963));
#3074=CARTESIAN_POINT('',(1.32099408625791,-0.0157284139928572,0.0616494089990949));
#3075=CARTESIAN_POINT('',(1.32099409336019,-0.0158170342563577,0.0616265866579395));
#3076=CARTESIAN_POINT('',(1.32099410048111,-0.0159056047630248,0.0616035728247986));
#3077=CARTESIAN_POINT('',(1.32099410760481,-0.0159942099216648,0.0615805499878171));
#3078=CARTESIAN_POINT('',(1.32099411474716,-0.0160827652850577,0.0615573355089925));
#3079=CARTESIAN_POINT('',(1.32099412190809,-0.0161712700241411,0.0615339296054732));
#3080=CARTESIAN_POINT('',(1.320994129079,-0.0162598980838524,0.0615104910886638));
#3081=CARTESIAN_POINT('',(1.32099413626855,-0.0163484753786055,0.0614868606133333));
#3082=CARTESIAN_POINT('',(1.32099414347665,-0.0164370010768211,0.0614630384011496));
#3083=CARTESIAN_POINT('',(1.32099415067603,-0.0165254195619135,0.0614392450399529));
#3084=CARTESIAN_POINT('',(1.32099415789393,-0.0166137865758942,0.0614152604060374));
#3085=CARTESIAN_POINT('',(1.32099416513028,-0.0167021012911674,0.0613910847238598));
#3086=CARTESIAN_POINT('',(1.32099417237183,-0.016790479473774,0.0613668916678383));
#3087=CARTESIAN_POINT('',(1.32099417963186,-0.0168788052830005,0.0613425072888452));
#3088=CARTESIAN_POINT('',(1.3209941869103,-0.016967077890449,0.0613179318154171));
#3089=CARTESIAN_POINT('',(1.3209941941935,-0.0170554082660662,0.0612933402590825));
#3090=CARTESIAN_POINT('',(1.32099420149514,-0.0171436853707715,0.0612685573580896));
#3091=CARTESIAN_POINT('',(1.32099420881515,-0.017231908375541,0.0612435833450255));
#3092=CARTESIAN_POINT('',(1.32099421612868,-0.0173200533372273,0.0612186314242601));
#3093=CARTESIAN_POINT('',(1.32099422346055,-0.0174081442951702,0.06119348872936));
#3094=CARTESIAN_POINT('',(1.32099423081068,-0.0174961804235585,0.0611681554958826));
#3095=CARTESIAN_POINT('',(1.32099423816849,-0.0175843086369099,0.0611427957640809));
#3096=CARTESIAN_POINT('',(1.32099424554462,-0.0176723819064629,0.0611172450948463));
#3097=CARTESIAN_POINT('',(1.32099425293897,-0.0177603994048455,0.0610915037280703));
#3098=CARTESIAN_POINT('',(1.32099426033271,-0.0178484095083379,0.0610657645239845));
#3099=CARTESIAN_POINT('',(1.32099426774468,-0.0179363638525229,0.0610398346609943));
#3100=CARTESIAN_POINT('',(1.32099427517481,-0.0180242616053607,0.0610137143625802));
#3101=CARTESIAN_POINT('',(1.32099428261256,-0.0181122496029005,0.0609875672464322));
#3102=CARTESIAN_POINT('',(1.32099429006852,-0.0182001809012575,0.0609612293301864));
#3103=CARTESIAN_POINT('',(1.32099429754261,-0.0182880546669072,0.0609347008416517));
#3104=CARTESIAN_POINT('',(1.32099430501751,-0.0183759380773201,0.0609081694414291));
#3105=CARTESIAN_POINT('',(1.32099431251055,-0.0184637639424094,0.0608814474255861));
#3106=CARTESIAN_POINT('',(1.32099432002165,-0.0185515314428294,0.0608545350698165));
#3107=CARTESIAN_POINT('',(1.32099432752175,-0.0186391703984635,0.0608276621300381));
#3108=CARTESIAN_POINT('',(1.32099433503986,-0.0187267511508853,0.0608005993751382));
#3109=CARTESIAN_POINT('',(1.32099434257591,-0.0188142728854605,0.0607733470832459));
#3110=CARTESIAN_POINT('',(1.32099435011265,-0.0189018025679978,0.0607460923165376));
#3111=CARTESIAN_POINT('',(1.32099435766732,-0.0189892732200018,0.0607186479702536));
#3112=CARTESIAN_POINT('',(1.32099436523987,-0.0190766840203013,0.0606910143019506));
#3113=CARTESIAN_POINT('',(1.32099437282509,-0.0191642410702262,0.0606633343989302));
#3114=CARTESIAN_POINT('',(1.32099438042824,-0.0192517380685066,0.0606354645397438));
#3115=CARTESIAN_POINT('',(1.32099438804925,-0.0193391741909752,0.0606074049868268));
#3116=CARTESIAN_POINT('',(1.32099439565879,-0.019426478736094,0.0605793876590395));
#3117=CARTESIAN_POINT('',(1.32099440328614,-0.0195137225889834,0.0605511812079072));
#3118=CARTESIAN_POINT('',(1.32099441093122,-0.0196009049303341,0.060522785898245));
#3119=CARTESIAN_POINT('',(1.32099441857682,-0.0196880932649358,0.0604943886365796));
#3120=CARTESIAN_POINT('',(1.32099442624017,-0.019775220080042,0.0604658024903061));
#3121=CARTESIAN_POINT('',(1.32099443392118,-0.0198622845573323,0.0604370277278511));
#3122=CARTESIAN_POINT('',(1.32099444161482,-0.0199494922482493,0.0604082056333702));
#3123=CARTESIAN_POINT('',(1.32099444932619,-0.0200366373966007,0.0603791943015606));
#3124=CARTESIAN_POINT('',(1.32099445705521,-0.0201237191812014,0.0603499940057476));
#3125=CARTESIAN_POINT('',(1.32099446477237,-0.0202106674719206,0.0603208384731517));
#3126=CARTESIAN_POINT('',(1.32099447250714,-0.020297552593506,0.0602914945553332));
#3127=CARTESIAN_POINT('',(1.32099448025943,-0.0203843737297335,0.0602619625279128));
#3128=CARTESIAN_POINT('',(1.32099448801274,-0.0204712063008446,0.0602324266109408));
#3129=CARTESIAN_POINT('',(1.32099449578358,-0.020557974871613,0.06020270253867));
#3130=CARTESIAN_POINT('',(1.32099450357188,-0.0206446786225636,0.0601727905783918));
#3131=CARTESIAN_POINT('',(1.32099451137135,-0.0207315067344022,0.0601428357148033));
#3132=CARTESIAN_POINT('',(1.32099451918831,-0.0208182698463604,0.0601126924397018));
#3133=CARTESIAN_POINT('',(1.32099452702272,-0.0209049671366705,0.0600823610251222));
#3134=CARTESIAN_POINT('',(1.320994534858,-0.0209916742079225,0.0600520261886386));
#3135=CARTESIAN_POINT('',(1.32099454271072,-0.0210783154436344,0.0600215031715056));
#3136=CARTESIAN_POINT('',(1.32099455058081,-0.021164890029874,0.0599907922691012));
#3137=CARTESIAN_POINT('',(1.32099455844458,-0.0212513950705572,0.0599601060368326));
#3138=CARTESIAN_POINT('',(1.32099456632567,-0.0213378335656566,0.0599292322106225));
#3139=CARTESIAN_POINT('',(1.32099457422403,-0.0214242047044601,0.0598981710886905));
#3140=CARTESIAN_POINT('',(1.3209945821353,-0.0215107171264803,0.0598670591579433));
#3141=CARTESIAN_POINT('',(1.3209945900639,-0.0215971619708237,0.059835759314348));
#3142=CARTESIAN_POINT('',(1.32099459800973,-0.021683538422575,0.0598042718568305));
#3143=CARTESIAN_POINT('',(1.3209946059428,-0.0217697761375805,0.0597728349740623));
#3144=CARTESIAN_POINT('',(1.32099461389306,-0.0218559456783465,0.0597412110748585));
#3145=CARTESIAN_POINT('',(1.32099462186043,-0.0219420462351693,0.0597094004602494));
#3146=CARTESIAN_POINT('',(1.32099462982758,-0.0220281443861612,0.0596775907344959));
#3147=CARTESIAN_POINT('',(1.32099463781184,-0.022114173557763,0.0596455943041452));
#3148=CARTESIAN_POINT('',(1.32099464581313,-0.0222001329384929,0.0596134114652284));
#3149=CARTESIAN_POINT('',(1.32099465382061,-0.02228615875882,0.0595812037515994));
#3150=CARTESIAN_POINT('',(1.32099466184515,-0.0223721146833667,0.0595488093477348));
#3151=CARTESIAN_POINT('',(1.32099466988668,-0.0224579999000913,0.0595162285538864));
#3152=CARTESIAN_POINT('',(1.3209946779152,-0.0225437462014713,0.059483700457957));
#3153=CARTESIAN_POINT('',(1.32099468596065,-0.0226294220246808,0.0594509865760001));
#3154=CARTESIAN_POINT('',(1.32099469402296,-0.0227150265648391,0.0594180872153849));
#3155=CARTESIAN_POINT('',(1.32099470208664,-0.0228006458000354,0.059385182207203));
#3156=CARTESIAN_POINT('',(1.3209947101672,-0.0228861937281709,0.0593520916564658));
#3157=CARTESIAN_POINT('',(1.32099471826454,-0.022971669545294,0.0593188158741963));
#3158=CARTESIAN_POINT('',(1.32099472637079,-0.0230572394225209,0.059285503474277));
#3159=CARTESIAN_POINT('',(1.32099473449386,-0.0231427370304053,0.0592520054347106));
#3160=CARTESIAN_POINT('',(1.32099474263367,-0.0232281615637025,0.059218322071051));
#3161=CARTESIAN_POINT('',(1.32099475076185,-0.0233134638893117,0.0591846868945554));
#3162=CARTESIAN_POINT('',(1.32099475890672,-0.0233986933497235,0.0591508669236061));
#3163=CARTESIAN_POINT('',(1.32099476706821,-0.023483849144517,0.0591168624758859));
#3164=CARTESIAN_POINT('',(1.32099477523378,-0.0235690474159495,0.0590828410663765));
#3165=CARTESIAN_POINT('',(1.32099478341598,-0.0236541719487107,0.059048634995775));
#3166=CARTESIAN_POINT('',(1.32099479161474,-0.0237392219425717,0.0590142445857193));
#3167=CARTESIAN_POINT('',(1.32099479981647,-0.0238243026884775,0.0589798417409134));
#3168=CARTESIAN_POINT('',(1.32099480803477,-0.023909308842023,0.0589452544230779));
#3169=CARTESIAN_POINT('',(1.32099481626957,-0.0239942396035176,0.058910482957678));
#3170=CARTESIAN_POINT('',(1.32099482449528,-0.0240790765822163,0.058875749887851));
#3171=CARTESIAN_POINT('',(1.32099483273745,-0.0241638383357203,0.0588408330766639));
#3172=CARTESIAN_POINT('',(1.32099484099599,-0.0242485240684021,0.0588057328519642));
#3173=CARTESIAN_POINT('',(1.32099484926136,-0.0243332797471764,0.0587706036362706));
#3174=CARTESIAN_POINT('',(1.32099485754314,-0.024417959279943,0.0587352907036971));
#3175=CARTESIAN_POINT('',(1.32099486584125,-0.0245025618705362,0.0586997943863654));
#3176=CARTESIAN_POINT('',(1.32099487413623,-0.0245871325903898,0.0586643114408925));
#3177=CARTESIAN_POINT('',(1.32099488244754,-0.0246716264296531,0.0586286452560267));
#3178=CARTESIAN_POINT('',(1.32099489077508,-0.0247560425849613,0.0585927961444834));
#3179=CARTESIAN_POINT('',(1.32099489910934,-0.0248405268208038,0.0585569181210966));
#3180=CARTESIAN_POINT('',(1.32099490745987,-0.0249249332605225,0.0585208569055929));
#3181=CARTESIAN_POINT('',(1.32099491582659,-0.0250092611002903,0.0584846128149353));
#3182=CARTESIAN_POINT('',(1.32099492419223,-0.0250935780972475,0.0584483733845158));
#3183=CARTESIAN_POINT('',(1.32099493257406,-0.0251778165149556,0.0584119511259872));
#3184=CARTESIAN_POINT('',(1.320994940972,-0.025261975570318,0.05837534640371));
#3185=CARTESIAN_POINT('',(1.32099494935549,-0.0253459898267636,0.0583388046612762));
#3186=CARTESIAN_POINT('',(1.32099495775502,-0.0254299249816676,0.0583020810534362));
#3187=CARTESIAN_POINT('',(1.32099496617052,-0.0255137802574896,0.058265175946168));
#3188=CARTESIAN_POINT('',(1.32099497458479,-0.0255976231980608,0.0582282762677025));
#3189=CARTESIAN_POINT('',(1.32099498301503,-0.0256813862803509,0.0581911951357239));
#3190=CARTESIAN_POINT('',(1.32099499146116,-0.0257650687192986,0.0581539328979256));
#3191=CARTESIAN_POINT('',(1.32099499991935,-0.025848870705805,0.0581166174278169));
#3192=CARTESIAN_POINT('',(1.32099500839347,-0.0259325918188137,0.0580791203337586));
#3193=CARTESIAN_POINT('',(1.32099501688345,-0.0260162312714177,0.0580414419683558));
#3194=CARTESIAN_POINT('',(1.32099502535859,-0.0260997244738175,0.0580038294865578));
#3195=CARTESIAN_POINT('',(1.32099503384952,-0.0261831363015586,0.0579660363664807));
#3196=CARTESIAN_POINT('',(1.32099504235617,-0.0262664659733851,0.0579280629622783));
#3197=CARTESIAN_POINT('',(1.32099505086133,-0.0263497810499494,0.0578900962091497));
#3198=CARTESIAN_POINT('',(1.32099505938221,-0.0264330139997873,0.0578519492347207));
#3199=CARTESIAN_POINT('',(1.32099506791872,-0.0265161640435959,0.0578136223963416));
#3200=CARTESIAN_POINT('',(1.32099507646719,-0.0265994305377372,0.0577752418818264));
#3201=CARTESIAN_POINT('',(1.32099508503133,-0.0266826138938777,0.0577366809988821));
#3202=CARTESIAN_POINT('',(1.32099509361107,-0.0267657133310005,0.0576979401097548));
#3203=CARTESIAN_POINT('',(1.32099510217557,-0.0268486651355796,0.0576592680467977));
#3204=CARTESIAN_POINT('',(1.32099511075561,-0.0269315333194567,0.0576204166163413));
#3205=CARTESIAN_POINT('',(1.32099511935111,-0.0270143171073411,0.0575813861820716));
#3206=CARTESIAN_POINT('',(1.32099512794586,-0.0270970936286927,0.057542359173786));
#3207=CARTESIAN_POINT('',(1.32099513655606,-0.0271797857705579,0.0575031531954761));
#3208=CARTESIAN_POINT('',(1.32099514518165,-0.0272623927555555,0.0574637686059532));
#3209=CARTESIAN_POINT('',(1.32099515381709,-0.0273450940360932,0.0574243390590803));
#3210=CARTESIAN_POINT('',(1.32099516246793,-0.0274277099708147,0.0573847305035036));
#3211=CARTESIAN_POINT('',(1.32099517113411,-0.0275102397812864,0.0573449433026451));
#3212=CARTESIAN_POINT('',(1.32099517979936,-0.0275927607675226,0.0573051603559055));
#3213=CARTESIAN_POINT('',(1.32099518847994,-0.0276751956489514,0.0572651988030853));
#3214=CARTESIAN_POINT('',(1.32099519717577,-0.027757543654866,0.0572250590230405));
#3215=CARTESIAN_POINT('',(1.32099520586271,-0.0278398074464864,0.0571849602924808));
#3216=CARTESIAN_POINT('',(1.32099521456486,-0.0279219845379457,0.0571446836932786));
#3217=CARTESIAN_POINT('',(1.32099522328215,-0.0280040741625313,0.0571042296064748));
#3218=CARTESIAN_POINT('',(1.32099523199735,-0.0280861440347463,0.0570637852537162));
#3219=CARTESIAN_POINT('',(1.32099524072766,-0.0281681264818973,0.0570231634970338));
#3220=CARTESIAN_POINT('',(1.32099524947303,-0.0282500207374934,0.0569823647164727));
#3221=CARTESIAN_POINT('',(1.32099525820929,-0.0283318296832624,0.0569416084362908));
#3222=CARTESIAN_POINT('',(1.32099526696056,-0.0284135506214949,0.0569006755004694));
#3223=CARTESIAN_POINT('',(1.32099527572677,-0.0284951827897411,0.0568595662911728));
#3224=CARTESIAN_POINT('',(1.32099528450076,-0.0285768874958181,0.0568184205524917));
#3225=CARTESIAN_POINT('',(1.32099529328972,-0.0286585032744479,0.0567770982265332));
#3226=CARTESIAN_POINT('',(1.32099530209355,-0.0287400293628135,0.056735599699788));
#3227=CARTESIAN_POINT('',(1.32099531088877,-0.0288214757013776,0.0566941417674014));
#3228=CARTESIAN_POINT('',(1.32099531969884,-0.028902832525429,0.0566525079783854));
#3229=CARTESIAN_POINT('',(1.32099532852368,-0.0289840990760634,0.0566106987213874));
#3230=CARTESIAN_POINT('',(1.32099533734221,-0.0290653075469829,0.0565689193446994));
#3231=CARTESIAN_POINT('',(1.3209953461755,-0.0291464258738326,0.0565269647503432));
#3232=CARTESIAN_POINT('',(1.32099535502343,-0.0292274533010195,0.0564848353294062));
#3233=CARTESIAN_POINT('',(1.3209953638821,-0.0293085790047476,0.0564426548105396));
#3234=CARTESIAN_POINT('',(1.32099537275548,-0.0293896135885339,0.0564002990403342));
#3235=CARTESIAN_POINT('',(1.32099538164346,-0.029470556295739,0.0563577684145802));
#3236=CARTESIAN_POINT('',(1.32099539051626,-0.0295513606610132,0.0563153104793637));
#3237=CARTESIAN_POINT('',(1.32099539940362,-0.0296320734638464,0.0562726782853727));
#3238=CARTESIAN_POINT('',(1.32099540830547,-0.0297126939531841,0.0562298722296253));
#3239=CARTESIAN_POINT('',(1.32099541720385,-0.029793282969917,0.0561870828844944));
#3240=CARTESIAN_POINT('',(1.32099542611669,-0.0298737797455589,0.0561441198128994));
#3241=CARTESIAN_POINT('',(1.32099543504393,-0.0299541835316557,0.0561009834146317));
#3242=CARTESIAN_POINT('',(1.3209954439825,-0.0300346894356932,0.0560577922303847));
#3243=CARTESIAN_POINT('',(1.3209954529355,-0.0301151021141701,0.0560144272784792));
#3244=CARTESIAN_POINT('',(1.32099546190284,-0.0301954208175194,0.0559708889634759));
#3245=CARTESIAN_POINT('',(1.32099547085309,-0.0302755863945186,0.0559274336535883));
#3246=CARTESIAN_POINT('',(1.32099547981762,-0.0303556583547072,0.0558838056405629));
#3247=CARTESIAN_POINT('',(1.32099548879636,-0.030435635954544,0.0558400053298691));
#3248=CARTESIAN_POINT('',(1.32099549777211,-0.0305155869169503,0.0557962196073566));
#3249=CARTESIAN_POINT('',(1.32099550676205,-0.0305954435821779,0.0557522617014825));
#3250=CARTESIAN_POINT('',(1.32099551576611,-0.0306752052091847,0.0557081320205144));
#3251=CARTESIAN_POINT('',(1.32099552478135,-0.0307550659258907,0.0556639475162312));
#3252=CARTESIAN_POINT('',(1.32099553381074,-0.0308348313684166,0.0556195908093341));
#3253=CARTESIAN_POINT('',(1.32099554285419,-0.0309145007947324,0.0555750623128229));
#3254=CARTESIAN_POINT('',(1.32099555188016,-0.0309940161316538,0.0555306199392998));
#3255=CARTESIAN_POINT('',(1.32099556092013,-0.0310734358237358,0.0554860064395817));
#3256=CARTESIAN_POINT('',(1.32099556997402,-0.0311527591350266,0.055441222227459));
#3257=CARTESIAN_POINT('',(1.32099557902511,-0.031232057929444,0.0553964518570284));
#3258=CARTESIAN_POINT('',(1.32099558809013,-0.0313112604029504,0.0553515108792373));
#3259=CARTESIAN_POINT('',(1.32099559716898,-0.0313903658220671,0.0553063997106601));
#3260=CARTESIAN_POINT('',(1.32099560625791,-0.0314695591562214,0.0552612384070842));
#3261=CARTESIAN_POINT('',(1.32099561536071,-0.0315486552204471,0.055215906533749));
#3262=CARTESIAN_POINT('',(1.32099562447729,-0.0316276532806278,0.0551704045117905));
#3263=CARTESIAN_POINT('',(1.32099563357646,-0.0317065004399311,0.0551249894070933));
#3264=CARTESIAN_POINT('',(1.32099564268935,-0.0317852499695447,0.0550794048027047));
#3265=CARTESIAN_POINT('',(1.32099565181588,-0.0318639011413653,0.0550336511204965));
#3266=CARTESIAN_POINT('',(1.32099566094225,-0.0319425509063863,0.0549878982566647));
#3267=CARTESIAN_POINT('',(1.32099567008226,-0.0320211023174274,0.0549419763205762));
#3268=CARTESIAN_POINT('',(1.32099567923583,-0.0320995546482499,0.0548958857372138));
#3269=CARTESIAN_POINT('',(1.32099568839348,-0.0321780419698558,0.0548497745968379));
#3270=CARTESIAN_POINT('',(1.3209956975647,-0.0322564301231306,0.0548034946582233));
#3271=CARTESIAN_POINT('',(1.32099570674941,-0.0323347183827044,0.0547570463500513));
#3272=CARTESIAN_POINT('',(1.32099571591923,-0.0324128798417369,0.0547106732724522));
#3273=CARTESIAN_POINT('',(1.3209957251025,-0.0324909417306786,0.054664132369761));
#3274=CARTESIAN_POINT('',(1.32099573429913,-0.0325689033295233,0.0546174240716846));
#3275=CARTESIAN_POINT('',(1.32099574349861,-0.0326468890806109,0.0545707013035336));
#3276=CARTESIAN_POINT('',(1.32099575271144,-0.0327247744797307,0.0545238110357597));
#3277=CARTESIAN_POINT('',(1.32099576193756,-0.0328025588080664,0.0544767537015677));
#3278=CARTESIAN_POINT('',(1.32099577116098,-0.0328803204533899,0.0544297100899612));
#3279=CARTESIAN_POINT('',(1.32099578039768,-0.0329579810871401,0.0543824995088492));
#3280=CARTESIAN_POINT('',(1.32099578964757,-0.033035539993,0.0543351223941448));
#3281=CARTESIAN_POINT('',(1.3209957988855,-0.0331129986562956,0.0542878065129432));
#3282=CARTESIAN_POINT('',(1.32099580813658,-0.0331903558547576,0.0542403245278353));
#3283=CARTESIAN_POINT('',(1.32099581740073,-0.0332676108767179,0.0541926768761109));
#3284=CARTESIAN_POINT('',(1.32099582667079,-0.0333449151529677,0.0541449988464103));
#3285=CARTESIAN_POINT('',(1.32099583595393,-0.0334221171226483,0.0540971549382596));
#3286=CARTESIAN_POINT('',(1.32099584525007,-0.0334992160746209,0.0540491455928477));
#3287=CARTESIAN_POINT('',(1.32099585453664,-0.0335762357231884,0.0540011856294892));
#3288=CARTESIAN_POINT('',(1.32099586383619,-0.0336531525661194,0.053953060568501));
#3289=CARTESIAN_POINT('',(1.32099587314863,-0.0337299658963658,0.0539047708527555));
#3290=CARTESIAN_POINT('',(1.32099588245207,-0.0338067051073105,0.053856527733089));
#3291=CARTESIAN_POINT('',(1.32099589176838,-0.0338833410054865,0.0538081202757388));
#3292=CARTESIAN_POINT('',(1.32099590109747,-0.0339598728877939,0.0537595489253194));
#3293=CARTESIAN_POINT('',(1.32099591043556,-0.034036478653497,0.0537109306844253));
#3294=CARTESIAN_POINT('',(1.32099591978645,-0.0341129802026441,0.0536621482333254));
#3295=CARTESIAN_POINT('',(1.32099592915006,-0.0341893768320195,0.053613202020947));
#3296=CARTESIAN_POINT('',(1.32099593849714,-0.0342656386277523,0.0535643421945278));
#3297=CARTESIAN_POINT('',(1.32099594785689,-0.0343417958739717,0.0535153191838252));
#3298=CARTESIAN_POINT('',(1.32099595722923,-0.0344178478731034,0.053466133438393));
#3299=CARTESIAN_POINT('',(1.3209959665956,-0.0344938514249651,0.0534169790256689));
#3300=CARTESIAN_POINT('',(1.32099597597453,-0.0345697498640163,0.0533676620849322));
#3301=CARTESIAN_POINT('',(1.32099598536594,-0.0346455424959459,0.0533181830678588));
#3302=CARTESIAN_POINT('',(1.32099599476757,-0.0347214175104076,0.0532686502697435));
#3303=CARTESIAN_POINT('',(1.3209960041817,-0.0347971864878331,0.0532189550422052));
#3304=CARTESIAN_POINT('',(1.32099601360826,-0.0348728487335949,0.0531690978413762));
#3305=CARTESIAN_POINT('',(1.32099602301512,-0.0349483529364595,0.0531193447820036));
#3306=CARTESIAN_POINT('',(1.32099603243436,-0.0350237508532936,0.0530694304247313));
#3307=CARTESIAN_POINT('',(1.32099604186588,-0.0350990417957643,0.0530193552257946));
#3308=CARTESIAN_POINT('',(1.32099605129254,-0.0351742939420774,0.0529693058297665));
#3309=CARTESIAN_POINT('',(1.32099606073148,-0.0352494392244535,0.052919095757223));
#3310=CARTESIAN_POINT('',(1.3209960701826,-0.0353244769575805,0.0528687254666322));
#3311=CARTESIAN_POINT('',(1.32099607964374,-0.0353995942236112,0.0528183017882949));
#3312=CARTESIAN_POINT('',(1.32099608911709,-0.0354746037124928,0.0527677175515241));
#3313=CARTESIAN_POINT('',(1.32099609860257,-0.0355495047387078,0.0527169732191857));
#3314=CARTESIAN_POINT('',(1.32099610806798,-0.0356242472962338,0.0526663362470295));
#3315=CARTESIAN_POINT('',(1.32099611754546,-0.0356988818497574,0.0526155398554441));
#3316=CARTESIAN_POINT('',(1.32099612703493,-0.0357734077200792,0.0525645845072752));
#3317=CARTESIAN_POINT('',(1.32099613651943,-0.0358478945413484,0.052513655857997));
#3318=CARTESIAN_POINT('',(1.32099614601591,-0.0359222727934703,0.0524625684180857));
#3319=CARTESIAN_POINT('',(1.32099615552427,-0.0359965418002949,0.0524113226525539));
#3320=CARTESIAN_POINT('',(1.32099616504211,-0.0360708848191078,0.0523600258186));
#3321=CARTESIAN_POINT('',(1.32099617457187,-0.0361451183749661,0.0523085703427234));
#3322=CARTESIAN_POINT('',(1.32099618411345,-0.0362192417916969,0.0522569566942222));
#3323=CARTESIAN_POINT('',(1.32099619363475,-0.0362932077458754,0.0522054526901111));
#3324=CARTESIAN_POINT('',(1.32099620316785,-0.0363670640285529,0.052153791184092));
#3325=CARTESIAN_POINT('',(1.32099621271262,-0.0364408099698564,0.0521019726453455));
#3326=CARTESIAN_POINT('',(1.32099622225487,-0.0365145363335289,0.0520501678630744));
#3327=CARTESIAN_POINT('',(1.32099623180879,-0.0365881524145776,0.0519982061308435));
#3328=CARTESIAN_POINT('',(1.32099624137431,-0.0366616575456712,0.0519460879203122));
#3329=CARTESIAN_POINT('',(1.32099625094365,-0.0367351919930194,0.0518939489233308));
#3330=CARTESIAN_POINT('',(1.3209962605246,-0.0368086154020599,0.0518416533226024));
#3331=CARTESIAN_POINT('',(1.32099627011706,-0.0368819271066844,0.0517892015931969));
#3332=CARTESIAN_POINT('',(1.32099627969162,-0.0369551019841861,0.0517368477583808));
#3333=CARTESIAN_POINT('',(1.32099628927766,-0.0370281655740075,0.0516843383765273));
#3334=CARTESIAN_POINT('',(1.32099629887509,-0.0371011172157851,0.0516316739228717));
#3335=CARTESIAN_POINT('',(1.3209963084668,-0.0371740254110325,0.0515790408336614));
#3336=CARTESIAN_POINT('',(1.32099631806988,-0.0372468217916913,0.0515262528566898));
#3337=CARTESIAN_POINT('',(1.32099632768426,-0.0373195057006045,0.0514733104691471));
#3338=CARTESIAN_POINT('',(1.32099633729283,-0.0373921456801603,0.0514204000794027));
#3339=CARTESIAN_POINT('',(1.32099634691266,-0.0374646733240294,0.0513673354650631));
#3340=CARTESIAN_POINT('',(1.3209963565437,-0.0375370879782801,0.0513141171052416));
#3341=CARTESIAN_POINT('',(1.32099636616883,-0.0376094582271922,0.0512609313794126));
#3342=CARTESIAN_POINT('',(1.32099637580512,-0.037681715625156,0.0512075920959799));
#3343=CARTESIAN_POINT('',(1.32099638545251,-0.0377538595214837,0.0511540997359479));
#3344=CARTESIAN_POINT('',(1.32099639510057,-0.0378260084547938,0.0511006036411568));
#3345=CARTESIAN_POINT('',(1.32099640475973,-0.0378980438707515,0.0510469544477644));
#3346=CARTESIAN_POINT('',(1.32099641442988,-0.0379699651205861,0.0509931526396396));
#3347=CARTESIAN_POINT('',(1.32099642409586,-0.038041855363943,0.0509393740263921));
#3348=CARTESIAN_POINT('',(1.32099643377285,-0.03811363153972,0.0508854429293423));
#3349=CARTESIAN_POINT('',(1.32099644346074,-0.0381852930020468,0.0508313598344835));
#3350=CARTESIAN_POINT('',(1.32099645313379,-0.0382568447195838,0.0507773595643074));
#3351=CARTESIAN_POINT('',(1.32099646281771,-0.0383282820748742,0.0507232077608822));
#3352=CARTESIAN_POINT('',(1.32099647251242,-0.0383996044270723,0.0506689049106983));
#3353=CARTESIAN_POINT('',(1.32099648220085,-0.0384708805383586,0.0506146372670551));
#3354=CARTESIAN_POINT('',(1.32099649190004,-0.038542041795739,0.0505602187718106));
#3355=CARTESIAN_POINT('',(1.32099650160992,-0.0386130875616809,0.0505056499132188));
#3356=CARTESIAN_POINT('',(1.32099651131343,-0.0386840866454063,0.0504511169103214));
#3357=CARTESIAN_POINT('',(1.3209965210276,-0.0387549703895224,0.0503964337409696));
#3358=CARTESIAN_POINT('',(1.32099653075236,-0.0388257381598255,0.050341600895149));
#3359=CARTESIAN_POINT('',(1.32099654047064,-0.0388964588136207,0.0502868045565154));
#3360=CARTESIAN_POINT('',(1.32099655019949,-0.0389670636480799,0.0502318587400074));
#3361=CARTESIAN_POINT('',(1.32099655993883,-0.0390375520323446,0.0501767639373105));
#3362=CARTESIAN_POINT('',(1.32099656968212,-0.0391080690103869,0.0501216467852782));
#3363=CARTESIAN_POINT('',(1.3209965794359,-0.0391784694438321,0.0500663805255074));
#3364=CARTESIAN_POINT('',(1.32099658920009,-0.0392487527031463,0.0500109656529538));
#3365=CARTESIAN_POINT('',(1.32099659895197,-0.0393189474216373,0.0499556205904586));
#3366=CARTESIAN_POINT('',(1.32099660871423,-0.0393890252611227,0.0499001272887257));
#3367=CARTESIAN_POINT('',(1.32099661848679,-0.0394589855965407,0.0498444862434946));
#3368=CARTESIAN_POINT('',(1.32099662824766,-0.0395288622877454,0.0497889117224079));
#3369=CARTESIAN_POINT('',(1.3209966380188,-0.0395986217557688,0.049733189810237));
#3370=CARTESIAN_POINT('',(1.32099664780011,-0.0396682633798842,0.0496773210035744));
#3371=CARTESIAN_POINT('',(1.32099665757457,-0.039737856220282,0.0496214913328184));
#3372=CARTESIAN_POINT('',(1.32099666735921,-0.0398073313818852,0.0495655149726357));
#3373=CARTESIAN_POINT('',(1.32099667715392,-0.0398766882473715,0.0495093924211891));
#3374=CARTESIAN_POINT('',(1.32099668694168,-0.0399459959302584,0.0494533096675758));
#3375=CARTESIAN_POINT('',(1.32099669673951,-0.0400151854848082,0.0493970809292958));
#3376=CARTESIAN_POINT('',(1.32099670654731,-0.0400842562971168,0.0493407067060493));
#3377=CARTESIAN_POINT('',(1.32099671634808,-0.0401532775350858,0.0492843729443928));
#3378=CARTESIAN_POINT('',(1.32099672615881,-0.0402221802012621,0.0492278939058652));
#3379=CARTESIAN_POINT('',(1.32099673597942,-0.0402909636851733,0.049171270091672));
#3380=CARTESIAN_POINT('',(1.32099674580731,-0.040359798211453,0.0491146042584733));
#3381=CARTESIAN_POINT('',(1.3209967556451,-0.0404285133767521,0.0490577934317962));
#3382=CARTESIAN_POINT('',(1.32099676549268,-0.04049710857682,0.0490008381231103));
#3383=CARTESIAN_POINT('',(1.32099677531972,-0.0405655606127054,0.0489440016851355));
#3384=CARTESIAN_POINT('',(1.32099678515651,-0.0406338931763874,0.0488870213582066));
#3385=CARTESIAN_POINT('',(1.32099679500299,-0.0407021056695373,0.0488298976531762));
#3386=CARTESIAN_POINT('',(1.32099680484101,-0.0407702595809025,0.0487728230067337));
#3387=CARTESIAN_POINT('',(1.32099681468868,-0.0408382936261104,0.0487156052254931));
#3388=CARTESIAN_POINT('',(1.32099682454593,-0.0409062072050663,0.0486582448149825));
#3389=CARTESIAN_POINT('',(1.32099683439577,-0.040974069713838,0.0486009275388019));
#3390=CARTESIAN_POINT('',(1.32099684425516,-0.0410418119375001,0.0485434678470999));
#3391=CARTESIAN_POINT('',(1.32099685412403,-0.0411094332794392,0.0484858662467789));
#3392=CARTESIAN_POINT('',(1.32099686398539,-0.0411770031953811,0.0484283084524466));
#3393=CARTESIAN_POINT('',(1.3209968738562,-0.0412444524134165,0.0483706089645713));
#3394=CARTESIAN_POINT('',(1.32099688373639,-0.0413117803404252,0.048312768291398));
#3395=CARTESIAN_POINT('',(1.32099689360898,-0.0413790564928442,0.0482549720971986));
#3396=CARTESIAN_POINT('',(1.32099690349092,-0.0414462115407267,0.0481970349340703));
#3397=CARTESIAN_POINT('',(1.32099691338213,-0.0415132448944566,0.0481389573115673));
#3398=CARTESIAN_POINT('',(1.32099692328132,-0.0415803322835803,0.0480808328728596));
#3399=CARTESIAN_POINT('',(1.32099693318978,-0.0416472977822893,0.0480225677475445));
#3400=CARTESIAN_POINT('',(1.32099694310746,-0.0417141408016917,0.0479641624488866));
#3401=CARTESIAN_POINT('',(1.32099695300164,-0.0417808255230686,0.0479058954659951));
#3402=CARTESIAN_POINT('',(1.32099696290497,-0.0418473883445702,0.0478474889722));
#3403=CARTESIAN_POINT('',(1.32099697281736,-0.0419138286836256,0.0477889434795791));
#3404=CARTESIAN_POINT('',(1.32099698272189,-0.0419802162452146,0.0477304444930839));
#3405=CARTESIAN_POINT('',(1.32099699263546,-0.0420464815188679,0.0476718067278082));
#3406=CARTESIAN_POINT('',(1.32099700255801,-0.0421126239255494,0.0476130306970412));
#3407=CARTESIAN_POINT('',(1.32099701247258,-0.0421787132351499,0.0475543018498561));
#3408=CARTESIAN_POINT('',(1.32099702239611,-0.0422446798749579,0.0474954349583816));
#3409=CARTESIAN_POINT('',(1.3209970323285,-0.0423105232694814,0.0474364305370859));
#3410=CARTESIAN_POINT('',(1.32099704225283,-0.0423763132545705,0.0473774739777327));
#3411=CARTESIAN_POINT('',(1.32099705218602,-0.042441980194221,0.0473183801108827));
#3412=CARTESIAN_POINT('',(1.32099706212796,-0.042507523516494,0.0472591494521505));
#3413=CARTESIAN_POINT('',(1.32099707206176,-0.0425730131242373,0.0471999673345491));
#3414=CARTESIAN_POINT('',(1.32099708200431,-0.0426383793171128,0.047140648648478));
#3415=CARTESIAN_POINT('',(1.32099709195552,-0.0427036215267436,0.047081193910666));
#3416=CARTESIAN_POINT('',(1.32099710191425,-0.0427689130311586,0.0470216942508858));
#3417=CARTESIAN_POINT('',(1.32099711188166,-0.0428340803648732,0.0469620583329845));
#3418=CARTESIAN_POINT('',(1.32099712185765,-0.0428991229603916,0.0469022866772385));
#3419=CARTESIAN_POINT('',(1.32099713180951,-0.0429640082535227,0.0468426595763655));
#3420=CARTESIAN_POINT('',(1.32099714176993,-0.0430287694110392,0.0467828973926956));
#3421=CARTESIAN_POINT('',(1.3209971517388,-0.0430934058717177,0.0467230006450891));
#3422=CARTESIAN_POINT('',(1.32099716169926,-0.0431579877457313,0.0466631544813737));
#3423=CARTESIAN_POINT('',(1.32099717166816,-0.0432224451333921,0.0466031739801969));
#3424=CARTESIAN_POINT('',(1.32099718164543,-0.0432867774770618,0.0465430596614353));
#3425=CARTESIAN_POINT('',(1.32099719161418,-0.0433510549580496,0.0464829966082201));
#3426=CARTESIAN_POINT('',(1.32099720159128,-0.0434152076081805,0.0464227999648479));
#3427=CARTESIAN_POINT('',(1.32099721157664,-0.0434792348734088,0.046362470252179));
#3428=CARTESIAN_POINT('',(1.3209972215534,-0.043543207007199,0.0463021924871267));
#3429=CARTESIAN_POINT('',(1.32099723153841,-0.0436070539718649,0.0462417818811242));
#3430=CARTESIAN_POINT('',(1.32099724153158,-0.0436707752169598,0.0461812389559834));
#3431=CARTESIAN_POINT('',(1.32099725151606,-0.0437344410691228,0.0461207486608582));
#3432=CARTESIAN_POINT('',(1.32099726150869,-0.0437979814201323,0.0460601262758263));
#3433=CARTESIAN_POINT('',(1.32099727150937,-0.0438613957231467,0.0459993723236187));
#3434=CARTESIAN_POINT('',(1.32099728150128,-0.0439247543789946,0.045938671684073));
#3435=CARTESIAN_POINT('',(1.32099729150124,-0.0439879872078984,0.0458778397074344));
#3436=CARTESIAN_POINT('',(1.32099730150915,-0.0440510936666278,0.0458168769173209));
#3437=CARTESIAN_POINT('',(1.3209973115082,-0.0441141442312091,0.0457559681226826));
#3438=CARTESIAN_POINT('',(1.32099732151519,-0.0441770686492946,0.04569492874547));
#3439=CARTESIAN_POINT('',(1.32099733153005,-0.0442398663812707,0.0456337593101559));
#3440=CARTESIAN_POINT('',(1.32099734153595,-0.0443026079793618,0.0455726445532185));
#3441=CARTESIAN_POINT('',(1.3209973515497,-0.0443652231176434,0.0455113999698646));
#3442=CARTESIAN_POINT('',(1.3209973615712,-0.0444277112601237,0.0454500260853893));
#3443=CARTESIAN_POINT('',(1.32099737158367,-0.044490143036226,0.0453887075621943));
#3444=CARTESIAN_POINT('',(1.32099738160388,-0.0445524480454414,0.0453272599703141));
#3445=CARTESIAN_POINT('',(1.32099739163176,-0.0446146257554048,0.0452656838358341));
#3446=CARTESIAN_POINT('',(1.3209974016505,-0.0446767468737257,0.0452041637454668));
#3447=CARTESIAN_POINT('',(1.32099741167689,-0.0447387409243165,0.0451425153456536));
#3448=CARTESIAN_POINT('',(1.32099742171084,-0.0448006073784429,0.0450807391632386));
#3449=CARTESIAN_POINT('',(1.32099743173558,-0.0448624170228851,0.0450190197076146));
#3450=CARTESIAN_POINT('',(1.32099744176787,-0.0449240993049848,0.0449571727032272));
#3451=CARTESIAN_POINT('',(1.32099745180761,-0.0449856536996426,0.044895198677647));
#3452=CARTESIAN_POINT('',(1.32099746183806,-0.0450471510737903,0.0448332820612994));
#3453=CARTESIAN_POINT('',(1.32099747187595,-0.0451085207972102,0.0447712386582488));
#3454=CARTESIAN_POINT('',(1.3209974819212,-0.0451697623484414,0.044709068996761));
#3455=CARTESIAN_POINT('',(1.32099749195707,-0.0452309466755346,0.0446469574266378));
#3456=CARTESIAN_POINT('',(1.32099750200029,-0.0452920030697371,0.0445847198331859));
#3457=CARTESIAN_POINT('',(1.32099751205077,-0.0453529310132297,0.0445223567453336));
#3458=CARTESIAN_POINT('',(1.32099752209177,-0.0454138015361454,0.0444600524305874));
#3459=CARTESIAN_POINT('',(1.32099753214003,-0.0454745438502247,0.0443976228571352));
#3460=CARTESIAN_POINT('',(1.32099754219545,-0.0455351574412929,0.0443350685545369));
#3461=CARTESIAN_POINT('',(1.32099755224131,-0.0455957134225241,0.0442725737063136));
#3462=CARTESIAN_POINT('',(1.32099756229432,-0.0456561409251842,0.0442099543651918));
#3463=CARTESIAN_POINT('',(1.3209975723544,-0.0457164394387454,0.0441472110613311));
#3464=CARTESIAN_POINT('',(1.32099758240484,-0.045776680160368,0.0440845278925709));
#3465=CARTESIAN_POINT('',(1.32099759246233,-0.0458367921398888,0.0440217209978401));
#3466=CARTESIAN_POINT('',(1.32099760252679,-0.0458967748704293,0.0439587909078667));
#3467=CARTESIAN_POINT('',(1.32099761258152,-0.0459566996340754,0.0438959216330952));
#3468=CARTESIAN_POINT('',(1.3209976226432,-0.0460164953982859,0.0438329294003377));
#3469=CARTESIAN_POINT('',(1.32099763271175,-0.0460761616598329,0.0437698147408594));
#3470=CARTESIAN_POINT('',(1.3209976427705,-0.046135769786663,0.0437067615759805));
#3471=CARTESIAN_POINT('',(1.32099765283609,-0.0461952486629117,0.0436435862220934));
#3472=CARTESIAN_POINT('',(1.32099766290846,-0.0462545977890035,0.0435802892109688));
#3473=CARTESIAN_POINT('',(1.32099767297094,-0.0463138886196654,0.0435170543730676));
#3474=CARTESIAN_POINT('',(1.32099768304017,-0.0463730499547797,0.0434536981160656));
#3475=CARTESIAN_POINT('',(1.32099769311608,-0.0464320812984239,0.0433902209722085));
#3476=CARTESIAN_POINT('',(1.32099770318201,-0.0464910541930196,0.0433268066793461));
#3477=CARTESIAN_POINT('',(1.3209977132546,-0.0465498973532708,0.0432632717381572));
#3478=CARTESIAN_POINT('',(1.32099772333376,-0.0466086102869094,0.0431996166813312));
#3479=CARTESIAN_POINT('',(1.32099773340287,-0.046667264624959,0.0431360251523397));
#3480=CARTESIAN_POINT('',(1.32099774347854,-0.0467257889960269,0.0430723137466002));
#3481=CARTESIAN_POINT('',(1.32099775356068,-0.0467841829114988,0.0430084829972146));
#3482=CARTESIAN_POINT('',(1.32099776363269,-0.0468425180918936,0.0429447164515043));
#3483=CARTESIAN_POINT('',(1.32099777371116,-0.0469007230788174,0.0428808308013659));
#3484=CARTESIAN_POINT('',(1.32099778379601,-0.04695879738731,0.0428168265802835));
#3485=CARTESIAN_POINT('',(1.32099779387064,-0.0470168128282712,0.0427528872376401));
#3486=CARTESIAN_POINT('',(1.32099780395164,-0.0470746978554086,0.0426888295635681));
#3487=CARTESIAN_POINT('',(1.32099781403893,-0.0471324519874157,0.0426246540919029));
#3488=CARTESIAN_POINT('',(1.32099782411591,-0.0471901471264525,0.0425605441722867));
#3489=CARTESIAN_POINT('',(1.32099783419916,-0.0472477116374363,0.0424963166948586));
#3490=CARTESIAN_POINT('',(1.3209978442886,-0.0473051450427138,0.0424319721937754));
#3491=CARTESIAN_POINT('',(1.32099785436765,-0.0473625193365683,0.0423676939171308));
#3492=CARTESIAN_POINT('',(1.32099786445288,-0.0474197627942516,0.0423032988568474));
#3493=CARTESIAN_POINT('',(1.3209978745442,-0.0474768749417622,0.0422387875473726));
#3494=CARTESIAN_POINT('',(1.32099788462506,-0.0475339278663623,0.04217434313343));
#3495=CARTESIAN_POINT('',(1.320997894712,-0.04759084975277,0.0421097827105164));
#3496=CARTESIAN_POINT('',(1.32099790480493,-0.0476476401306342,0.0420451068133397));
#3497=CARTESIAN_POINT('',(1.32099791488732,-0.0477043711810443,0.0419804984814173));
#3498=CARTESIAN_POINT('',(1.32099792497568,-0.0477609709973233,0.0419157749156257));
#3499=CARTESIAN_POINT('',(1.32099793506996,-0.0478174391127687,0.0418509366509032));
#3500=CARTESIAN_POINT('',(1.32099794515361,-0.0478738478031283,0.041786166619721));
#3501=CARTESIAN_POINT('',(1.32099795524315,-0.0479301250694857,0.041721282130145));
#3502=CARTESIAN_POINT('',(1.32099796533848,-0.0479862704487847,0.0416562837173138));
#3503=CARTESIAN_POINT('',(1.32099797542312,-0.0480423563122552,0.0415913542047988));
#3504=CARTESIAN_POINT('',(1.32099798551355,-0.0480983105679036,0.0415263110096783));
#3505=CARTESIAN_POINT('',(1.32099799560969,-0.0481541327563181,0.0414611546672621));
#3506=CARTESIAN_POINT('',(1.32099800569505,-0.0482098953450258,0.0413960678903541));
#3507=CARTESIAN_POINT('',(1.32099801578612,-0.048265526148127,0.0413308682068825));
#3508=CARTESIAN_POINT('',(1.32099802588278,-0.048321024709851,0.0412655561522983));
#3509=CARTESIAN_POINT('',(1.32099803596859,-0.0483764635948202,0.0412003143267677));
#3510=CARTESIAN_POINT('',(1.32099804606001,-0.0484317705224168,0.0411349603709096));
#3511=CARTESIAN_POINT('',(1.32099805615695,-0.0484869450405082,0.0410694948202866));
#3512=CARTESIAN_POINT('',(1.32099806624295,-0.0485420598116011,0.0410041001605439));
#3513=CARTESIAN_POINT('',(1.32099807633446,-0.0485970424595556,0.0409385941468443));
#3514=CARTESIAN_POINT('',(1.3209980864314,-0.0486518925358741,0.0408729773148334));
#3515=CARTESIAN_POINT('',(1.32099809651732,-0.048706682801728,0.0408074320337386));
#3516=CARTESIAN_POINT('',(1.32099810660866,-0.04876134078466,0.0407417761751339));
#3517=CARTESIAN_POINT('',(1.32099811670533,-0.0488158660398037,0.0406760102747186));
#3518=CARTESIAN_POINT('',(1.32099812679091,-0.0488703314277576,0.0406103165834038));
#3519=CARTESIAN_POINT('',(1.32099813688182,-0.0489246643789699,0.040544513091044));
#3520=CARTESIAN_POINT('',(1.32099814697796,-0.0489788644522006,0.0404786003333631));
#3521=CARTESIAN_POINT('',(1.32099815707093,-0.0490330475016576,0.0404127082783087));
#3522=CARTESIAN_POINT('',(1.32099816716913,-0.049087097756329,0.0403467070258125));
#3523=CARTESIAN_POINT('',(1.32099817727249,-0.0491410147775567,0.0402805971128684));
#3524=CARTESIAN_POINT('',(1.3209981873566,-0.0491948291079933,0.0402146131133948));
#3525=CARTESIAN_POINT('',(1.32099819744584,-0.0492485107117499,0.0401485208662435));
#3526=CARTESIAN_POINT('',(1.32099820754014,-0.04930205915483,0.0400823209071018));
#3527=CARTESIAN_POINT('',(1.32099821762313,-0.0493555476006674,0.0400161951203317));
#3528=CARTESIAN_POINT('',(1.32099822771116,-0.0494089031837806,0.0399499618620565));
#3529=CARTESIAN_POINT('',(1.32099823780414,-0.049462125473786,0.039883621667902));
#3530=CARTESIAN_POINT('',(1.32099824788574,-0.0495152877364828,0.0398173562962195));
#3531=CARTESIAN_POINT('',(1.32099825797229,-0.0495683170062933,0.039750984228993));
#3532=CARTESIAN_POINT('',(1.3209982680637,-0.0496212128564413,0.0396845060017589));
#3533=CARTESIAN_POINT('',(1.32099827814366,-0.0496740486557971,0.0396181032449107));
#3534=CARTESIAN_POINT('',(1.32099828822847,-0.0497267513379646,0.0395515945682116));
#3535=CARTESIAN_POINT('',(1.32099829831805,-0.0497793204797695,0.039484980507081));
#3536=CARTESIAN_POINT('',(1.32099830839611,-0.0498318295538395,0.0394184425620068));
#3537=CARTESIAN_POINT('',(1.32099831847892,-0.0498842053922573,0.0393517994724515));
#3538=CARTESIAN_POINT('',(1.32099832856643,-0.0499364475754445,0.0392850517736894));
#3539=CARTESIAN_POINT('',(1.32099833864978,-0.049988668254299,0.0392183315501327));
#3540=CARTESIAN_POINT('',(1.3209983487378,-0.0500407553876327,0.0391515068027251));
#3541=CARTESIAN_POINT('',(1.32099835883043,-0.0500927085585345,0.0390845780677562));
#3542=CARTESIAN_POINT('',(1.32099836890445,-0.0501445659767466,0.039017772686305));
#3543=CARTESIAN_POINT('',(1.32099837898305,-0.0501962899255671,0.0389508636995045));
#3544=CARTESIAN_POINT('',(1.32099838906615,-0.0502478799925283,0.0388838516423415));
#3545=CARTESIAN_POINT('',(1.32099839913697,-0.0502994072408322,0.0388169211824258));
#3546=CARTESIAN_POINT('',(1.32099840921229,-0.0503508009328093,0.0387498879022581));
#3547=CARTESIAN_POINT('',(1.32099841929201,-0.0504020606596336,0.0386827523365123));
#3548=CARTESIAN_POINT('',(1.32099842936635,-0.0504532930094366,0.0386156526268261));
#3549=CARTESIAN_POINT('',(1.32099843944509,-0.0505043915368279,0.0385484507400465));
#3550=CARTESIAN_POINT('',(1.32099844952815,-0.0505553558357749,0.0384811472116176));
#3551=CARTESIAN_POINT('',(1.32099845959444,-0.0506062353364403,0.0384139556679246));
#3552=CARTESIAN_POINT('',(1.32099846966504,-0.050656981054645,0.0383466628197963));
#3553=CARTESIAN_POINT('',(1.32099847973987,-0.050707592588512,0.0382792692016172));
#3554=CARTESIAN_POINT('',(1.32099848980119,-0.0507581363021296,0.0382119658919439));
#3555=CARTESIAN_POINT('',(1.32099849986674,-0.0508085461904575,0.0381445620813643));
#3556=CARTESIAN_POINT('',(1.32099850993642,-0.0508588218553582,0.0380770583037081));
#3557=CARTESIAN_POINT('',(1.3209985199995,-0.0509090645248622,0.0380095988280801));
#3558=CARTESIAN_POINT('',(1.3209985300667,-0.0509591731467246,0.0379420395158057));
#3559=CARTESIAN_POINT('',(1.32099854013796,-0.051009147325718,0.0378743809012421));
#3560=CARTESIAN_POINT('',(1.32099855019428,-0.0510590473221692,0.0378068227203049));
#3561=CARTESIAN_POINT('',(1.32099856025463,-0.0511088132742523,0.0377391655309313));
#3562=CARTESIAN_POINT('',(1.32099857031894,-0.0511584447906186,0.0376714098666633));
#3563=CARTESIAN_POINT('',(1.32099858036854,-0.0512080037401263,0.0376037532687964));
#3564=CARTESIAN_POINT('',(1.32099859042209,-0.0512574286464035,0.0375359984830487));
#3565=CARTESIAN_POINT('',(1.32099860047951,-0.05130671912193,0.0374681460421682));
#3566=CARTESIAN_POINT('',(1.32099861052911,-0.0513559712375867,0.0374003464068405));
#3567=CARTESIAN_POINT('',(1.32099862058257,-0.0514050891312974,0.0373324492675808));
#3568=CARTESIAN_POINT('',(1.32099863063982,-0.0514540724185599,0.0372644551574239));
#3569=CARTESIAN_POINT('',(1.32099864068394,-0.0515029917983563,0.0371965497577544));
#3570=CARTESIAN_POINT('',(1.32099865073185,-0.0515517769223529,0.037128547639317));
#3571=CARTESIAN_POINT('',(1.32099866078345,-0.0516004274096597,0.037060449334576));
#3572=CARTESIAN_POINT('',(1.32099867081913,-0.0516490008376006,0.0369924588933421));
#3573=CARTESIAN_POINT('',(1.32099868085851,-0.0516974400546626,0.0369243725695345));
#3574=CARTESIAN_POINT('',(1.32099869090148,-0.0517457446838646,0.0368561908945871));
#3575=CARTESIAN_POINT('',(1.32099870093541,-0.0517940058419669,0.0367880705788187));
#3576=CARTESIAN_POINT('',(1.32099871097295,-0.0518421326539713,0.0367198550827186));
#3577=CARTESIAN_POINT('',(1.32099872101402,-0.0518901247460134,0.0366515449377691));
#3578=CARTESIAN_POINT('',(1.32099873104379,-0.0519380628633426,0.0365833116184029));
#3579=CARTESIAN_POINT('',(1.32099874107708,-0.0519858665631911,0.036514983862229));
#3580=CARTESIAN_POINT('',(1.3209987511138,-0.0520335354750508,0.0364465622004049));
#3581=CARTESIAN_POINT('',(1.32099876113341,-0.0520811230880178,0.0363782572310984));
#3582=CARTESIAN_POINT('',(1.32099877115645,-0.0521285763719828,0.036309858675448));
#3583=CARTESIAN_POINT('',(1.32099878118283,-0.0521758949604182,0.036241367063347));
#3584=CARTESIAN_POINT('',(1.32099879119897,-0.0522231652188731,0.0361729454068046));
#3585=CARTESIAN_POINT('',(1.32099880121846,-0.0522703010564206,0.0361044308830753));
#3586=CARTESIAN_POINT('',(1.32099881124121,-0.05231730210974,0.036035824021865));
#3587=CARTESIAN_POINT('',(1.32099882125449,-0.052364258777445,0.0359672819497921));
#3588=CARTESIAN_POINT('',(1.32099883127104,-0.0524110809149773,0.0358986477138248));
#3589=CARTESIAN_POINT('',(1.32099884129076,-0.0524577681621267,0.0358299218435904));
#3590=CARTESIAN_POINT('',(1.32099885129218,-0.052504370122489,0.0357613215196031));
#3591=CARTESIAN_POINT('',(1.32099886129678,-0.0525508376844484,0.0356926298951054));
#3592=CARTESIAN_POINT('',(1.32099887130446,-0.0525971704918393,0.0356238474982301));
#3593=CARTESIAN_POINT('',(1.3209988813007,-0.0526434503615935,0.0355551436888126));
#3594=CARTESIAN_POINT('',(1.32099889130004,-0.0526895957841286,0.0354863493135978));
#3595=CARTESIAN_POINT('',(1.32099890130239,-0.0527356064065678,0.0354174649002987));
#3596=CARTESIAN_POINT('',(1.32099891129709,-0.0527815818878264,0.03534863309832));
#3597=CARTESIAN_POINT('',(1.3209989212948,-0.052827422774412,0.0352797113950147));
#3598=CARTESIAN_POINT('',(1.32099893129544,-0.0528731287163227,0.0352107003182622));
#3599=CARTESIAN_POINT('',(1.3209989412766,-0.0529187456336153,0.0351418236591476));
#3600=CARTESIAN_POINT('',(1.32099895126068,-0.0529642281309903,0.0350728579736827));
#3601=CARTESIAN_POINT('',(1.32099896124759,-0.0530095758625452,0.0350038037880256));
#3602=CARTESIAN_POINT('',(1.32099897122189,-0.0530548662986848,0.0349348368501341));
#3603=CARTESIAN_POINT('',(1.32099898119903,-0.0531000223098636,0.0348657816354406));
#3604=CARTESIAN_POINT('',(1.32099899117892,-0.0531450435506971,0.0347966386676018));
#3605=CARTESIAN_POINT('',(1.32099900115299,-0.0531900385494278,0.0347275360020036));
#3606=CARTESIAN_POINT('',(1.32099901112982,-0.0532348989382423,0.0346583456872771));
#3607=CARTESIAN_POINT('',(1.32099902110933,-0.0532796243744077,0.0345890682474914));
#3608=CARTESIAN_POINT('',(1.32099903107201,-0.0533242743955433,0.0345199076217747));
#3609=CARTESIAN_POINT('',(1.32099904103736,-0.05336878991927,0.0344506601644656));
#3610=CARTESIAN_POINT('',(1.3209990510053,-0.0534131706094591,0.0343813264001427));
#3611=CARTESIAN_POINT('',(1.32099906096036,-0.0534574939255471,0.0343120822685495));
#3612=CARTESIAN_POINT('',(1.32099907091801,-0.0535016827560553,0.0342427520522332));
#3613=CARTESIAN_POINT('',(1.32099908087817,-0.0535457367681956,0.0341733362750399));
#3614=CARTESIAN_POINT('',(1.32099909082833,-0.05358974657416,0.0341039901533878));
#3615=CARTESIAN_POINT('',(1.320999100781,-0.0536336218316762,0.0340345586417254));
#3616=CARTESIAN_POINT('',(1.32099911073611,-0.0536773622112106,0.0339650422637465));
#3617=CARTESIAN_POINT('',(1.32099912067128,-0.0537210150206783,0.0338956650604599));
#3618=CARTESIAN_POINT('',(1.32099913060888,-0.053764533490951,0.0338262033294345));
#3619=CARTESIAN_POINT('',(1.32099914054882,-0.053807917296497,0.0337566575924943));
#3620=CARTESIAN_POINT('',(1.32099915047487,-0.0538512404220513,0.0336872091276744));
#3621=CARTESIAN_POINT('',(1.32099916040325,-0.0538944292587989,0.0336176768910157));
#3622=CARTESIAN_POINT('',(1.3209991703339,-0.053937483484372,0.0335480614032716));
#3623=CARTESIAN_POINT('',(1.32099918025746,-0.0539805069446664,0.0334784956606999));
#3624=CARTESIAN_POINT('',(1.32099919018328,-0.0540233959856415,0.0334088467852704));
#3625=CARTESIAN_POINT('',(1.32099920011129,-0.0540661502876355,0.0333391152978622));
#3626=CARTESIAN_POINT('',(1.32099921002191,-0.0541088296985992,0.0332695059563597));
#3627=CARTESIAN_POINT('',(1.32099921993471,-0.0541513748417431,0.0331998142913363));
#3628=CARTESIAN_POINT('',(1.32099922984963,-0.0541937854010916,0.0331300408221645));
#3629=CARTESIAN_POINT('',(1.32099923975595,-0.0542361592161176,0.0330603278044203));
#3630=CARTESIAN_POINT('',(1.32099924966437,-0.054278398679988,0.0329905331235122));
#3631=CARTESIAN_POINT('',(1.32099925957483,-0.0543205034795512,0.0329206572986762));
#3632=CARTESIAN_POINT('',(1.32099926946874,-0.0543625379762437,0.0328508981463128));
#3633=CARTESIAN_POINT('',(1.32099927936468,-0.0544044382574864,0.0327810581200688));
#3634=CARTESIAN_POINT('',(1.32099928926257,-0.0544462040136909,0.0327111377377812));
#3635=CARTESIAN_POINT('',(1.32099929914646,-0.0544879106955343,0.0326413162523483));
#3636=CARTESIAN_POINT('',(1.32099930903229,-0.0545294832321467,0.0325714146373273));
#3637=CARTESIAN_POINT('',(1.32099931891999,-0.0545709213172416,0.0325014334095441));
#3638=CARTESIAN_POINT('',(1.32099932879794,-0.0546123185230844,0.0324315212192238));
#3639=CARTESIAN_POINT('',(1.32099933867777,-0.054653581540841,0.03236152957172));
#3640=CARTESIAN_POINT('',(1.32099934855939,-0.0546947100708244,0.0322914589856777));
#3641=CARTESIAN_POINT('',(1.32099935842204,-0.0547357596731377,0.0322215228685334));
#3642=CARTESIAN_POINT('',(1.32099936828649,-0.0547766752979467,0.0321515081119463));
#3643=CARTESIAN_POINT('',(1.32099937815265,-0.0548174566492783,0.0320814152327445));
#3644=CARTESIAN_POINT('',(1.32099938800861,-0.054858195848732,0.0320113948020122));
#3645=CARTESIAN_POINT('',(1.32099939786628,-0.0548988010504173,0.0319412964086635));
#3646=CARTESIAN_POINT('',(1.32099940772561,-0.0549392719575589,0.0318711205669006));
#3647=CARTESIAN_POINT('',(1.32099941757082,-0.0549796849287374,0.0318010451850796));
#3648=CARTESIAN_POINT('',(1.32099942741765,-0.0550199639891027,0.031730892575739));
#3649=CARTESIAN_POINT('',(1.32099943726606,-0.0550601088451171,0.0316606632520035));
#3650=CARTESIAN_POINT('',(1.32099944709756,-0.0551001847938912,0.0315905544744443));
#3651=CARTESIAN_POINT('',(1.32099945693063,-0.0551401269999494,0.0315203692459604));
#3652=CARTESIAN_POINT('',(1.32099946676518,-0.0551799351677819,0.0314501080750711));
#3653=CARTESIAN_POINT('',(1.32099947659129,-0.0552197092195346,0.0313799071188524));
#3654=CARTESIAN_POINT('',(1.32099948641891,-0.0552593494694476,0.0313096303537579));
#3655=CARTESIAN_POINT('',(1.32099949624793,-0.0552988556247131,0.0312392782880958));
#3656=CARTESIAN_POINT('',(1.32099950605859,-0.0553382880034151,0.0311690576028125));
#3657=CARTESIAN_POINT('',(1.32099951587068,-0.0553775867891364,0.0310987618982834));
#3658=CARTESIAN_POINT('',(1.32099952568408,-0.0554167516980539,0.0310283916841217));
#3659=CARTESIAN_POINT('',(1.32099953548463,-0.0554558653260457,0.0309581136098328));
#3660=CARTESIAN_POINT('',(1.32099954528654,-0.0554948454270794,0.0308877612202246));
#3661=CARTESIAN_POINT('',(1.3209995550897,-0.0555336917203817,0.0308173350239831));
#3662=CARTESIAN_POINT('',(1.32099956488117,-0.0555724916858913,0.0307469928174857));
#3663=CARTESIAN_POINT('',(1.3209995746739,-0.0556111581621212,0.0306765769796165));
#3664=CARTESIAN_POINT('',(1.32099958446782,-0.0556496908712326,0.0306060880183037));
#3665=CARTESIAN_POINT('',(1.32099959424322,-0.0556881507017737,0.0305357323757959));
#3666=CARTESIAN_POINT('',(1.3209996040198,-0.0557264772701984,0.0304653038855131));
#3667=CARTESIAN_POINT('',(1.3209996137975,-0.0557646703021644,0.0303948030535525));
#3668=CARTESIAN_POINT('',(1.32099962356536,-0.0558028249218311,0.0303243731271715));
#3669=CARTESIAN_POINT('',(1.32099963333433,-0.0558408462729868,0.0302538710038826));
#3670=CARTESIAN_POINT('',(1.32099964310435,-0.0558787340840319,0.0301832971892902));
#3671=CARTESIAN_POINT('',(1.32099965285838,-0.0559165598792097,0.0301128388919633));
#3672=CARTESIAN_POINT('',(1.32099966261345,-0.0559542525705574,0.0300423091371663));
#3673=CARTESIAN_POINT('',(1.32099967236948,-0.0559918118897161,0.0299717084290442));
#3674=CARTESIAN_POINT('',(1.32099968210981,-0.056029310728511,0.0299012214065961));
#3675=CARTESIAN_POINT('',(1.3209996918511,-0.0560666766237686,0.0298306636584814));
#3676=CARTESIAN_POINT('',(1.3209997015933,-0.0561039093103252,0.0297600356874195));
#3677=CARTESIAN_POINT('',(1.32099971132591,-0.0561411053534842,0.0296894772264863));
#3678=CARTESIAN_POINT('',(1.3209997210594,-0.0561781684494788,0.0296188486800989));
#3679=CARTESIAN_POINT('',(1.32099973079373,-0.0562150983358224,0.0295481505504875));
#3680=CARTESIAN_POINT('',(1.32099974050864,-0.056251954578289,0.0294775934038273));
#3681=CARTESIAN_POINT('',(1.32099975022438,-0.0562886781413178,0.0294069669505273));
#3682=CARTESIAN_POINT('',(1.32099975994087,-0.0563252687658765,0.0293362716907996));
#3683=CARTESIAN_POINT('',(1.32099976964568,-0.0563618153936174,0.0292656614355369));
#3684=CARTESIAN_POINT('',(1.32099977935124,-0.0563982294018448,0.0291949825385573));
#3685=CARTESIAN_POINT('',(1.32099978905749,-0.0564345105343389,0.0291242354992383));
#3686=CARTESIAN_POINT('',(1.32099979875018,-0.0564707409912563,0.0290535872756608));
#3687=CARTESIAN_POINT('',(1.32099980844355,-0.0565068389428223,0.0289828710993131));
#3688=CARTESIAN_POINT('',(1.32099981813754,-0.0565428041357617,0.0289120874684377));
#3689=CARTESIAN_POINT('',(1.32099982781348,-0.0565787023706886,0.0288414356186222));
#3690=CARTESIAN_POINT('',(1.32099983749003,-0.0566144683403036,0.0287707165645617));
#3691=CARTESIAN_POINT('',(1.32099984716712,-0.0566501017946077,0.0286999308026632));
#3692=CARTESIAN_POINT('',(1.32099985683477,-0.0566857004706648,0.0286292141276596));
#3693=CARTESIAN_POINT('',(1.32099986650297,-0.0567211668893997,0.0285584308743204));
#3694=CARTESIAN_POINT('',(1.32099987617163,-0.0567565008034015,0.0284875815385304));
#3695=CARTESIAN_POINT('',(1.32099988582251,-0.0567917696964582,0.0284168625786387));
#3696=CARTESIAN_POINT('',(1.32099989547386,-0.0568269065714421,0.0283460777786365));
#3697=CARTESIAN_POINT('',(1.32099990512562,-0.0568619111841556,0.0282752276325932));
#3698=CARTESIAN_POINT('',(1.32099991476784,-0.0568968812105204,0.0282044474901199));
#3699=CARTESIAN_POINT('',(1.32099992441046,-0.0569317192352868,0.0281336021300303));
#3700=CARTESIAN_POINT('',(1.32099993405343,-0.0569664250168244,0.0280626920458367));
#3701=CARTESIAN_POINT('',(1.32099994368187,-0.0570010785111081,0.0279918887938021));
#3702=CARTESIAN_POINT('',(1.32099995331064,-0.0570356001597684,0.0279210210119027));
#3703=CARTESIAN_POINT('',(1.32099996293968,-0.0570699897241025,0.0278500891923176));
#3704=CARTESIAN_POINT('',(1.32099997254764,-0.0571043039652181,0.0277793127341931));
#3705=CARTESIAN_POINT('',(1.32099998215586,-0.0571384866994114,0.0277084725179636));
#3706=CARTESIAN_POINT('',(1.32099999176429,-0.0571725376913707,0.0276375690334613));
#3707=CARTESIAN_POINT('',(1.32100000136466,-0.0572065601242321,0.0275667250168169));
#3708=CARTESIAN_POINT('',(1.32100001096523,-0.0572404510351815,0.0274958178373509));
#3709=CARTESIAN_POINT('',(1.32100002056594,-0.0572742101913184,0.0274248479845327));
#3710=CARTESIAN_POINT('',(1.32100002850168,-0.0573021147857544,0.0273661858262712));
#3711=CARTESIAN_POINT('',(1.32100003643751,-0.0573299293606686,0.0273074808471027));
#3712=CARTESIAN_POINT('',(1.3210000443734,-0.0573576537856234,0.0272487333240617));
#3713=CARTESIAN_POINT('',(1.32100005022674,-0.0573781027224077,0.0272054024204681));
#3714=CARTESIAN_POINT('',(1.32100005608012,-0.05739849807562,0.0271620462415913));
#3715=CARTESIAN_POINT('',(1.3210000619335,-0.057418853780519,0.027118671462054));
#3716=CARTESIAN_POINT('',(0.041978542800248,-0.012251431681637,0.0057119479050013));
#3717=CARTESIAN_POINT('',(0.041978542800248,-0.012251431681637,0.0057119479050013));
#3718=CARTESIAN_POINT('',(0.0464275011392799,-0.0134576334610414,0.00627560837644517));
#3719=CARTESIAN_POINT('',(0.0508728968001544,-0.0146747106406492,0.00684433916940514));
#3720=CARTESIAN_POINT('',(0.0553388246377165,-0.0158291832829175,0.00738388252486614));
#3721=CARTESIAN_POINT('',(0.0598054716976024,-0.0169804567226544,0.00792193426170619));
#3722=CARTESIAN_POINT('',(0.0864933813300087,-0.0238592365120455,0.0111367564623018));
#3723=CARTESIAN_POINT('',(0.113423687307655,-0.0299636928591652,0.0139905710895488));
#3724=CARTESIAN_POINT('',(0.140553073873957,-0.0352973624944454,0.0164850156703305));
#3725=CARTESIAN_POINT('',(0.167838225272329,-0.0398637821483177,0.0186217277315301));
#3726=CARTESIAN_POINT('',(0.168881794877302,-0.0400384330668614,0.0187034501207186));
#3727=CARTESIAN_POINT('',(0.169925578029325,-0.0402120466939268,0.0187846888705575));
#3728=CARTESIAN_POINT('',(0.170969647598063,-0.0403842374789189,0.0188652642155118));
#3729=CARTESIAN_POINT('',(0.172014076453177,-0.0405546198712432,0.0189449963900463));
#3730=CARTESIAN_POINT('',(0.19276250018695,-0.0439394038662533,0.0205289405087457));
#3731=CARTESIAN_POINT('',(0.213593067232296,-0.046916503015332,0.0219228002225377));
#3732=CARTESIAN_POINT('',(0.234505320089724,-0.0493778315979258,0.0230761742130721));
#3733=CARTESIAN_POINT('',(0.255465119575773,-0.0514323088524968,0.0240398431475557));
#3734=CARTESIAN_POINT('',(0.255606665582669,-0.0514461831766207,0.0240463510098917));
#3735=CARTESIAN_POINT('',(0.255748223305302,-0.0514599596465571,0.0240528132452329));
#3736=CARTESIAN_POINT('',(0.255889790732315,-0.0514736541456273,0.0240592372595508));
#3737=CARTESIAN_POINT('',(0.256031365852349,-0.0514872825571527,0.0240656304588171));
#3738=CARTESIAN_POINT('',(0.266377791008284,-0.052483257978605,0.024532850671662));
#3739=CARTESIAN_POINT('',(0.276734991718805,-0.0533896100565438,0.024958281741548));
#3740=CARTESIAN_POINT('',(0.287106092884143,-0.0541542754354164,0.0253176469715432));
#3741=CARTESIAN_POINT('',(0.297483941874792,-0.0548308282851554,0.0256359264770036));
#3742=CARTESIAN_POINT('',(0.297643926384895,-0.0548412579971624,0.0256408330612874));
#3743=CARTESIAN_POINT('',(0.297803919761768,-0.0548515765466702,0.0256456878120418));
#3744=CARTESIAN_POINT('',(0.297963920454763,-0.0548618018048932,0.0256504990623314));
#3745=CARTESIAN_POINT('',(0.298123926913234,-0.0548719516430459,0.0256552751452207));
#3746=CARTESIAN_POINT('',(0.30325581792969,-0.0551974876478559,0.0258084585673622));
#3747=CARTESIAN_POINT('',(0.308389530622388,-0.055499769367555,0.0259507988303892));
#3748=CARTESIAN_POINT('',(0.31352502462983,-0.0557758532258927,0.0260809233093432));
#3749=CARTESIAN_POINT('',(0.318662259590514,-0.0560227956466182,0.0261974593792657));
#3750=CARTESIAN_POINT('',(0.332981844633191,-0.0567111256570782,0.0265222932980109));
#3751=CARTESIAN_POINT('',(0.347313741780552,-0.0572047729283362,0.0267563484710529));
#3752=CARTESIAN_POINT('',(0.361652614276501,-0.0574400484755168,0.0268699247222308));
#3753=CARTESIAN_POINT('',(0.375992214166541,-0.0575069553444877,0.0269049894762641));
#3754=CARTESIAN_POINT('',(0.376140422398923,-0.057507646866487,0.0269053518912027));
#3755=CARTESIAN_POINT('',(0.376288631709909,-0.0575081298532408,0.0269056170647428));
#3756=CARTESIAN_POINT('',(0.376436841363337,-0.0575085437223016,0.0269058500082298));
#3757=CARTESIAN_POINT('',(0.376585050623048,-0.0575090278912216,0.026906115733009));
#3758=CARTESIAN_POINT('',(0.377658735076802,-0.0575125353957011,0.0269080407447457));
#3759=CARTESIAN_POINT('',(0.378732424409842,-0.0575148349314517,0.0269094024720861));
#3760=CARTESIAN_POINT('',(0.37980611621587,-0.0575159556036367,0.0269102144863385));
#3761=CARTESIAN_POINT('',(0.380879808088587,-0.0575159265174192,0.026910490358811));
#3762=CARTESIAN_POINT('',(0.380910132842224,-0.0575159256959243,0.026910498150399));
#3763=CARTESIAN_POINT('',(0.380940457595984,-0.0575159228499364,0.0269105049977531));
#3764=CARTESIAN_POINT('',(0.380970782349781,-0.057515919245368,0.0269105114914784));
#3765=CARTESIAN_POINT('',(0.381001107103524,-0.0575159161481319,0.02691051822218));
#3766=CARTESIAN_POINT('',(0.382334372232465,-0.0575157799743314,0.0269108141457615));
#3767=CARTESIAN_POINT('',(0.383667637361403,-0.0575156418039522,0.0269111091536861));
#3768=CARTESIAN_POINT('',(0.385000902490341,-0.057515503134751,0.026911403933084));
#3769=CARTESIAN_POINT('',(0.38633416761928,-0.0575153654644847,0.0269116991710853));
#3770=CARTESIAN_POINT('',(0.39600034066211,-0.0575143673549657,0.0269138396467844));
#3771=CARTESIAN_POINT('',(0.40566651370491,-0.0575133694213666,0.0269159803336753));
#3772=CARTESIAN_POINT('',(0.415332686747697,-0.0575123715682861,0.0269181211172308));
#3773=CARTESIAN_POINT('',(0.424998859790487,-0.0575113737003229,0.0269202618829236));
#3774=CARTESIAN_POINT('',(0.425025750439751,-0.0575113709243208,0.0269202678383911));
#3775=CARTESIAN_POINT('',(0.425052641089016,-0.0575113681474239,0.0269202737927846));
#3776=CARTESIAN_POINT('',(0.42507953173828,-0.0575113653702967,0.0269202797469014));
#3777=CARTESIAN_POINT('',(0.425106422387545,-0.0575113625936032,0.026920285701539));
#3778=CARTESIAN_POINT('',(0.649079832274034,-0.0574882353905046,0.026969882141896));
#3779=CARTESIAN_POINT('',(0.873053242160522,-0.0574651081871763,0.0270194785819487));
#3780=CARTESIAN_POINT('',(1.09702665204701,-0.0574419809837904,0.0270690750219254));
#3781=CARTESIAN_POINT('',(1.3210000619335,-0.057418853780519,0.027118671462054));
#3782=CARTESIAN_POINT('',(0.04197854269056,0.012251053242816,-0.0057127594695528));
#3783=CARTESIAN_POINT('',(0.041978542800248,-0.012251431681637,0.0057119479050013));
#3784=CARTESIAN_POINT('',(0.0419785331938119,-0.0122181871456502,0.00578320946323167));
#3785=CARTESIAN_POINT('',(0.0419785235873623,-0.012184365638992,0.00585420209087693));
#3786=CARTESIAN_POINT('',(0.0419785139823641,-0.0121499048992403,0.00592488353306789));
#3787=CARTESIAN_POINT('',(0.0419785043312718,-0.0121152787835365,0.00599590417316579));
#3788=CARTESIAN_POINT('',(0.0419784946816437,-0.0120800299537831,0.00606662121298574));
#3789=CARTESIAN_POINT('',(0.0419784850349643,-0.0120441638140707,0.00613702376429506));
#3790=CARTESIAN_POINT('',(0.041978475317643,-0.0120080350292581,0.00620794186830387));
#3791=CARTESIAN_POINT('',(0.0419784656033127,-0.0119712798723719,0.00627854087507541));
#3792=CARTESIAN_POINT('',(0.0419784558934901,-0.0119339040625805,0.0063488097544661));
#3793=CARTESIAN_POINT('',(0.0419784461195598,-0.0118962814843092,0.00641954257416058));
#3794=CARTESIAN_POINT('',(0.0419784363501958,-0.0118580300421794,0.00648994090723997));
#3795=CARTESIAN_POINT('',(0.0419784265869436,-0.0118191557683116,0.00655999360889503));
#3796=CARTESIAN_POINT('',(0.0419784167577235,-0.0117800188306665,0.00663051963919131));
#3797=CARTESIAN_POINT('',(0.041978406934697,-0.0117402506273998,0.00670069536624537));
#3798=CARTESIAN_POINT('',(0.041978397119439,-0.011699857516126,0.00677050952956119));
#3799=CARTESIAN_POINT('',(0.041978387239175,-0.0116591968834212,0.0068407860683735));
#3800=CARTESIAN_POINT('',(0.0419783773667819,-0.0116179030485891,0.00691069625327244));
#3801=CARTESIAN_POINT('',(0.0419783675038633,-0.0115759827021344,0.00698022871700596));
#3802=CARTESIAN_POINT('',(0.0419783575800047,-0.011533803342556,0.00705019080077254));
#3803=CARTESIAN_POINT('',(0.0419783476657373,-0.0114909897156502,0.00711977049644341));
#3804=CARTESIAN_POINT('',(0.0419783377626916,-0.0114475488453868,0.00718895634998718));
#3805=CARTESIAN_POINT('',(0.0419783278018906,-0.0114038546244959,0.00725854570095878));
#3806=CARTESIAN_POINT('',(0.0419783178524415,-0.0113595258324356,0.00732773661792452));
#3807=CARTESIAN_POINT('',(0.0419783079160001,-0.011314569828049,0.0073965175773391));
#3808=CARTESIAN_POINT('',(0.0419782979167683,-0.0112693297378084,0.00746573317719508));
#3809=CARTESIAN_POINT('',(0.041978287930708,-0.0112234544924616,0.00753453363743903));
#3810=CARTESIAN_POINT('',(0.0419782779595021,-0.0111769518053829,0.00760290735405161));
#3811=CARTESIAN_POINT('',(0.0419782679289016,-0.0111301721198614,0.00767168834633392));
#3812=CARTESIAN_POINT('',(0.0419782579133317,-0.0110827575041689,0.00774003751162598));
#3813=CARTESIAN_POINT('',(0.0419782479145007,-0.0110347160269732,0.00780794318404234));
#3814=CARTESIAN_POINT('',(0.041978237863105,-0.010986421991861,0.00787620584205015));
#3815=CARTESIAN_POINT('',(0.0419782278286233,-0.0109374944951377,0.00794402034778405));
#3816=CARTESIAN_POINT('',(0.0419782178127851,-0.0108879419518497,0.00801137500434255));
#3817=CARTESIAN_POINT('',(0.0419782077375072,-0.0108380953352937,0.00807912938213927));
#3818=CARTESIAN_POINT('',(0.0419781976810933,-0.0107876162389516,0.00814641845247606));
#3819=CARTESIAN_POINT('',(0.0419781876452975,-0.0107365134492747,0.00821323047071177));
#3820=CARTESIAN_POINT('',(0.0419781775599331,-0.0106851582535956,0.00828037248569581));
#3821=CARTESIAN_POINT('',(0.0419781674953895,-0.0106331731952592,0.00834703274044022));
#3822=CARTESIAN_POINT('',(0.0419781574534397,-0.0105805674136378,0.00841319948465681));
#3823=CARTESIAN_POINT('',(0.0419781473500512,-0.0105276397795409,0.00847977104997403));
#3824=CARTESIAN_POINT('',(0.0419781372695323,-0.010474083809809,0.00854584306352391));
#3825=CARTESIAN_POINT('',(0.0419781272136804,-0.010419909036735,0.00861140373560106));
#3826=CARTESIAN_POINT('',(0.0419781171139855,-0.0103654980643785,0.00867725024890684));
#3827=CARTESIAN_POINT('',(0.0419781070391718,-0.0103104628867322,0.0087425809682344));
#3828=CARTESIAN_POINT('',(0.0419780969910513,-0.0102548133860962,0.00880738413410851));
#3829=CARTESIAN_POINT('',(0.0419780868928279,-0.0101988864001265,0.00887251042827489));
#3830=CARTESIAN_POINT('',(0.0419780768215631,-0.010142338954543,0.00893710391080911));
#3831=CARTESIAN_POINT('',(0.041978066779087,-0.010085181305834,0.00900115283856498));
#3832=CARTESIAN_POINT('',(0.0419780566882465,-0.0100277483875979,0.00906551022404167));
#3833=CARTESIAN_POINT('',(0.0419780466264708,-0.00996969937904077,0.00912931781296302));
#3834=CARTESIAN_POINT('',(0.0419780365956056,-0.00991104491177029,0.00919256389294374));
#3835=CARTESIAN_POINT('',(0.0419780265181663,-0.00985211810696559,0.0092561036296956));
#3836=CARTESIAN_POINT('',(0.0419780164719238,-0.00979258021173724,0.00931907664702522));
#3837=CARTESIAN_POINT('',(0.0419780064587378,-0.00973244223296879,0.00938147127805965));
#3838=CARTESIAN_POINT('',(0.0419779964008159,-0.00967203557530296,0.00944414467005365));
#3839=CARTESIAN_POINT('',(0.0419779863762452,-0.00961102346318141,0.00950623451185498));
#3840=CARTESIAN_POINT('',(0.0419779763868983,-0.00954941727811604,0.00956772919713311));
#3841=CARTESIAN_POINT('',(0.0419779663546979,-0.00948754680775614,0.00962948768938117));
#3842=CARTESIAN_POINT('',(0.0419779563580227,-0.00942507715885129,0.00969064592342478));
#3843=CARTESIAN_POINT('',(0.041977946398756,-0.00936202008606465,0.00975119236874033));
#3844=CARTESIAN_POINT('',(0.041977936398559,-0.0092987038626315,0.00981198764657783));
#3845=CARTESIAN_POINT('',(0.0419779264360771,-0.00923479537872057,0.00987216611214208));
#3846=CARTESIAN_POINT('',(0.0419779165132028,-0.00917030675981684,0.00993171632616861));
#3847=CARTESIAN_POINT('',(0.0419779065513577,-0.00910556486969852,0.00999150041642467));
#3848=CARTESIAN_POINT('',(0.0419778966294304,-0.00904023827982161,0.0100506513258816));
#3849=CARTESIAN_POINT('',(0.0419778867493206,-0.00897433948329195,0.0101091577221251));
#3850=CARTESIAN_POINT('',(0.0419778768322315,-0.0089081940410748,0.0101678830958171));
#3851=CARTESIAN_POINT('',(0.0419778669572719,-0.00884147210119667,0.0102259591376307));
#3852=CARTESIAN_POINT('',(0.0419778571263468,-0.00877418652029573,0.0102833746376799));
#3853=CARTESIAN_POINT('',(0.0419778472447934,-0.00870655442556468,0.0103410858216566));
#3854=CARTESIAN_POINT('',(0.0419778374077273,-0.00863835286902789,0.0103981296575028));
#3855=CARTESIAN_POINT('',(0.0419778276170663,-0.00856959512912673,0.0104544950209735));
#3856=CARTESIAN_POINT('',(0.0419778178089617,-0.00850071488626632,0.010510960808394));
#3857=CARTESIAN_POINT('',(0.0419778080474252,-0.00843127647539992,0.0105667457180172));
#3858=CARTESIAN_POINT('',(0.0419777983343669,-0.00836129346491305,0.0106218388323835));
#3859=CARTESIAN_POINT('',(0.0419777885851582,-0.00829104998939766,0.0106771369940821));
#3860=CARTESIAN_POINT('',(0.0419777788847871,-0.00822025785114551,0.0107317382153539));
#3861=CARTESIAN_POINT('',(0.0419777692351656,-0.00814893098710623,0.0107856317308078));
#3862=CARTESIAN_POINT('',(0.0419777595518914,-0.00807735537323652,0.0108397131979263));
#3863=CARTESIAN_POINT('',(0.0419777499197192,-0.00800524129500174,0.0108930820279702));
#3864=CARTESIAN_POINT('',(0.0419777403405606,-0.0079326030496911,0.0109457276251908));
#3865=CARTESIAN_POINT('',(0.0419777307294363,-0.00785972241050415,0.0109985489008068));
#3866=CARTESIAN_POINT('',(0.0419777211716786,-0.00778631409700271,0.0110506421217467));
#3867=CARTESIAN_POINT('',(0.0419777116691962,-0.00771239276125996,0.0111019968766394));
#3868=CARTESIAN_POINT('',(0.041977702142029,-0.00763827939871007,0.0111534850367189));
#3869=CARTESIAN_POINT('',(0.0419776926704236,-0.00756365034132502,0.0112042309016917));
#3870=CARTESIAN_POINT('',(0.0419776832562815,-0.00748852056314794,0.0112542242769532));
#3871=CARTESIAN_POINT('',(0.0419776738195469,-0.00741321048590981,0.0113043376280596));
#3872=CARTESIAN_POINT('',(0.0419776644405504,-0.00733739727730712,0.0113536948854698));
#3873=CARTESIAN_POINT('',(0.041977655121184,-0.00726109622286635,0.0114022860861769));
#3874=CARTESIAN_POINT('',(0.0419776457843098,-0.00718465182521033,0.0114509685728956));
#3875=CARTESIAN_POINT('',(0.0419776365072886,-0.00710771774201634,0.0114988821334086));
#3876=CARTESIAN_POINT('',(0.0419776272919991,-0.00703030954387028,0.0115460170600358));
#3877=CARTESIAN_POINT('',(0.041977618066986,-0.00695281966842603,0.0115932017211038));
#3878=CARTESIAN_POINT('',(0.0419776089038277,-0.00687485471247051,0.0116396061857699));
#3879=CARTESIAN_POINT('',(0.0419775998044011,-0.00679643036617757,0.0116852208210014));
#3880=CARTESIAN_POINT('',(0.0419775906771007,-0.00671776578697459,0.0117309751849916));
#3881=CARTESIAN_POINT('',(0.0419775816138983,-0.00663863915732176,0.011775935166923));
#3882=CARTESIAN_POINT('',(0.0419775726166619,-0.00655906650181291,0.0118200913708241));
#3883=CARTESIAN_POINT('',(0.0419775636050681,-0.00647936686779484,0.0118643180372341));
#3884=CARTESIAN_POINT('',(0.0419775546596437,-0.00639921981782228,0.0119077384388952));
#3885=CARTESIAN_POINT('',(0.041977545782221,-0.00631864176107293,0.0119503436786816));
#3886=CARTESIAN_POINT('',(0.0419775368924407,-0.00623795153774271,0.0119930082259801));
#3887=CARTESIAN_POINT('',(0.0419775280708502,-0.00615682909957347,0.0120348553493023));
#3888=CARTESIAN_POINT('',(0.0419775193192614,-0.00607529110231611,0.0120758764504938));
#3889=CARTESIAN_POINT('',(0.0419775105572803,-0.00599365628031639,0.0121169462634232));
#3890=CARTESIAN_POINT('',(0.0419775018654662,-0.00591160490249208,0.0121571880965193));
#3891=CARTESIAN_POINT('',(0.0419774932456077,-0.00582915386019091,0.0121965936712887));
#3892=CARTESIAN_POINT('',(0.041977484625222,-0.00574669777521669,0.0122360016560874));
#3893=CARTESIAN_POINT('',(0.0419774760768006,-0.00566384196295694,0.0122745732758529));
#3894=CARTESIAN_POINT('',(0.0419774676021027,-0.00558060348291731,0.0123123005956405));
#3895=CARTESIAN_POINT('',(0.0419774591186494,-0.0054972790065682,0.0123500668927168));
#3896=CARTESIAN_POINT('',(0.0419774507090711,-0.00541357106121982,0.0123869871480867));
#3897=CARTESIAN_POINT('',(0.0419774423751029,-0.00532949691360306,0.0124230537428627));
#3898=CARTESIAN_POINT('',(0.0419774340308486,-0.00524531899852266,0.0124591648523815));
#3899=CARTESIAN_POINT('',(0.0419774257623899,-0.00516077396751792,0.0124944201986623));
#3900=CARTESIAN_POINT('',(0.0419774175714372,-0.00507587930350237,0.0125288124891092));
#3901=CARTESIAN_POINT('',(0.041977409373179,-0.00499090892289576,0.0125632354536513));
#3902=CARTESIAN_POINT('',(0.0419774012525634,-0.00490558827580057,0.012596793827277));
#3903=CARTESIAN_POINT('',(0.0419773932112739,-0.00481993503739182,0.0126294806567491));
#3904=CARTESIAN_POINT('',(0.0419773851531302,-0.00473410227277223,0.0126622359966797));
#3905=CARTESIAN_POINT('',(0.0419773771746432,-0.00464793551121739,0.0126941161393947));
#3906=CARTESIAN_POINT('',(0.0419773692774736,-0.00456145267843411,0.0127251144524547));
#3907=CARTESIAN_POINT('',(0.0419773613951906,-0.00447513286984058,0.0127560543322429));
#3908=CARTESIAN_POINT('',(0.0419773535939175,-0.00438849817035892,0.012786115707414));
#3909=CARTESIAN_POINT('',(0.0419773458752713,-0.0043015665354652,0.0128152923483137));
#3910=CARTESIAN_POINT('',(0.041977338166966,-0.00421475136635422,0.0128444299001025));
#3911=CARTESIAN_POINT('',(0.0419773305410653,-0.00412764004651613,0.0128726850893408));
#3912=CARTESIAN_POINT('',(0.0419773229991454,-0.0040402505821215,0.0129000520772527));
#3913=CARTESIAN_POINT('',(0.041977315457278,-0.0039528617265342,0.0129274188745098));
#3914=CARTESIAN_POINT('',(0.0419773079993895,-0.00386519471957681,0.0129538974845534));
#3915=CARTESIAN_POINT('',(0.0419773006270211,-0.00377726768223528,0.0129794824367683));
#3916=CARTESIAN_POINT('',(0.0419772932595888,-0.00368939951610445,0.0130050502586766));
#3917=CARTESIAN_POINT('',(0.0419772859775617,-0.00360127165679488,0.0130297256199506));
#3918=CARTESIAN_POINT('',(0.0419772787824422,-0.00351290229633044,0.0130535034304037));
#3919=CARTESIAN_POINT('',(0.0419772715936204,-0.00342461028252513,0.0130772604289578));
#3920=CARTESIAN_POINT('',(0.0419772644915538,-0.00333607717908945,0.0131001214472309));
#3921=CARTESIAN_POINT('',(0.0419772574777054,-0.0032473212298415,0.0131220817786874));
#3922=CARTESIAN_POINT('',(0.0419772504742804,-0.00315869718420633,0.0131440094740549));
#3923=CARTESIAN_POINT('',(0.0419772435588112,-0.00306985094347061,0.0131650391568899));
#3924=CARTESIAN_POINT('',(0.041977236732718,-0.00298080076168432,0.013185166511787));
#3925=CARTESIAN_POINT('',(0.0419772299206393,-0.00289193340599597,0.0132052525438515));
#3926=CARTESIAN_POINT('',(0.0419772231975633,-0.00280286294711548,0.0132244400087266));
#3927=CARTESIAN_POINT('',(0.0419772165648834,-0.00271360757254307,0.0132427248030511));
#3928=CARTESIAN_POINT('',(0.0419772099342675,-0.0026243799742811,0.0132610039071398));
#3929=CARTESIAN_POINT('',(0.0419772033939669,-0.00253496761417654,0.0132783811442835));
#3930=CARTESIAN_POINT('',(0.0419771969453364,-0.00244538873829072,0.0132948527846177));
#3931=CARTESIAN_POINT('',(0.0419771905076089,-0.00235596131908892,0.0133112965753054));
#3932=CARTESIAN_POINT('',(0.0419771841612356,-0.00226636794787419,0.0133268378863999));
#3933=CARTESIAN_POINT('',(0.0419771779075087,-0.00217662688334009,0.0133414735584343));
#3934=CARTESIAN_POINT('',(0.041977171665616,-0.00208705563970686,0.0133560815347529));
#3935=CARTESIAN_POINT('',(0.0419771655160197,-0.00199733724990927,0.0133697872920476));
#3936=CARTESIAN_POINT('',(0.0419771594599669,-0.00190748992888721,0.013382588056305));
#3937=CARTESIAN_POINT('',(0.0419771534165879,-0.00181783063448775,0.0133953620319566));
#3938=CARTESIAN_POINT('',(0.0419771474663639,-0.0017280429339632,0.0134072347707793));
#3939=CARTESIAN_POINT('',(0.0419771416104897,-0.0016381449882151,0.0134182039493565));
#3940=CARTESIAN_POINT('',(0.0419771357739027,-0.00154854313591215,0.0134291369991674));
#3941=CARTESIAN_POINT('',(0.0419771300310545,-0.00145883174137779,0.0134391723354147));
#3942=CARTESIAN_POINT('',(0.0419771243830904,-0.00136902883061198,0.0134483080200874));
#3943=CARTESIAN_POINT('',(0.0419771187467621,-0.00127941093006298,0.0134574248835996));
#3944=CARTESIAN_POINT('',(0.0419771132049299,-0.00118970187626596,0.0134656457693933));
#3945=CARTESIAN_POINT('',(0.0419771077587007,-0.00109991961215419,0.0134729690440831));
#3946=CARTESIAN_POINT('',(0.0419771023239536,-0.00101032663309133,0.0134802768793493));
#3947=CARTESIAN_POINT('',(0.0419770969844077,-0.000920660741259457,0.0134866908767146));
#3948=CARTESIAN_POINT('',(0.0419770917411245,-0.000830939795157995,0.013492209770294));
#3949=CARTESIAN_POINT('',(0.0419770865129412,-0.000741477232011119,0.0134977127702823));
#3950=CARTESIAN_POINT('',(0.0419770813804677,-0.00065195992061597,0.0135023258062507));
#3951=CARTESIAN_POINT('',(0.0419770763447189,-0.000562405587049368,0.0135060479770014));
#3952=CARTESIAN_POINT('',(0.0419770713323771,-0.000473267515478987,0.0135097528465432));
#3953=CARTESIAN_POINT('',(0.0419770664158632,-0.000384092754766003,0.0135125751043845));
#3954=CARTESIAN_POINT('',(0.0419770615961406,-0.000294898799063824,0.013514514209771));
#3955=CARTESIAN_POINT('',(0.0419770567874632,-0.00020590924768277,0.0135164488713416));
#3956=CARTESIAN_POINT('',(0.0419770520751344,-0.000116900579090585,0.0135175044137222));
#3957=CARTESIAN_POINT('',(0.0419770474600729,-2.78901745585632E-05,0.0135176806444356));
#3958=CARTESIAN_POINT('',(0.0419770428625715,6.0781551656882E-05,0.0135178562046035));
#3959=CARTESIAN_POINT('',(0.0419770383615992,0.000149455010427466,0.0135171591212168));
#3960=CARTESIAN_POINT('',(0.0419770339580268,0.000238113017845501,0.0135155895436276));
#3961=CARTESIAN_POINT('',(0.0419770295731514,0.000326394593831849,0.0135140266302794));
#3962=CARTESIAN_POINT('',(0.041977025284851,0.000414660858861284,0.0135115986048252));
#3963=CARTESIAN_POINT('',(0.0419770210939487,0.000502894853292552,0.0135083059485824));
#3964=CARTESIAN_POINT('',(0.0419770169190453,0.000590792010746229,0.013505025862193));
#3965=CARTESIAN_POINT('',(0.0419770128407977,0.00067865715263654,0.013500887722084));
#3966=CARTESIAN_POINT('',(0.0419770088599824,0.000766473525490565,0.0134958923326593));
#3967=CARTESIAN_POINT('',(0.041977004895089,0.000853938663566989,0.0134909169230452));
#3968=CARTESIAN_POINT('',(0.0419770010268508,0.00094135543069264,0.0134850910953137));
#3969=CARTESIAN_POINT('',(0.0419769972559977,0.00102870729242086,0.0134784159673247));
#3970=CARTESIAN_POINT('',(0.0419769935009048,0.00111569406812901,0.01347176873795));
#3971=CARTESIAN_POINT('',(0.0419769898423857,0.00120261648820514,0.0134642792796846));
#3972=CARTESIAN_POINT('',(0.0419769862811248,0.00128945824934033,0.0134559490137336));
#3973=CARTESIAN_POINT('',(0.0419769827353802,0.00137592164294232,0.0134476550425576));
#3974=CARTESIAN_POINT('',(0.0419769792860493,0.0014623050868759,0.013438527560853));
#3975=CARTESIAN_POINT('',(0.0419769759337713,0.00154859252031589,0.0134285682826304));
#3976=CARTESIAN_POINT('',(0.041976972596686,0.00163448889525764,0.013418654140301));
#3977=CARTESIAN_POINT('',(0.0419769693557772,0.00172029013549737,0.0134079157096742));
#3978=CARTESIAN_POINT('',(0.0419769662116402,0.0018059804332595,0.0133963549866455));
#3979=CARTESIAN_POINT('',(0.0419769630822951,0.00189126759054775,0.0133848486524505));
#3980=CARTESIAN_POINT('',(0.0419769600488144,0.00197644485385756,0.0133725277301315));
#3981=CARTESIAN_POINT('',(0.0419769571117501,0.00206149667823796,0.0133593944862196));
#3982=CARTESIAN_POINT('',(0.0419769541890029,0.00214613390521265,0.0133463252622025));
#3983=CARTESIAN_POINT('',(0.0419769513617354,0.00223064691982668,0.0133324516017092));
#3984=CARTESIAN_POINT('',(0.0419769486304565,0.00231502044893118,0.0133177760303777));
#3985=CARTESIAN_POINT('',(0.0419769459109931,0.00239902898014299,0.0133031639452209));
#3986=CARTESIAN_POINT('',(0.0419769432866929,0.0024828992332862,0.0132877568416357));
#3987=CARTESIAN_POINT('',(0.0419769407580188,0.00256661619155039,0.0132715575438427));
#3988=CARTESIAN_POINT('',(0.0419769382441514,0.00264984294529073,0.0132554531010136));
#3989=CARTESIAN_POINT('',(0.0419769358248015,0.00273291818824407,0.0132385656385726));
#3990=CARTESIAN_POINT('',(0.0419769335003906,0.0028158272203673,0.0132208982106247));
#3991=CARTESIAN_POINT('',(0.0419769311886242,0.00289828523886269,0.0132033268910327));
#3992=CARTESIAN_POINT('',(0.0419769289707696,0.00298057885223107,0.0131849840375233));
#3993=CARTESIAN_POINT('',(0.0419769268472133,0.00306269364883726,0.0131658728819971));
#3994=CARTESIAN_POINT('',(0.0419769247337271,0.00314441905246283,0.0131468523526445));
#3995=CARTESIAN_POINT('',(0.0419769227136483,0.00322596733588355,0.0131270707739342));
#3996=CARTESIAN_POINT('',(0.0419769207873254,0.00330732435373505,0.0131065315971815));
#3997=CARTESIAN_POINT('',(0.0419769188719617,0.00338821851626847,0.0130861092716536));
#3998=CARTESIAN_POINT('',(0.0419769170492933,0.0034689235841593,0.0130649379145445));
#3999=CARTESIAN_POINT('',(0.0419769153196256,0.00354942572779586,0.0130430212135486));
#4000=CARTESIAN_POINT('',(0.041976913601122,0.0036294082731988,0.0130212459731227));
#4001=CARTESIAN_POINT('',(0.0419769119744306,0.00370919049584962,0.0129987349135383));
#4002=CARTESIAN_POINT('',(0.0419769104398199,0.00378875890102486,0.0129754919024768));
#4003=CARTESIAN_POINT('',(0.0419769089137293,0.00386788553546244,0.0129523779386435));
#4004=CARTESIAN_POINT('',(0.041976907478703,0.00394680071993656,0.0129285400988881));
#4005=CARTESIAN_POINT('',(0.0419769061349785,0.00402549124509805,0.012903982394357));
#4006=CARTESIAN_POINT('',(0.0419769047990863,0.00410372310508972,0.0128795678298507));
#4007=CARTESIAN_POINT('',(0.0419769035534369,0.00418173291970745,0.0128544417501689));
#4008=CARTESIAN_POINT('',(0.0419769023982338,0.00425950778358226,0.0128286083332928));
#4009=CARTESIAN_POINT('',(0.0419769012497074,0.0043368331282005,0.0128029242271036));
#4010=CARTESIAN_POINT('',(0.0419769001905901,0.00441392622388141,0.0127765408948898));
#4011=CARTESIAN_POINT('',(0.0419768992210428,0.00449077448965069,0.0127494627435552));
#4012=CARTESIAN_POINT('',(0.0419768982583271,0.00456708127338196,0.0127225753881015));
#4013=CARTESIAN_POINT('',(0.0419768973839383,0.00464314663376984,0.0126950028586932));
#4014=CARTESIAN_POINT('',(0.0419768965980054,0.00471895833304265,0.0126667496928461));
#4015=CARTESIAN_POINT('',(0.0419768958167764,0.00479431629999947,0.0126386656219341));
#4016=CARTESIAN_POINT('',(0.0419768951229529,0.00486942362529276,0.0126099089942695));
#4017=CARTESIAN_POINT('',(0.0419768945166425,0.00494426834786111,0.0125804844173522));
#4018=CARTESIAN_POINT('',(0.0419768939146901,0.00501857509703187,0.0125512713401783));
#4019=CARTESIAN_POINT('',(0.041976893399,0.00509262300297812,0.0125213998566013));
#4020=CARTESIAN_POINT('',(0.0419768929696501,0.00516640044297745,0.0124908746834222));
#4021=CARTESIAN_POINT('',(0.0419768925430786,0.00523970045944768,0.0124605470426581));
#4022=CARTESIAN_POINT('',(0.0419768922017356,0.00531273349853141,0.0124295741252111));
#4023=CARTESIAN_POINT('',(0.0419768919456716,0.00538548824342476,0.0123979607529697));
#4024=CARTESIAN_POINT('',(0.0419768916913534,0.00545774699426827,0.0123665628999299));
#4025=CARTESIAN_POINT('',(0.0419768915211572,0.00552973123204105,0.0123345332764054));
#4026=CARTESIAN_POINT('',(0.0419768914351069,0.0056014299547032,0.012301876800514));
#4027=CARTESIAN_POINT('',(0.041976891349282,0.00567294085103048,0.0122693058735131));
#4028=CARTESIAN_POINT('',(0.0419768913461863,0.0057441710723625,0.0122361186302389));
#4029=CARTESIAN_POINT('',(0.0419768914256158,0.00581511069726837,0.0122023215416447));
#4030=CARTESIAN_POINT('',(0.0419768915052345,0.00588621937550274,0.0121684439125863));
#4031=CARTESIAN_POINT('',(0.0419768916689719,0.00595703189359223,0.0121339446392231));
#4032=CARTESIAN_POINT('',(0.0419768919168052,0.00602753741384049,0.0120988289805318));
#4033=CARTESIAN_POINT('',(0.0419768921663595,0.00609853251667326,0.0120634694825655));
#4034=CARTESIAN_POINT('',(0.0419768925011809,0.00616921635197332,0.0120274850113433));
#4035=CARTESIAN_POINT('',(0.0419768929212159,0.00623957796684044,0.011990881160783));
#4036=CARTESIAN_POINT('',(0.0419768933439291,0.00631038819496871,0.0119540439305198));
#4037=CARTESIAN_POINT('',(0.041976893852949,0.00638087207343047,0.0119165793680923));
#4038=CARTESIAN_POINT('',(0.0419768944481943,0.006451018540401,0.0118784933718152));
#4039=CARTESIAN_POINT('',(0.0419768950478149,0.00652168060757402,0.0118401274306138));
#4040=CARTESIAN_POINT('',(0.0419768957349341,0.00659200028673391,0.0118011308747396));
#4041=CARTESIAN_POINT('',(0.0419768965094391,0.00666196638418676,0.011761509941025));
#4042=CARTESIAN_POINT('',(0.0419768972886102,0.0067323540001629,0.0117216503065956));
#4043=CARTESIAN_POINT('',(0.0419768981562288,0.00680238374694489,0.0116811587080824));
#4044=CARTESIAN_POINT('',(0.0419768991121515,0.00687204434214529,0.0116400416992459));
#4045=CARTESIAN_POINT('',(0.0419769000747606,0.00694219219349707,0.0115986370885675));
#4046=CARTESIAN_POINT('',(0.0419769011269133,0.00701196571865598,0.0115565982853515));
#4047=CARTESIAN_POINT('',(0.0419769022684398,0.00708135349669197,0.011513932150144));
#4048=CARTESIAN_POINT('',(0.0419769034167784,0.00715115535451479,0.0114710113997193));
#4049=CARTESIAN_POINT('',(0.0419769046555589,0.00722056686275379,0.0114274558176544));
#4050=CARTESIAN_POINT('',(0.0419769059845781,0.00728957652367837,0.0113832725983154));
#4051=CARTESIAN_POINT('',(0.0419769073212009,0.00735898100051097,0.0113388365993274));
#4052=CARTESIAN_POINT('',(0.0419769087490962,0.00742797903423939,0.011293765770404));
#4053=CARTESIAN_POINT('',(0.0419769102680267,0.00749655906444509,0.0112480676427953));
#4054=CARTESIAN_POINT('',(0.0419769117956724,0.00756553258971817,0.0112021073107557));
#4055=CARTESIAN_POINT('',(0.0419769134153997,0.00763408331651977,0.0111555124698168));
#4056=CARTESIAN_POINT('',(0.0419769151269359,0.00770219962719857,0.0111082909966429));
#4057=CARTESIAN_POINT('',(0.0419769168494758,0.00777075386851646,0.0110607659290771));
#4058=CARTESIAN_POINT('',(0.0419769186650074,0.00783886810563154,0.0110126061543382));
#4059=CARTESIAN_POINT('',(0.0419769205732209,0.00790653064602132,0.0109638199198336));
#4060=CARTESIAN_POINT('',(0.0419769224923658,0.00797458079635869,0.0109147542097182));
#4061=CARTESIAN_POINT('',(0.0419769245052562,0.00804217407585574,0.0108650548496694));
#4062=CARTESIAN_POINT('',(0.0419769266115445,0.00810929874816003,0.0108147304496496));
#4063=CARTESIAN_POINT('',(0.0419769287278832,0.0081767437143898,0.0107641659203439));
#4064=CARTESIAN_POINT('',(0.0419769309385115,0.00824371560667618,0.0107129703791893));
#4065=CARTESIAN_POINT('',(0.0419769332430446,0.00831020268539516,0.0106611527812497));
#4066=CARTESIAN_POINT('',(0.0419769355601164,0.0083770515126448,0.0106090532497333));
#4067=CARTESIAN_POINT('',(0.0419769379721153,0.00844341025234864,0.0105563248805823));
#4068=CARTESIAN_POINT('',(0.0419769404786166,0.00850926714555022,0.0105029769986581));
#4069=CARTESIAN_POINT('',(0.0419769430000786,0.0085755171253397,0.0104493106939255));
#4070=CARTESIAN_POINT('',(0.041976945617173,0.0086412592659524,0.0103950174648644));
#4071=CARTESIAN_POINT('',(0.0419769483294319,0.00870648177837388,0.0103401070290786));
#4072=CARTESIAN_POINT('',(0.0419769510533984,0.00877198582835178,0.0102849595685396));
#4073=CARTESIAN_POINT('',(0.0419769538733521,0.00883696577049245,0.010229189566752));
#4074=CARTESIAN_POINT('',(0.0419769567887843,0.00890140985182109,0.0101728070929854));
#4075=CARTESIAN_POINT('',(0.0419769597185198,0.00896617009994513,0.010116148003187));
#4076=CARTESIAN_POINT('',(0.0419769627446719,0.00903038923242535,0.0100588704217476));
#4077=CARTESIAN_POINT('',(0.0419769658666897,0.00909405551985532,0.0100009847928093));
#4078=CARTESIAN_POINT('',(0.0419769690034887,0.00915802323729813,0.00994282510256506));
#4079=CARTESIAN_POINT('',(0.0419769722370622,0.00922143287830878,0.00988405159762544));
#4080=CARTESIAN_POINT('',(0.0419769755668157,0.00928427275164894,0.0098246750975476));
#4081=CARTESIAN_POINT('',(0.0419769789117545,0.00934739920454181,0.00976502781253769));
#4082=CARTESIAN_POINT('',(0.0419769823537513,0.00940995069692716,0.00970477202336505));
#4083=CARTESIAN_POINT('',(0.0419769858921676,0.00947191559063318,0.00964391892475406));
#4084=CARTESIAN_POINT('',(0.0419769894460961,0.00953415213584332,0.00958279904870218));
#4085=CARTESIAN_POINT('',(0.0419769930972904,0.00959579694354829,0.00952107661729785));
#4086=CARTESIAN_POINT('',(0.0419769968450668,0.00965683844379735,0.00945876319936705));
#4087=CARTESIAN_POINT('',(0.0419770006086028,0.00971813662710967,0.00939618774988506));
#4088=CARTESIAN_POINT('',(0.0419770044695337,0.00977882643393496,0.00933301633520197));
#4089=CARTESIAN_POINT('',(0.0419770084271307,0.00983889637790887,0.00926926089633802));
#4090=CARTESIAN_POINT('',(0.0419770124006524,0.00989920803427979,0.00920524891520133));
#4091=CARTESIAN_POINT('',(0.0419770164716187,0.00995889484460619,0.00914064820173035));
#4092=CARTESIAN_POINT('',(0.0419770206392544,0.0100179454216381,0.00907547106636931));
#4093=CARTESIAN_POINT('',(0.0419770248228956,0.0100772227771661,0.00901004362400901));
#4094=CARTESIAN_POINT('',(0.0419770291039493,0.010135859018286,0.00894403532452651));
#4095=CARTESIAN_POINT('',(0.0419770334815939,0.0101938428725025,0.00887745884413933));
#4096=CARTESIAN_POINT('',(0.0419770378770298,0.0102520623790279,0.00881061179013252));
#4097=CARTESIAN_POINT('',(0.0419770423698426,0.010309624199931,0.00874319192751576));
#4098=CARTESIAN_POINT('',(0.0419770469591631,0.0103665171795445,0.00867521230969988));
#4099=CARTESIAN_POINT('',(0.0419770515679582,0.0104236515822318,0.00860694422310642));
#4100=CARTESIAN_POINT('',(0.041977056274081,0.0104801114697054,0.00853811161993812));
#4101=CARTESIAN_POINT('',(0.0419770610766131,0.010535885807292,0.00846872794114755));
#4102=CARTESIAN_POINT('',(0.0419770658892232,0.0105917771854375,0.0083991986630564));
#4103=CARTESIAN_POINT('',(0.0419770707986471,0.0106469801476354,0.00832911599274082));
#4104=CARTESIAN_POINT('',(0.0419770758039224,0.0107014838600884,0.00825849367339471));
#4105=CARTESIAN_POINT('',(0.0419770808326148,0.0107562425659418,0.00818754095040195));
#4106=CARTESIAN_POINT('',(0.041977085958057,0.0108102954775892,0.00811604351496794));
#4107=CARTESIAN_POINT('',(0.041977091179235,0.0108636318880268,0.00804401551980996));
#4108=CARTESIAN_POINT('',(0.0419770964155379,0.0109171228051141,0.00797177887161131));
#4109=CARTESIAN_POINT('',(0.0419771017481318,0.0109698930771137,0.00789900858258079));
#4110=CARTESIAN_POINT('',(0.0419771071759551,0.0110219321910364,0.0078257191415001));
#4111=CARTESIAN_POINT('',(0.0419771126141663,0.0110740708994238,0.00775228943625833));
#4112=CARTESIAN_POINT('',(0.0419771181479717,0.0111254756612816,0.00767833858653665));
#4113=CARTESIAN_POINT('',(0.0419771237762652,0.0111761361969995,0.00760388137303204));
#4114=CARTESIAN_POINT('',(0.041977129418562,0.01122692277801,0.00752923890721749));
#4115=CARTESIAN_POINT('',(0.0419771351558178,0.011276961437307,0.00745408755076235));
#4116=CARTESIAN_POINT('',(0.0419771409868802,0.0113262421192736,0.00737844239958685));
#4117=CARTESIAN_POINT('',(0.0419771468360538,0.0113756758669404,0.00730256229472207));
#4118=CARTESIAN_POINT('',(0.0419771527796176,0.0114243469331642,0.00722618531820863));
#4119=CARTESIAN_POINT('',(0.0419771588163701,0.0114722454770554,0.0071493269080406));
#4120=CARTESIAN_POINT('',(0.0419771648658358,0.011520244894419,0.0070723066354422));
#4121=CARTESIAN_POINT('',(0.0419771710088837,0.0115674685433893,0.00699480289396067));
#4122=CARTESIAN_POINT('',(0.0419771772442665,0.011613906836213,0.0069168314157413));
#4123=CARTESIAN_POINT('',(0.0419771834915265,0.0116604335855248,0.00683871141606016));
#4124=CARTESIAN_POINT('',(0.0419771898314737,0.0117061719945114,0.00676012189013418));
#4125=CARTESIAN_POINT('',(0.0419771962628163,0.0117511127423328,0.00668107885163854));
#4126=CARTESIAN_POINT('',(0.0419772027042351,0.0117961238998572,0.00660191197459702));
#4127=CARTESIAN_POINT('',(0.0419772092373361,0.0118403349047906,0.00652229015635274));
#4128=CARTESIAN_POINT('',(0.0419772158607838,0.0118837367201001,0.0064422296720446));
#4129=CARTESIAN_POINT('',(0.0419772224867762,0.011927155209747,0.00636213842967884));
#4130=CARTESIAN_POINT('',(0.0419772292031805,0.0119697639410929,0.00628160819982145));
#4131=CARTESIAN_POINT('',(0.0419772360086367,0.0120115540671962,0.0062006553882287));
#4132=CARTESIAN_POINT('',(0.0419772428300527,0.0120534421980501,0.0061195127289173));
#4133=CARTESIAN_POINT('',(0.0419772497409205,0.0120945080642101,0.00603794558683174));
#4134=CARTESIAN_POINT('',(0.0419772567398336,0.0121347430954852,0.00595597065821094));
#4135=CARTESIAN_POINT('',(0.0419772637477771,0.0121750300407405,0.00587388995994917));
#4136=CARTESIAN_POINT('',(0.041977270843989,0.012214484057647,0.005791400436887));
#4137=CARTESIAN_POINT('',(0.041977278027007,0.0122530970191015,0.00570851908681136));
#4138=CARTESIAN_POINT('',(0.0419772852163815,0.0122917441504925,0.00562556439218103));
#4139=CARTESIAN_POINT('',(0.0419772924927163,0.0123295487443188,0.0055422171682588));
#4140=CARTESIAN_POINT('',(0.0419772998545092,0.0123665030004291,0.0054584946200487));
#4141=CARTESIAN_POINT('',(0.0419773072212998,0.0124034823438314,0.00537471523475848));
#4142=CARTESIAN_POINT('',(0.0419773146736653,0.0124396102009117,0.00529056000649124));
#4143=CARTESIAN_POINT('',(0.0419773222100648,0.0124748791083735,0.00520604633066305));
#4144=CARTESIAN_POINT('',(0.0419773297450241,0.0125101412759786,0.00512154880532278));
#4145=CARTESIAN_POINT('',(0.0419773373639864,0.0125445448277931,0.00503669296012019));
#4146=CARTESIAN_POINT('',(0.0419773450653766,0.012578082660502,0.00495149632857003));
#4147=CARTESIAN_POINT('',(0.0419773527790371,0.0126116739269031,0.00486616395865477));
#4148=CARTESIAN_POINT('',(0.0419773605753826,0.0126443967929116,0.0047804897336111));
#4149=CARTESIAN_POINT('',(0.0419773684528174,0.0126762442572928,0.00469449132930199));
#4150=CARTESIAN_POINT('',(0.0419773763446373,0.0127081498787583,0.00460833588214692));
#4151=CARTESIAN_POINT('',(0.0419773843178162,0.0127391772025127,0.00452185517171935));
#4152=CARTESIAN_POINT('',(0.0419773923707156,0.0127693195557482,0.00443506710632757));
#4153=CARTESIAN_POINT('',(0.0419774004087886,0.012799406412898,0.00434843882931968));
#4154=CARTESIAN_POINT('',(0.0419774085262831,0.0128286116330939,0.00426150434542886));
#4155=CARTESIAN_POINT('',(0.0419774167215159,0.0128569291706624,0.0041742816739838));
#4156=CARTESIAN_POINT('',(0.0419774249078248,0.0128852158726892,0.00408715398107708));
#4157=CARTESIAN_POINT('',(0.041977433171704,0.0129126168265161,0.0039997387173452));
#4158=CARTESIAN_POINT('',(0.041977441511444,0.0129391263736008,0.00391205396215006));
#4159=CARTESIAN_POINT('',(0.0419774498392518,0.0129655979922994,0.00382449466142723));
#4160=CARTESIAN_POINT('',(0.0419774582427046,0.0129911807545687,0.00373666662908657));
#4161=CARTESIAN_POINT('',(0.0419774667200688,0.0130158693938208,0.00364858797770632));
#4162=CARTESIAN_POINT('',(0.0419774751922615,0.0130405429722253,0.00356056305707767));
#4163=CARTESIAN_POINT('',(0.0419774837382767,0.0130643235186103,0.00347228781213213));
#4164=CARTESIAN_POINT('',(0.0419774923563535,0.0130872061448092,0.00338378042521606));
#4165=CARTESIAN_POINT('',(0.0419775009721918,0.0131100828272158,0.00329529602821027));
#4166=CARTESIAN_POINT('',(0.0419775096600556,0.0131320620554064,0.0032065795986934));
#4167=CARTESIAN_POINT('',(0.0419775184181558,0.0131531393153404,0.00311764940009577));
#4168=CARTESIAN_POINT('',(0.0419775271659409,0.0131741917511664,0.00302882394057988));
#4169=CARTESIAN_POINT('',(0.0419775359837986,0.0131943443408417,0.00293978520400746));
#4170=CARTESIAN_POINT('',(0.041977544869917,0.0132135929568543,0.00285055147668657));
#4171=CARTESIAN_POINT('',(0.0419775537437559,0.0132328149734513,0.00276144106030926));
#4172=CARTESIAN_POINT('',(0.0419775626856683,0.0132511355109097,0.00267213618043399));
#4173=CARTESIAN_POINT('',(0.0419775716938227,0.0132685508290654,0.00258265512701972));
#4174=CARTESIAN_POINT('',(0.0419775806860962,0.0132859354450532,0.00249333182336914));
#4175=CARTESIAN_POINT('',(0.0419775897443793,0.0133024180276289,0.00240383295548673));
#4176=CARTESIAN_POINT('',(0.041977598866823,0.0133179952256363,0.00231417678811396));
#4177=CARTESIAN_POINT('',(0.0419776079628439,0.0133335273050799,0.00222478030528205));
#4178=CARTESIAN_POINT('',(0.0419776171226512,0.0133481593009688,0.00213522743194203));
#4179=CARTESIAN_POINT('',(0.0419776263443994,0.0133618880548335,0.00204553630668664));
#4180=CARTESIAN_POINT('',(0.0419776355586672,0.0133756056722665,0.00195591793669343));
#4181=CARTESIAN_POINT('',(0.0419776448347585,0.0133884217778455,0.0018661615690729));
#4182=CARTESIAN_POINT('',(0.0419776541708074,0.0134003335865293,0.00177628535375482));
#4183=CARTESIAN_POINT('',(0.0419776634874931,0.013412220689763,0.0016865955444144));
#4184=CARTESIAN_POINT('',(0.041977672863885,0.01342320730504,0.00159678638311305));
#4185=CARTESIAN_POINT('',(0.0419776822980911,0.0134332912304032,0.00150687598566161));
#4186=CARTESIAN_POINT('',(0.0419776917097824,0.0134433510904841,0.00141718015932447));
#4187=CARTESIAN_POINT('',(0.0419777011790138,0.0134525125576935,0.00132738356839528));
#4188=CARTESIAN_POINT('',(0.0419777107038834,0.0134607738075948,0.00123750423931971));
#4189=CARTESIAN_POINT('',(0.0419777202041453,0.0134690137142448,0.00114785711688771));
#4190=CARTESIAN_POINT('',(0.04197772975976,0.0134763580419081,0.0010581276723581));
#4191=CARTESIAN_POINT('',(0.0419777393688183,0.0134828053390624,0.000968333825245584));
#4192=CARTESIAN_POINT('',(0.0419777489440095,0.0134892299126858,0.000878856456993047));
#4193=CARTESIAN_POINT('',(0.0419777585722701,0.0134947637599188,0.000789315128626008));
#4194=CARTESIAN_POINT('',(0.0419777682516897,0.0134994057991015,0.000699727595755286));
#4195=CARTESIAN_POINT('',(0.0419777779015324,0.0135040336538127,0.000610413811502475));
#4196=CARTESIAN_POINT('',(0.0419777876022238,0.0135077751334822,0.00052105409419591));
#4197=CARTESIAN_POINT('',(0.0419777973518512,0.0135106295168465,0.000431666054780899));
#4198=CARTESIAN_POINT('',(0.0419778070633815,0.0135134727465921,0.000342627302751698));
#4199=CARTESIAN_POINT('',(0.0419778168234676,0.0135154357897967,0.000253560439304184));
#4200=CARTESIAN_POINT('',(0.0419778266302006,0.0135165182790494,0.000164482880214009));
#4201=CARTESIAN_POINT('',(0.0419778364195595,0.0135175988505151,7.55631349575478E-05));
#4202=CARTESIAN_POINT('',(0.0419778462554014,0.0135178019750415,-1.33672780531003E-05));
#4203=CARTESIAN_POINT('',(0.0419778561358093,0.0135171276299194,-0.000102291031842692));
#4204=CARTESIAN_POINT('',(0.0419778659656607,0.0135164567353192,-0.000190759776238731));
#4205=CARTESIAN_POINT('',(0.0419778758396247,0.0135149173170904,-0.000279221939025638));
#4206=CARTESIAN_POINT('',(0.0419778857557961,0.0135125096892836,-0.000367660460955934));
#4207=CARTESIAN_POINT('',(0.0419778956350562,0.0135101110234765,-0.000455769784987494));
#4208=CARTESIAN_POINT('',(0.041977905556212,0.0135068505880676,-0.000543855653130964));
#4209=CARTESIAN_POINT('',(0.0419779155173635,0.0135027290246419,-0.000631901205501629));
#4210=CARTESIAN_POINT('',(0.0419779254396099,0.0134986235587259,-0.000719602880078406));
#4211=CARTESIAN_POINT('',(0.0419779354015419,0.0134936636660703,-0.000807264562129179));
#4212=CARTESIAN_POINT('',(0.0419779454012667,0.0134878503064298,-0.000894869604347674));
#4213=CARTESIAN_POINT('',(0.0419779553601246,0.0134820607048004,-0.000982116622687364));
#4214=CARTESIAN_POINT('',(0.0419779653564687,0.0134754245850429,-0.00106930747176046));
#4215=CARTESIAN_POINT('',(0.0419779753884153,0.013467943215213,-0.00115642572931994));
#4216=CARTESIAN_POINT('',(0.0419779853775696,0.0134604937579234,-0.00124317237513344));
#4217=CARTESIAN_POINT('',(0.0419779954020247,0.0134522062328233,-0.00132984705556522));
#4218=CARTESIAN_POINT('',(0.0419780054599079,0.0134430822059459,-0.00141643358515249));
#4219=CARTESIAN_POINT('',(0.0419780154731137,0.0134339987082025,-0.00150263549541489));
#4220=CARTESIAN_POINT('',(0.041978025519453,0.0134240861097903,-0.001588750043969));
#4221=CARTESIAN_POINT('',(0.041978035597065,0.0134133462639928,-0.00167476129308849));
#4222=CARTESIAN_POINT('',(0.0419780456281588,0.013402655993197,-0.00176037551529458));
#4223=CARTESIAN_POINT('',(0.0419780556902394,0.0133911460800963,-0.00184588739682462));
#4224=CARTESIAN_POINT('',(0.0419780657814603,0.0133788186541437,-0.00193128125785582));
#4225=CARTESIAN_POINT('',(0.0419780758243703,0.0133665502448892,-0.00201626630169146));
#4226=CARTESIAN_POINT('',(0.0419780858961441,0.013353472116713,-0.00210113445920142));
#4227=CARTESIAN_POINT('',(0.0419780959949511,0.0133395866638532,-0.00218587031783953));
#4228=CARTESIAN_POINT('',(0.0419781060437055,0.0133257700312845,-0.00227018620123366));
#4229=CARTESIAN_POINT('',(0.0419781161192281,0.013311154041511,-0.0023543711003095));
#4230=CARTESIAN_POINT('',(0.0419781262197056,0.013295741341917,-0.00243840987837209));
#4231=CARTESIAN_POINT('',(0.0419781362763883,0.0132803954705612,-0.00252208427098399));
#4232=CARTESIAN_POINT('',(0.0419781463578116,0.0132642597675182,-0.00260561381288236));
#4233=CARTESIAN_POINT('',(0.0419781564621778,0.0132473371284195,-0.00268898361575854));
#4234=CARTESIAN_POINT('',(0.0419781665051491,0.0132305173125874,-0.00277184685725201));
#4235=CARTESIAN_POINT('',(0.0419781765707865,0.0132129200785019,-0.00285455230042357));
#4236=CARTESIAN_POINT('',(0.041978186657317,0.0131945485443286,-0.00293708538304305));
#4237=CARTESIAN_POINT('',(0.0419781966935838,0.0131762685599956,-0.00301920718316132));
#4238=CARTESIAN_POINT('',(0.0419782067505372,0.01315722195685,-0.00310115834119191));
#4239=CARTESIAN_POINT('',(0.0419782168264231,0.013137412074986,-0.00318292457176186));
#4240=CARTESIAN_POINT('',(0.0419782268443872,0.0131177160713867,-0.00326422076437204));
#4241=CARTESIAN_POINT('',(0.0419782368810682,0.0130972655224866,-0.00334533415395302));
#4242=CARTESIAN_POINT('',(0.0419782469347355,0.0130760639722397,-0.00342625076384927));
#4243=CARTESIAN_POINT('',(0.0419782569351315,0.0130549747624449,-0.00350673862167579));
#4244=CARTESIAN_POINT('',(0.0419782669523355,0.0130331424717115,-0.00358703178354997));
#4245=CARTESIAN_POINT('',(0.0419782769846392,0.0130105708422799,-0.00366711656095136));
#4246=CARTESIAN_POINT('',(0.0419782869575803,0.0129881327724117,-0.00374672746525735));
#4247=CARTESIAN_POINT('',(0.0419782969454436,0.0129649640701347,-0.00382613244728217));
#4248=CARTESIAN_POINT('',(0.0419783069465459,0.0129410686588726,-0.00390531813022978));
#4249=CARTESIAN_POINT('',(0.0419783168841567,0.0129173249463987,-0.00398400110694585));
#4250=CARTESIAN_POINT('',(0.0419783268348398,0.0128928637050209,-0.00406246756305335));
#4251=CARTESIAN_POINT('',(0.0419783367969396,0.0128676890237103,-0.00414070444775212));
#4252=CARTESIAN_POINT('',(0.0419783467027733,0.012842656529354,-0.00421849944942499));
#4253=CARTESIAN_POINT('',(0.0419783566198958,0.0128169186134941,-0.00429606746797044));
#4254=CARTESIAN_POINT('',(0.0419783665466756,0.0127904795291503,-0.00437339574790492));
#4255=CARTESIAN_POINT('',(0.0419783764110818,0.012764206571233,-0.00445023814600457));
#4256=CARTESIAN_POINT('',(0.0419783862850251,0.0127372412105848,-0.00452684381062378));
#4257=CARTESIAN_POINT('',(0.0419783961669016,0.0127095878464139,-0.00460320030290254));
#4258=CARTESIAN_POINT('',(0.0419784059852411,0.0126821122835788,-0.00467906584998404));
#4259=CARTESIAN_POINT('',(0.0419784158114129,0.0126539575179101,-0.00475468541995311));
#4260=CARTESIAN_POINT('',(0.0419784256438409,0.0126251280830193,-0.00483004689201066));
#4261=CARTESIAN_POINT('',(0.0419784354088747,0.0125964962530694,-0.00490489181564176));
#4262=CARTESIAN_POINT('',(0.0419784451800804,0.0125671989527812,-0.00497948216824059));
#4263=CARTESIAN_POINT('',(0.0419784549559121,0.0125372408345908,-0.00505380615786647));
#4264=CARTESIAN_POINT('',(0.041978464669084,0.0125074747379041,-0.00512765375561252));
#4265=CARTESIAN_POINT('',(0.0419784743868238,0.0124770562491313,-0.00520123839437915));
#4266=CARTESIAN_POINT('',(0.0419784841076139,0.0124459901363531,-0.00527454859040629));
#4267=CARTESIAN_POINT('',(0.0419784920983785,0.0124204529121889,-0.00533481164690259));
#4268=CARTESIAN_POINT('',(0.0419785000912049,0.0123944780583794,-0.00539488925550146));
#4269=CARTESIAN_POINT('',(0.0419785080852495,0.0123680683307757,-0.00545477508090396));
#4270=CARTESIAN_POINT('',(0.0419785196186606,0.0123299656854699,-0.00554117538000581));
#4271=CARTESIAN_POINT('',(0.0419785311546095,0.0122909295089083,-0.00562716328583729));
#4272=CARTESIAN_POINT('',(0.04197854269056,0.012251053242816,-0.0057127594695528));
#4273=CARTESIAN_POINT('',(1.3210001,0.057550545441787,-0.026836257824876));
#4274=CARTESIAN_POINT('',(1.14182136674254,0.0575505454417868,-0.0268362578248764));
#4275=CARTESIAN_POINT('',(0.962642633485072,0.0575505454418651,-0.0268362578249693));
#4276=CARTESIAN_POINT('',(0.783463900227609,0.0575505454419435,-0.026836257825062));
#4277=CARTESIAN_POINT('',(0.604285166970145,0.0575505454419434,-0.0268362578250621));
#4278=CARTESIAN_POINT('',(0.425106433712682,0.0575505454417865,-0.026836257824877));
#4279=CARTESIAN_POINT('',(0.425084921192628,0.0575505454417865,-0.026836257824877));
#4280=CARTESIAN_POINT('',(0.425063408672574,0.0575505454420385,-0.0268362578251796));
#4281=CARTESIAN_POINT('',(0.42504189615252,0.0575505454422851,-0.0268362578254756));
#4282=CARTESIAN_POINT('',(0.425020383632467,0.0575505454422688,-0.0268362578254561));
#4283=CARTESIAN_POINT('',(0.424998871112413,0.0575505454417322,-0.0268362578248119));
#4284=CARTESIAN_POINT('',(0.41726593244733,0.0575505452488367,-0.0268362575932372));
#4285=CARTESIAN_POINT('',(0.409532993782246,0.0575505450411031,-0.0268362573438504));
#4286=CARTESIAN_POINT('',(0.401800055117162,0.0575505448596463,-0.0268362571260097));
#4287=CARTESIAN_POINT('',(0.394067116452078,0.057550544745581,-0.0268362569890732));
#4288=CARTESIAN_POINT('',(0.386334177786994,0.0575505447400218,-0.0268362569823991));
#4289=CARTESIAN_POINT('',(0.385267565652005,0.057550544739255,-0.0268362569814785));
#4290=CARTESIAN_POINT('',(0.384200953517015,0.0575505453145161,-0.0268362572450195));
#4291=CARTESIAN_POINT('',(0.383134341382026,0.0575505458900353,-0.0268362575088704));
#4292=CARTESIAN_POINT('',(0.382067729247036,0.0575505458900432,-0.0268362575088797));
#4293=CARTESIAN_POINT('',(0.381001117112048,0.05755054473877,-0.026836256980896));
#4294=CARTESIAN_POINT('',(0.380976857308329,0.0575505447125846,-0.0268362569688872));
#4295=CARTESIAN_POINT('',(0.380952597497423,0.0575505560428911,-0.0268362622527538));
#4296=CARTESIAN_POINT('',(0.38092833768652,0.0575505671707012,-0.0268362674423208));
#4297=CARTESIAN_POINT('',(0.380904077882812,0.0575505665370265,-0.026836267147413));
#4298=CARTESIAN_POINT('',(0.38087981809349,0.0575505425828787,-0.0268362559778553));
#4299=CARTESIAN_POINT('',(0.368438605898228,0.0575382581136342,-0.0268305278639132));
#4300=CARTESIAN_POINT('',(0.355997345713631,0.0574153380087104,-0.0267732094426983));
#4301=CARTESIAN_POINT('',(0.343559093555586,0.0570931607542245,-0.0266229757994605));
#4302=CARTESIAN_POINT('',(0.331126618573777,0.0566510324943761,-0.0264168080620978));
#4303=CARTESIAN_POINT('',(0.318702913245101,0.0560529445185254,-0.0261379150962318));
#4304=CARTESIAN_POINT('',(0.314584988473424,0.0558547040398404,-0.0260454740553021));
#4305=CARTESIAN_POINT('',(0.310468121106221,0.0556387890759659,-0.0259447912648609));
#4306=CARTESIAN_POINT('',(0.306352318245164,0.0554065021439564,-0.0258364740993575));
#4307=CARTESIAN_POINT('',(0.30223758699192,0.0551591457608661,-0.0257211299332412));
#4308=CARTESIAN_POINT('',(0.29812393444816,0.0548980224437494,-0.0255993661409614));
#4309=CARTESIAN_POINT('',(0.298025999559986,0.054891805807174,-0.0255964672759615));
#4310=CARTESIAN_POINT('',(0.297928067436748,0.0548855530245618,-0.0255935515557886));
#4311=CARTESIAN_POINT('',(0.297830138437548,0.0548792600777522,-0.0255906171067442));
#4312=CARTESIAN_POINT('',(0.29773221292149,0.0548729229485849,-0.0255876620551297));
#4313=CARTESIAN_POINT('',(0.297634291247674,0.0548665376188995,-0.0255846845272468));
#4314=CARTESIAN_POINT('',(0.289301888119581,0.054323193750571,-0.025331319141635));
#4315=CARTESIAN_POINT('',(0.280973474893091,0.0537274476965564,-0.0250535182175784));
#4316=CARTESIAN_POINT('',(0.27265211272354,0.05305597725025,-0.0247404064324418));
#4317=CARTESIAN_POINT('',(0.264338579957131,0.0523087467211176,-0.0243919671434571));
#4318=CARTESIAN_POINT('',(0.256031372130942,0.0515090069346966,-0.0240190423877236));
#4319=CARTESIAN_POINT('',(0.255965305225656,0.0515026466348427,-0.0240160765314417));
#4320=CARTESIAN_POINT('',(0.255899241235433,0.0514962613146022,-0.0240130990079629));
#4321=CARTESIAN_POINT('',(0.255833180415041,0.0514898490642577,-0.0240101089267715));
#4322=CARTESIAN_POINT('',(0.255767123019246,0.0514834079740918,-0.0240071053973516));
#4323=CARTESIAN_POINT('',(0.255701069302815,0.0514769361343873,-0.0240040875291876));
#4324=CARTESIAN_POINT('',(0.238890588716438,0.0498298715695255,-0.0232360487733852));
#4325=CARTESIAN_POINT('',(0.222108597901967,0.0479391737635822,-0.022354401980992));
#4326=CARTESIAN_POINT('',(0.205368955747291,0.0457586706378384,-0.02133761675991));
#4327=CARTESIAN_POINT('',(0.188678688007606,0.0432877952130701,-0.0201854287234072));
#4328=CARTESIAN_POINT('',(0.172037987305411,0.0405715856095485,-0.0189188394901176));
#4329=CARTESIAN_POINT('',(0.171205976260573,0.0404357790452295,-0.0188555118544471));
#4330=CARTESIAN_POINT('',(0.170374177539667,0.0402989036769926,-0.0187916858273663));
#4331=CARTESIAN_POINT('',(0.169542563175302,0.0401611077399034,-0.0187274305320158));
#4332=CARTESIAN_POINT('',(0.168711105200084,0.0400225394690277,-0.0186628150915361));
#4333=CARTESIAN_POINT('',(0.167879775646621,0.0398833470994312,-0.0185979086290679));
#4334=CARTESIAN_POINT('',(0.146067726862367,0.0362312806675462,-0.0168949222262931));
#4335=CARTESIAN_POINT('',(0.124348938407165,0.032119723717732,-0.0149776718940876));
#4336=CARTESIAN_POINT('',(0.102740730026537,0.0275471443089486,-0.0128454432766724));
#4337=CARTESIAN_POINT('',(0.0812604214660054,0.0225120105001561,-0.0104975220182686));
#4338=CARTESIAN_POINT('',(0.0599253324710906,0.0170127903503146,-0.00793319376309701));
#4339=CARTESIAN_POINT('',(0.0563279429480402,0.0160855461772669,-0.0075008127404064));
#4340=CARTESIAN_POINT('',(0.052730980961064,0.0151563834825689,-0.0070675370964528));
#4341=CARTESIAN_POINT('',(0.0491424878662926,0.0142011913285512,-0.00662212371729646));
#4342=CARTESIAN_POINT('',(0.0455615988023913,0.0132228144477319,-0.00616589912338487));
#4343=CARTESIAN_POINT('',(0.04197854269056,0.012251053242816,-0.00571275946955279));
#4344=CARTESIAN_POINT('',(1.13001498300106,-0.00508000123058701,0.063415179372485));
#4345=CARTESIAN_POINT('',(1.27,-0.00508000072963958,0.0634301279288798));
#4346=CARTESIAN_POINT('',(1.13001498300106,-0.00508000123058701,0.063415179372485));
#4347=CARTESIAN_POINT('',(1.13021331883151,-0.00508000038582832,0.0634151733053558));
#4348=CARTESIAN_POINT('',(1.1304116648603,-0.00508000090137339,0.0634297231504516));
#4349=CARTESIAN_POINT('',(1.13060995304042,-0.00508000068506223,0.0633841267323468));
#4350=CARTESIAN_POINT('',(1.13080840708549,-0.00508000072963667,0.0634318082155732));
#4351=CARTESIAN_POINT('',(1.13100655331453,-0.00508000072965058,0.0634231379448298));
#4352=CARTESIAN_POINT('',(1.13102008063158,-0.00508000072965153,0.0634225460309599));
#4353=CARTESIAN_POINT('',(1.13103353135354,-0.00508000072965402,0.0634209914419346));
#4354=CARTESIAN_POINT('',(1.13104694377797,-0.00508000072965729,0.0634189555153313));
#4355=CARTESIAN_POINT('',(1.1310603562024,-0.00508000072966056,0.0634169195887282));
#4356=CARTESIAN_POINT('',(1.13107380692437,-0.00508000072966305,0.0634153649997028));
#4357=CARTESIAN_POINT('',(1.13107567921113,-0.00508000072966366,0.0634149875778453));
#4358=CARTESIAN_POINT('',(1.13107756256229,-0.00508000072966411,0.0634147069851658));
#4359=CARTESIAN_POINT('',(1.13107945574816,-0.00508000072966442,0.0634145124601245));
#4360=CARTESIAN_POINT('',(1.13108135753905,-0.00508000072966461,0.0634143932411816));
#4361=CARTESIAN_POINT('',(1.13108326670528,-0.0050800007296647,0.0634143385667975));
#4362=CARTESIAN_POINT('',(1.13109233937777,-0.00508000072966372,0.0634149496864813));
#4363=CARTESIAN_POINT('',(1.13110141099837,-0.00508000072966269,0.0634155902644266));
#4364=CARTESIAN_POINT('',(1.1311104842434,-0.0050800007296617,0.0634162051195493));
#4365=CARTESIAN_POINT('',(1.13111956178919,-0.00508000072966085,0.0634167390707653));
#4366=CARTESIAN_POINT('',(1.13112864631206,-0.00508000072966021,0.0634171369369905));
#4367=CARTESIAN_POINT('',(1.13117366222381,-0.00508000072965705,0.0634191084561479));
#4368=CARTESIAN_POINT('',(1.13121871317674,-0.00508000072965472,0.063420561001813));
#4369=CARTESIAN_POINT('',(1.13126377800117,-0.00508000072965363,0.0634212379509987));
#4370=CARTESIAN_POINT('',(1.13130883552738,-0.0050800007296542,0.0634208826807177));
#4371=CARTESIAN_POINT('',(1.13135386458568,-0.00508000072965684,0.0634192385679829));
#4372=CARTESIAN_POINT('',(1.13157964647755,-0.00508000072967007,0.0634109947605907));
#4373=CARTESIAN_POINT('',(1.1318045090649,-0.00508000072974279,0.0633656799527543));
#4374=CARTESIAN_POINT('',(1.13203118522011,-0.00508000072962657,0.0634380919008387));
#4375=CARTESIAN_POINT('',(1.13225692730459,-0.005080000729663,0.0634153984232857));
#4376=CARTESIAN_POINT('',(1.13248285964232,-0.00508000072966292,0.0634154411055994));
#4377=CARTESIAN_POINT('',(1.13255415119435,-0.0050800007296629,0.0634154545737396));
#4378=CARTESIAN_POINT('',(1.1326254427467,-0.00508000072966288,0.0634154659623586));
#4379=CARTESIAN_POINT('',(1.13269673429938,-0.00508000072966287,0.0634154745531013));
#4380=CARTESIAN_POINT('',(1.13276802585236,-0.00508000072966286,0.063415479627612));
#4381=CARTESIAN_POINT('',(1.13283931740566,-0.00508000072966286,0.0634154804675356));
#4382=CARTESIAN_POINT('',(1.13382783403101,-0.00508000072966283,0.063415492113773));
#4383=CARTESIAN_POINT('',(1.13481635064784,-0.00508000072966264,0.0634156131504687));
#4384=CARTESIAN_POINT('',(1.13580486726136,-0.00508000072966237,0.0634157812028662));
#4385=CARTESIAN_POINT('',(1.1367933838768,-0.00508000072966213,0.0634159338962094));
#4386=CARTESIAN_POINT('',(1.13778190049938,-0.005080000729662,0.0634160088557419));
#4387=CARTESIAN_POINT('',(1.13848798380515,-0.00508000072966191,0.0634160623982654));
#4388=CARTESIAN_POINT('',(1.13919406712885,-0.00508000072966197,0.0634160272955719));
#4389=CARTESIAN_POINT('',(1.13990015044852,-0.00508000072966201,0.0634160030686586));
#4390=CARTESIAN_POINT('',(1.1406062337422,-0.00508000072966187,0.0634160892385228));
#4391=CARTESIAN_POINT('',(1.14131231698792,-0.00508000072966139,0.0634163853261617));
#4392=CARTESIAN_POINT('',(1.14215961688541,-0.00508000072966082,0.0634167406313295));
#4393=CARTESIAN_POINT('',(1.14300691683542,-0.00508000072966063,0.0634168644447169));
#4394=CARTESIAN_POINT('',(1.1438542168153,-0.00508000072966064,0.0634168559064582));
#4395=CARTESIAN_POINT('',(1.14470151680239,-0.00508000072966071,0.0634168141566879));
#4396=CARTESIAN_POINT('',(1.14554881677403,-0.00508000072966067,0.0634168383355403));
#4397=CARTESIAN_POINT('',(1.14611368341583,-0.00508000072966064,0.0634168544547751));
#4398=CARTESIAN_POINT('',(1.14667855005246,-0.00508000072966052,0.0634169296992368));
#4399=CARTESIAN_POINT('',(1.14724341668727,-0.00508000072966037,0.063417027046991));
#4400=CARTESIAN_POINT('',(1.1478082833236,-0.00508000072966023,0.0634171094761029));
#4401=CARTESIAN_POINT('',(1.14837314996481,-0.00508000072966019,0.0634171399646379));
#4402=CARTESIAN_POINT('',(1.15147991649213,-0.00508000072965992,0.0634173076515806));
#4403=CARTESIAN_POINT('',(1.15458668299333,-0.00508000072965926,0.0634177203224156));
#4404=CARTESIAN_POINT('',(1.1576934494858,-0.00508000072965847,0.0634182150049161));
#4405=CARTESIAN_POINT('',(1.16080021598693,-0.00508000072965781,0.0634186287268556));
#4406=CARTESIAN_POINT('',(1.16390698251414,-0.00508000072965754,0.0634187985160073));
#4407=CARTESIAN_POINT('',(1.17083954302813,-0.00508000072965695,0.0634191773901708));
#4408=CARTESIAN_POINT('',(1.17777210346578,-0.00508000072965544,0.0634201260112574));
#4409=CARTESIAN_POINT('',(1.18470466387843,-0.00508000072965364,0.0634212554135684));
#4410=CARTESIAN_POINT('',(1.19163722431746,-0.00508000072965217,0.063422176631405));
#4411=CARTESIAN_POINT('',(1.19856978483423,-0.00508000072965166,0.0634225006990686));
#4412=CARTESIAN_POINT('',(1.19973805831843,-0.00508000072965158,0.0634225553108758));
#4413=CARTESIAN_POINT('',(1.20090633179372,-0.00508000072965134,0.0634227040967855));
#4414=CARTESIAN_POINT('',(1.20207460526583,-0.00508000072965105,0.0634228880083248));
#4415=CARTESIAN_POINT('',(1.20324287874049,-0.00508000072965079,0.0634230479970205));
#4416=CARTESIAN_POINT('',(1.20441115222343,-0.00508000072965067,0.0634231250143995));
#4417=CARTESIAN_POINT('',(1.21609385706366,-0.00508000072964946,0.0634238951862128));
#4418=CARTESIAN_POINT('',(1.22777656179378,-0.00508000072964693,0.0634254949987571));
#4419=CARTESIAN_POINT('',(1.2394592664893,-0.005080000729644,0.0634273340442065));
#4420=CARTESIAN_POINT('',(1.25114197122573,-0.00508000072964164,0.0634288219147354));
#4421=CARTESIAN_POINT('',(1.26282467607858,-0.00508000072964078,0.0634293682025181));
#4422=CARTESIAN_POINT('',(1.26425974087003,-0.00508000072964067,0.063429435306701));
#4423=CARTESIAN_POINT('',(1.2656948056513,-0.00508000072964038,0.06342961906883));
#4424=CARTESIAN_POINT('',(1.267129870429,-0.00508000072964002,0.0634298452515037));
#4425=CARTESIAN_POINT('',(1.2685649352097,-0.00508000072963971,0.0634300396173207));
#4426=CARTESIAN_POINT('',(1.27,-0.00508000072963958,0.0634301279288798));
#4427=CARTESIAN_POINT('',(1.27,0.00508000093325132,0.0634395721277334));
#4428=CARTESIAN_POINT('',(1.27,-0.00508000072963958,0.0634301279288798));
#4429=CARTESIAN_POINT('',(1.27,-0.00383821352010709,0.0635215477805741));
#4430=CARTESIAN_POINT('',(1.27,-0.00259673756954518,0.0636218121084165));
#4431=CARTESIAN_POINT('',(1.27,-0.00134940567788127,0.0636247695089219));
#4432=CARTESIAN_POINT('',(1.27,-0.000104896252074565,0.0636494598463576));
#4433=CARTESIAN_POINT('',(1.27,0.00114008705609453,0.0636292206412682));
#4434=CARTESIAN_POINT('',(1.27,0.00135528676952422,0.0636257222239748));
#4435=CARTESIAN_POINT('',(1.27,0.00157047312888431,0.0636212822824843));
#4436=CARTESIAN_POINT('',(1.27,0.00178563748400885,0.0636158471377141));
#4437=CARTESIAN_POINT('',(1.27,0.0020007711847319,0.0636093631105816));
#4438=CARTESIAN_POINT('',(1.27,0.00221586558088749,0.0636017765220043));
#4439=CARTESIAN_POINT('',(1.27,0.00264664597648531,0.0635865824784264));
#4440=CARTESIAN_POINT('',(1.27,0.00307730472990648,0.0635680261309519));
#4441=CARTESIAN_POINT('',(1.27,0.00350780766743865,0.0635460906082595));
#4442=CARTESIAN_POINT('',(1.27,0.00393812061536947,0.0635207590390275));
#4443=CARTESIAN_POINT('',(1.27,0.00436820939998658,0.0634920145519346));
#4444=CARTESIAN_POINT('',(1.27,0.00451063656634805,0.0634824955967989));
#4445=CARTESIAN_POINT('',(1.27,0.00465302111142133,0.0634723565942831));
#4446=CARTESIAN_POINT('',(1.27,0.00479537122664036,0.0634617328269151));
#4447=CARTESIAN_POINT('',(1.27,0.00493769510343905,0.0634507595772225));
#4448=CARTESIAN_POINT('',(1.27,0.00508000093325132,0.0634395721277333));
#4449=CARTESIAN_POINT('',(1.13002328652017,0.00508000139810618,0.0634234636733361));
#4450=CARTESIAN_POINT('',(1.13002328652017,0.00508000139810618,0.0634234636733361));
#4451=CARTESIAN_POINT('',(1.17668219101478,0.00507999973671967,0.0634288215136088));
#4452=CARTESIAN_POINT('',(1.22334109550688,0.00508000093324269,0.063434201311898));
#4453=CARTESIAN_POINT('',(1.27,0.00508000093325132,0.0634395721277334));
#4454=CARTESIAN_POINT('',(1.09973243271454,0.00101600020781981,0.0636121800024557));
#4455=CARTESIAN_POINT('',(1.13002328652017,0.00508000139810618,0.0634234636733361));
#4456=CARTESIAN_POINT('',(1.12848351993924,0.00487254418967842,0.0634395709557458));
#4457=CARTESIAN_POINT('',(1.12694374223731,0.00466513777844567,0.0634553150313891));
#4458=CARTESIAN_POINT('',(1.12540391682268,0.00445796194552007,0.0634692767051154));
#4459=CARTESIAN_POINT('',(1.11930184583285,0.00363695871497229,0.063524604486697));
#4460=CARTESIAN_POINT('',(1.11319935990631,0.00281801845072027,0.0635640807478635));
#4461=CARTESIAN_POINT('',(1.10709658671045,0.00200080039328934,0.0635903828284731));
#4462=CARTESIAN_POINT('',(1.10496062228343,0.00171477490229159,0.0635995885300019));
#4463=CARTESIAN_POINT('',(1.10282458591788,0.00142918695186223,0.0636054482666598));
#4464=CARTESIAN_POINT('',(1.10068852928884,0.00114374220333564,0.063610216181984));
#4465=CARTESIAN_POINT('',(1.10036983154494,0.001101154101444,0.0636109275506978));
#4466=CARTESIAN_POINT('',(1.10005113252534,0.00105857447329729,0.0636115742361511));
#4467=CARTESIAN_POINT('',(1.09973243271454,0.00101600020781981,0.0636121800024557));
#4468=CARTESIAN_POINT('',(1.09973082669117,-0.00101600018417925,0.0636105833123579));
#4469=CARTESIAN_POINT('',(1.09973082669117,-0.00101600018417925,0.0636105833123579));
#4470=CARTESIAN_POINT('',(1.09973305879581,-0.000952211177699211,0.0636127974816531));
#4471=CARTESIAN_POINT('',(1.09973297979159,-0.000888326180471666,0.0636127253681732));
#4472=CARTESIAN_POINT('',(1.09973376283673,-0.000824469320312894,0.063613506671857));
#4473=CARTESIAN_POINT('',(1.09973455109892,-0.000760187013605319,0.0636142931809792));
#4474=CARTESIAN_POINT('',(1.09973547048853,-0.000695907834848291,0.0636152105231953));
#4475=CARTESIAN_POINT('',(1.09973613187026,-0.000631622673279495,0.0636158704366698));
#4476=CARTESIAN_POINT('',(1.09973701371264,-0.000545909118097095,0.0636167503213684));
#4477=CARTESIAN_POINT('',(1.09973784369663,-0.000460194102956001,0.0636175784640928));
#4478=CARTESIAN_POINT('',(1.09973837717846,-0.000374474808556139,0.0636181107701981));
#4479=CARTESIAN_POINT('',(1.09973877728979,-0.000310185345991369,0.0636185099997258));
#4480=CARTESIAN_POINT('',(1.09973916200246,-0.000245895513555436,0.0636188938651742));
#4481=CARTESIAN_POINT('',(1.09973937556075,-0.000181604274234402,0.0636191069604091));
#4482=CARTESIAN_POINT('',(1.09973985372354,-3.7654443634013E-05,0.0636195840864263));
#4483=CARTESIAN_POINT('',(1.09973999857131,0.000106298545200664,0.0636197286456074));
#4484=CARTESIAN_POINT('',(1.09973949116474,0.000250248176278456,0.0636192224145216));
#4485=CARTESIAN_POINT('',(1.09973928591146,0.000308477881211526,0.0636190176367356));
#4486=CARTESIAN_POINT('',(1.09973904558948,0.000366707414272573,0.0636187778689766));
#4487=CARTESIAN_POINT('',(1.09973868992923,0.000424935673638157,0.0636184230218429));
#4488=CARTESIAN_POINT('',(1.09973845282575,0.000463753964989403,0.063618186460428));
#4489=CARTESIAN_POINT('',(1.09973820432591,0.000502572139765423,0.0636179385282447));
#4490=CARTESIAN_POINT('',(1.09973789337283,0.000541389390812525,0.06361762828299));
#4491=CARTESIAN_POINT('',(1.09973711601657,0.000638429214591517,0.0636168526962591));
#4492=CARTESIAN_POINT('',(1.09973619398103,0.000735467037515269,0.0636159327549986));
#4493=CARTESIAN_POINT('',(1.09973497440862,0.000832497781264382,0.0636147159447354));
#4494=CARTESIAN_POINT('',(1.09973420557178,0.000893667425856892,0.0636139488491896));
#4495=CARTESIAN_POINT('',(1.09973336170144,0.000954834998503324,0.0636131068885689));
#4496=CARTESIAN_POINT('',(1.09973243271454,0.00101600020781981,0.0636121800024557));
#4497=CARTESIAN_POINT('',(1.13001498300106,-0.00508000123058701,0.063415179372485));
#4498=CARTESIAN_POINT('',(1.1298639701972,-0.0050596503757625,0.063416774478654));
#4499=CARTESIAN_POINT('',(1.12971295866151,-0.0050392951689735,0.0634184331749284));
#4500=CARTESIAN_POINT('',(1.12956194605341,-0.00501894439435231,0.063420047718732));
#4501=CARTESIAN_POINT('',(1.12951983703382,-0.00501326969488269,0.0634204979252246));
#4502=CARTESIAN_POINT('',(1.12947776729546,-0.00500737676198716,0.063422620401229));
#4503=CARTESIAN_POINT('',(1.12943564174407,-0.00500184076305808,0.0634220161941659));
#4504=CARTESIAN_POINT('',(1.12943211091253,-0.00500137675299853,0.0634219655514258));
#4505=CARTESIAN_POINT('',(1.12942858545346,-0.0050009533478348,0.0634216164160104));
#4506=CARTESIAN_POINT('',(1.12942505730816,-0.00500050964022316,0.0634214165269326));
#4507=CARTESIAN_POINT('',(1.12942250550515,-0.00500022364324618,0.0634210106140741));
#4508=CARTESIAN_POINT('',(1.12941994479563,-0.00499991786086623,0.0634207438721142));
#4509=CARTESIAN_POINT('',(1.12941736775811,-0.00499957580657399,0.063420732267471));
#4510=CARTESIAN_POINT('',(1.12941248957427,-0.00499886433676256,0.0634211890786294));
#4511=CARTESIAN_POINT('',(1.12940761962643,-0.00499813460436529,0.0634217907692224));
#4512=CARTESIAN_POINT('',(1.12940271609971,-0.0049974635527799,0.0634219198381847));
#4513=CARTESIAN_POINT('',(1.1291231117132,-0.00495919946703146,0.0634292794897384));
#4514=CARTESIAN_POINT('',(1.12884326073914,-0.00492208387395102,0.0634277987485296));
#4515=CARTESIAN_POINT('',(1.12856349317798,-0.0048844101781818,0.0634305776068075));
#4516=CARTESIAN_POINT('',(1.12698654886269,-0.0046720577519993,0.063446240983741));
#4517=CARTESIAN_POINT('',(1.12540964562224,-0.00445950474843951,0.0634634462966902));
#4518=CARTESIAN_POINT('',(1.12383263473108,-0.00424747736681384,0.0634766108855568));
#4519=CARTESIAN_POINT('',(1.12318328269541,-0.00416017269907419,0.0634820315536238));
#4520=CARTESIAN_POINT('',(1.12253394508322,-0.00407279616949994,0.0634880043666652));
#4521=CARTESIAN_POINT('',(1.12188459598926,-0.00398547673858417,0.0634935384450926));
#4522=CARTESIAN_POINT('',(1.11751702794068,-0.0033981600547969,0.0635307610489933));
#4523=CARTESIAN_POINT('',(1.11314922435454,-0.00281203191994025,0.0635588545377621));
#4524=CARTESIAN_POINT('',(1.10878126031507,-0.00222685370859691,0.0635796795001538));
#4525=CARTESIAN_POINT('',(1.10576453601281,-0.00182270172489055,0.0635940622124594));
#4526=CARTESIAN_POINT('',(1.10274777589211,-0.0014187123866331,0.0636071766782938));
#4527=CARTESIAN_POINT('',(1.09973082669117,-0.00101600018417925,0.063610583312358));
#4528=CARTESIAN_POINT('',(1.12996281763074,0.0633631311707088,0.00507999609396481));
#4529=CARTESIAN_POINT('',(1.27,0.0633716096272048,0.0050799956356265));
#4530=CARTESIAN_POINT('',(1.12996281763074,0.0633631311707088,0.00507999609396481));
#4531=CARTESIAN_POINT('',(1.13012630455171,0.0633450375879688,0.00507999555535159));
#4532=CARTESIAN_POINT('',(1.13029059502244,0.0633181377397929,0.00507999559722463));
#4533=CARTESIAN_POINT('',(1.130455333486,0.0633905484100438,0.0050799956340735));
#4534=CARTESIAN_POINT('',(1.1306183992822,0.0633689869357596,0.00507999563584132));
#4535=CARTESIAN_POINT('',(1.13062406036604,0.0633682383954992,0.00507999563590269));
#4536=CARTESIAN_POINT('',(1.13062962012138,0.0633669018694016,0.00507999563601227));
#4537=CARTESIAN_POINT('',(1.13063515454459,0.0633654183468447,0.00507999563613391));
#4538=CARTESIAN_POINT('',(1.13064073963205,0.0633642288172064,0.00507999563623143));
#4539=CARTESIAN_POINT('',(1.13064258512443,0.0633636936894768,0.00507999563627531));
#4540=CARTESIAN_POINT('',(1.13064446012661,0.0633633279734288,0.00507999563630529));
#4541=CARTESIAN_POINT('',(1.13064635920992,0.0633631005036938,0.00507999563632394));
#4542=CARTESIAN_POINT('',(1.13064827694565,0.0633629801149029,0.00507999563633381));
#4543=CARTESIAN_POINT('',(1.13065780126751,0.0633635239007948,0.00507999563628923));
#4544=CARTESIAN_POINT('',(1.13066732532612,0.0633641039056797,0.00507999563624167));
#4545=CARTESIAN_POINT('',(1.13067685334441,0.063364590387426,0.00507999563620179));
#4546=CARTESIAN_POINT('',(1.13068638954528,0.0633648536039023,0.00507999563618021));
#4547=CARTESIAN_POINT('',(1.13070296091932,0.0633653110039444,0.0050799956361427));
#4548=CARTESIAN_POINT('',(1.13071953680634,0.0633657112327893,0.00507999563610989));
#4549=CARTESIAN_POINT('',(1.13073611476191,0.0633659392642496,0.0050799956360912));
#4550=CARTESIAN_POINT('',(1.13075269234161,0.0633658800721375,0.00507999563609605));
#4551=CARTESIAN_POINT('',(1.13135057390176,0.0633637452688084,0.00507999563627108));
#4552=CARTESIAN_POINT('',(1.13194844526675,0.0633631780923705,0.00507999563631758));
#4553=CARTESIAN_POINT('',(1.13254631790216,0.0633633228332954,0.00507999563630571));
#4554=CARTESIAN_POINT('',(1.13314420327357,0.0633633237820549,0.00507999563630564));
#4555=CARTESIAN_POINT('',(1.13416679116992,0.0633633254047571,0.00507999563630551));
#4556=CARTESIAN_POINT('',(1.13518937902654,0.0633634652123202,0.00507999563629405));
#4557=CARTESIAN_POINT('',(1.13621196688305,0.0633635961213329,0.00507999563628331));
#4558=CARTESIAN_POINT('',(1.13723455477909,0.0633635710483845,0.00507999563628537));
#4559=CARTESIAN_POINT('',(1.13814352178031,0.0633635487613197,0.00507999563628719));
#4560=CARTESIAN_POINT('',(1.13905248877674,0.0633636500585613,0.00507999563627888));
#4561=CARTESIAN_POINT('',(1.13996145577315,0.0633637669949314,0.0050799956362693));
#4562=CARTESIAN_POINT('',(1.14087042277432,0.063363791625252,0.00507999563626728));
#4563=CARTESIAN_POINT('',(1.14450629077872,0.0633638901465343,0.00507999563625923));
#4564=CARTESIAN_POINT('',(1.14814215876482,0.063364231814635,0.00507999563623122));
#4565=CARTESIAN_POINT('',(1.15177802675091,0.063364573575981,0.00507999563620318));
#4566=CARTESIAN_POINT('',(1.15541389475531,0.0633646723769992,0.00507999563619509));
#4567=CARTESIAN_POINT('',(1.15586837825566,0.0633646847271265,0.00507999563619408));
#4568=CARTESIAN_POINT('',(1.15632286175405,0.0633647308669638,0.0050799956361903));
#4569=CARTESIAN_POINT('',(1.15677734525247,0.0633647752874818,0.00507999563618665));
#4570=CARTESIAN_POINT('',(1.15723182875293,0.0633647824796512,0.00507999563618607));
#4571=CARTESIAN_POINT('',(1.16132218027704,0.063364847209176,0.00507999563618077));
#4572=CARTESIAN_POINT('',(1.16541253174196,0.0633653370949301,0.00507999563614061));
#4573=CARTESIAN_POINT('',(1.16950288320704,0.0633657972688981,0.00507999563610288));
#4574=CARTESIAN_POINT('',(1.17359323473158,0.0633657728630644,0.00507999563610489));
#4575=CARTESIAN_POINT('',(1.17668117968405,0.0633657544382736,0.0050799956361064));
#4576=CARTESIAN_POINT('',(1.17976912462494,0.0633660056163496,0.00507999563608582));
#4577=CARTESIAN_POINT('',(1.18285706956455,0.0633663146407297,0.00507999563606048));
#4578=CARTESIAN_POINT('',(1.18594501451318,0.0633664697548513,0.00507999563604777));
#4579=CARTESIAN_POINT('',(1.20159790088089,0.0633672560330266,0.00507999563598332));
#4580=CARTESIAN_POINT('',(1.21725078718225,0.06336884906015,0.00507999563585274));
#4581=CARTESIAN_POINT('',(1.23290367349009,0.0633702132534954,0.00507999563574092));
#4582=CARTESIAN_POINT('',(1.24855655987723,0.0633703130303368,0.00507999563573277));
#4583=CARTESIAN_POINT('',(1.2539174199213,0.0633703472022888,0.00507999563572997));
#4584=CARTESIAN_POINT('',(1.25927827994346,0.0633707966006092,0.00507999563569314));
#4585=CARTESIAN_POINT('',(1.2646391399632,0.0633713283630104,0.00507999563564955));
#4586=CARTESIAN_POINT('',(1.27,0.0633716096272049,0.0050799956356265));
#4587=CARTESIAN_POINT('',(1.27,0.0633493804553339,-0.00508000602542679));
#4588=CARTESIAN_POINT('',(1.27,0.0633716096272048,0.0050799956356265));
#4589=CARTESIAN_POINT('',(1.27,0.0633951226751933,0.00477207539351133));
#4590=CARTESIAN_POINT('',(1.27,0.0634177998425512,0.00446407958641952));
#4591=CARTESIAN_POINT('',(1.27,0.0634384165241568,0.00415594721174863));
#4592=CARTESIAN_POINT('',(1.27,0.0634557481148883,0.00384761726689623));
#4593=CARTESIAN_POINT('',(1.27,0.0635811203044352,0.00161723917363288));
#4594=CARTESIAN_POINT('',(1.27,0.0636275508694767,-0.000619538035864827));
#4595=CARTESIAN_POINT('',(1.27,0.0635180358418974,-0.00285248274038488));
#4596=CARTESIAN_POINT('',(1.27,0.0633493804553338,-0.00508000602542679));
#4597=CARTESIAN_POINT('',(1.12994303363863,0.0633433907973125,-0.00508000652852908));
#4598=CARTESIAN_POINT('',(1.12994303363863,0.0633433907973125,-0.00508000652852908));
#4599=CARTESIAN_POINT('',(1.15503649534056,0.0633444609502018,-0.0050800047260695));
#4600=CARTESIAN_POINT('',(1.18012995704217,0.0633455385554105,-0.00508000602511173));
#4601=CARTESIAN_POINT('',(1.20522341874409,0.0633466087824186,-0.0050800060251995));
#4602=CARTESIAN_POINT('',(1.20811436160286,0.0633467320800793,-0.00508000602520961));
#4603=CARTESIAN_POINT('',(1.21100530446151,0.0633468580418491,-0.00508000602521994));
#4604=CARTESIAN_POINT('',(1.21389624732026,0.0633469817357954,-0.00508000602523008));
#4605=CARTESIAN_POINT('',(1.23259749821348,0.0633477819008751,-0.0050800060252957));
#4606=CARTESIAN_POINT('',(1.25129874910661,0.0633485841329161,-0.00508000602536149));
#4607=CARTESIAN_POINT('',(1.27,0.0633493804553339,-0.00508000602542679));
#4608=CARTESIAN_POINT('',(1.0996652687092,0.0635451666754003,-0.00101600531577056));
#4609=CARTESIAN_POINT('',(1.12994303363863,0.0633433907973125,-0.00508000652852908));
#4610=CARTESIAN_POINT('',(1.12883326276044,0.0633555462104978,-0.00493040574842301));
#4611=CARTESIAN_POINT('',(1.12772348337205,0.0633674660317974,-0.00478084787508241));
#4612=CARTESIAN_POINT('',(1.12661368085108,0.063378522602724,-0.004631396658178));
#4613=CARTESIAN_POINT('',(1.11763172289578,0.0634680066805809,-0.00342184403846957));
#4614=CARTESIAN_POINT('',(1.10864869724695,0.0635167923955575,-0.00221758771336341));
#4615=CARTESIAN_POINT('',(1.0996652687092,0.0635451666754003,-0.00101600531577056));
#4616=CARTESIAN_POINT('',(1.09966910459712,0.0635490000925015,0.00101599506270934));
#4617=CARTESIAN_POINT('',(1.09966910459712,0.0635490000925015,0.00101599506270934));
#4618=CARTESIAN_POINT('',(1.09967115183162,0.0635510292906909,0.000953185376245207));
#4619=CARTESIAN_POINT('',(1.09967088668568,0.0635507717108693,0.000890291169121505));
#4620=CARTESIAN_POINT('',(1.09967149453574,0.0635513782074163,0.000827421238245385));
#4621=CARTESIAN_POINT('',(1.09967247347497,0.0635523549668261,0.00072616955449005));
#4622=CARTESIAN_POINT('',(1.09967354269303,0.0635534218024235,0.000624919181632118));
#4623=CARTESIAN_POINT('',(1.09967416528338,0.0635540430128283,0.000523661874127172));
#4624=CARTESIAN_POINT('',(1.09967478805766,0.0635546644067683,0.00042237465039944));
#4625=CARTESIAN_POINT('',(1.09967518413362,0.0635550596112397,0.000321084805892505));
#4626=CARTESIAN_POINT('',(1.09967537283345,0.0635552479050663,0.000219794112309528));
#4627=CARTESIAN_POINT('',(1.09967577076721,0.0635556449826479,6.1903826262499E-06));
#4628=CARTESIAN_POINT('',(1.09967491759796,0.0635547937655141,-0.000207416313109057));
#4629=CARTESIAN_POINT('',(1.09967314938342,0.0635530295570419,-0.000421006177902048));
#4630=CARTESIAN_POINT('',(1.09967178921418,0.0635516724694031,-0.000585306582226451));
#4631=CARTESIAN_POINT('',(1.09966992972125,0.0635498171788761,-0.000749602229378155));
#4632=CARTESIAN_POINT('',(1.09966702586081,0.063546919865089,-0.000913862656066237));
#4633=CARTESIAN_POINT('',(1.09966642396397,0.0635463193252049,-0.000947909688885635));
#4634=CARTESIAN_POINT('',(1.09966590467802,0.0635458012107778,-0.0009819595189626));
#4635=CARTESIAN_POINT('',(1.0996652687092,0.0635451666754003,-0.00101600531577056));
#4636=CARTESIAN_POINT('',(1.12996281763074,0.0633631311707088,0.00507999609396481));
#4637=CARTESIAN_POINT('',(1.12983887754545,0.0633643955883963,0.00506329642165832));
#4638=CARTESIAN_POINT('',(1.12971496631937,0.0633669036994589,0.0050464438719833));
#4639=CARTESIAN_POINT('',(1.12959099295236,0.0633666623454533,0.00502994633973373));
#4640=CARTESIAN_POINT('',(1.12958809696251,0.0633663563932789,0.0050296010931136));
#4641=CARTESIAN_POINT('',(1.12958519841648,0.0633662046046302,0.0050292349042744));
#4642=CARTESIAN_POINT('',(1.129582295557,0.0633663129615775,0.00502883337616783));
#4643=CARTESIAN_POINT('',(1.12957323304031,0.0633675535818036,0.00502745925209579));
#4644=CARTESIAN_POINT('',(1.12956411081482,0.0633686429278982,0.00502609738212562));
#4645=CARTESIAN_POINT('',(1.1295549409607,0.0633685232732871,0.00502489072454495));
#4646=CARTESIAN_POINT('',(1.12941709531584,0.0633667245677884,0.00500675166909396));
#4647=CARTESIAN_POINT('',(1.12927948687801,0.0633701791657863,0.00498794222444652));
#4648=CARTESIAN_POINT('',(1.12914169346648,0.0633716101613243,0.00496937853751218));
#4649=CARTESIAN_POINT('',(1.12865240331051,0.0633766914785096,0.00490346080476248));
#4650=CARTESIAN_POINT('',(1.12816310701492,0.0633815510651652,0.00483757188400121));
#4651=CARTESIAN_POINT('',(1.12767380932034,0.0633863593280878,0.00477168963527389));
#4652=CARTESIAN_POINT('',(1.12629597547525,0.0633998991167774,0.00458616905528098));
#4653=CARTESIAN_POINT('',(1.12491808717829,0.0634114078997717,0.00440091262523398));
#4654=CARTESIAN_POINT('',(1.12354024141758,0.0634245091369338,0.00421544906162342));
#4655=CARTESIAN_POINT('',(1.12300693305914,0.0634295800958784,0.0041436636183752));
#4656=CARTESIAN_POINT('',(1.12247359497461,0.0634335155391848,0.0040720259544635));
#4657=CARTESIAN_POINT('',(1.12194026776937,0.0634378709974222,0.00400033361310103));
#4658=CARTESIAN_POINT('',(1.11627539201347,0.0634841336473159,0.003238834476212));
#4659=CARTESIAN_POINT('',(1.11061016201702,0.0635165667914061,0.00247913619111767));
#4660=CARTESIAN_POINT('',(1.10494464861284,0.0635354040343514,0.00172121698480829));
#4661=CARTESIAN_POINT('',(1.10355826749632,0.0635400136074022,0.00153575014349913));
#4662=CARTESIAN_POINT('',(1.10217187014044,0.0635438466106856,0.00135038491259817));
#4663=CARTESIAN_POINT('',(1.10078545517429,0.0635467827072144,0.00116513719036045));
#4664=CARTESIAN_POINT('',(1.10041333931225,0.0635475707599385,0.00111541642310485));
#4665=CARTESIAN_POINT('',(1.10004122291306,0.0635482985230455,0.00106569875725048));
#4666=CARTESIAN_POINT('',(1.09966910459712,0.0635490000925015,0.00101599506270934));
#4667=CARTESIAN_POINT('',(0.425,0.0634398738523918,-0.00315151345110506));
#4668=CARTESIAN_POINT('',(0.321413051026528,0.0619196925326154,-0.00318964412834648));
#4669=CARTESIAN_POINT('',(0.321456133538705,0.0619218867275048,-0.00318958910120248));
#4670=CARTESIAN_POINT('',(0.321499215855056,0.061924084769583,-0.00318953397757672));
#4671=CARTESIAN_POINT('',(0.321542298612041,0.0619262741554655,-0.00318947907103546));
#4672=CARTESIAN_POINT('',(0.322369105847634,0.061968290967199,-0.00318842535189658));
#4673=CARTESIAN_POINT('',(0.323195948793948,0.0620096104912183,-0.00318738911969633));
#4674=CARTESIAN_POINT('',(0.324022845995296,0.0620498190625972,-0.0031863807485358));
#4675=CARTESIAN_POINT('',(0.325425706302053,0.0621180343240431,-0.00318467001124792));
#4676=CARTESIAN_POINT('',(0.326828677613491,0.0621839693561248,-0.00318301645872068));
#4677=CARTESIAN_POINT('',(0.328231763481182,0.0622473791965351,-0.00318142623424437));
#4678=CARTESIAN_POINT('',(0.331877429370853,0.0624121382448416,-0.00317729432238945));
#4679=CARTESIAN_POINT('',(0.335523833473541,0.0625608559009045,-0.00317356470479068));
#4680=CARTESIAN_POINT('',(0.33917093962964,0.0626898853979493,-0.00317032883693424));
#4681=CARTESIAN_POINT('',(0.343355514534721,0.062837929784989,-0.0031666161039211));
#4682=CARTESIAN_POINT('',(0.347540819002882,0.0629651811071124,-0.00316342483004667));
#4683=CARTESIAN_POINT('',(0.351726661228101,0.0630715569025493,-0.00316075708332952));
#4684=CARTESIAN_POINT('',(0.352876134796148,0.063100768745365,-0.00316002449376388));
#4685=CARTESIAN_POINT('',(0.354025675381517,0.063127300164347,-0.00315935912524091));
#4686=CARTESIAN_POINT('',(0.355175237694654,0.0631527841172308,-0.00315872002560957));
#4687=CARTESIAN_POINT('',(0.35537712305025,0.0631572595917928,-0.00315860778736475));
#4688=CARTESIAN_POINT('',(0.355579009975622,0.0631616643601472,-0.00315849732232645));
#4689=CARTESIAN_POINT('',(0.355780898405138,0.0631659990440266,-0.00315838861490253));
#4690=CARTESIAN_POINT('',(0.356414626021833,0.0631796056132124,-0.00315804738238693));
#4691=CARTESIAN_POINT('',(0.357048363436991,0.0631927545651929,-0.00315771762623012));
#4692=CARTESIAN_POINT('',(0.357682110027637,0.0632054472735903,-0.00315739931198373));
#4693=CARTESIAN_POINT('',(0.357879634179508,0.0632094032971779,-0.00315730010079668));
#4694=CARTESIAN_POINT('',(0.358077159659302,0.0632132932140101,-0.00315720254746872));
#4695=CARTESIAN_POINT('',(0.35827468655681,0.063217109774971,-0.0031571068337969));
#4696=CARTESIAN_POINT('',(0.359425296854787,0.0632393415540345,-0.00315654929384742));
#4697=CARTESIAN_POINT('',(0.360575926166156,0.063260690525977,-0.00315601389338738));
#4698=CARTESIAN_POINT('',(0.36172660427594,0.0632790833387393,-0.00315555262900233));
#4699=CARTESIAN_POINT('',(0.366701144001737,0.0633585979979454,-0.00315355851962632));
#4700=CARTESIAN_POINT('',(0.371676138765995,0.0634090883309255,-0.00315229229717879));
#4701=CARTESIAN_POINT('',(0.376651271328387,0.0634297706574775,-0.00315177361519351));
#4702=CARTESIAN_POINT('',(0.378458137619725,0.0634372820550543,-0.00315158524051538));
#4703=CARTESIAN_POINT('',(0.380265025189505,0.0634378138469213,-0.00315157190396638));
#4704=CARTESIAN_POINT('',(0.382071907101998,0.0634378890214395,-0.00315157001870129));
#4705=CARTESIAN_POINT('',(0.394864341165737,0.0634384212449677,-0.00315155667132692));
#4706=CARTESIAN_POINT('',(0.407656775224019,0.0634390773171292,-0.00315154021801298));
#4707=CARTESIAN_POINT('',(0.42044920928537,0.0634396641042445,-0.00315152550226496));
#4708=CARTESIAN_POINT('',(0.42196613952361,0.0634397336856169,-0.00315152375726764));
#4709=CARTESIAN_POINT('',(0.423483069762104,0.0634397986818379,-0.00315152891333742));
#4710=CARTESIAN_POINT('',(0.425,0.0634398738523918,-0.00315151345110506));
#4711=CARTESIAN_POINT('',(0.425,0.0634443468448609,0.00315139088773122));
#4712=CARTESIAN_POINT('',(0.425,0.0634443468448609,0.00315139088773122));
#4713=CARTESIAN_POINT('',(0.423835555393602,0.0634442834447417,0.00315134462199131));
#4714=CARTESIAN_POINT('',(0.422671110785844,0.0634442139252716,0.00315138742973917));
#4715=CARTESIAN_POINT('',(0.421506666178772,0.0634441461827489,0.00315138912864652));
#4716=CARTESIAN_POINT('',(0.41170723947863,0.0634435760930415,0.00315140342586421));
#4717=CARTESIAN_POINT('',(0.401907812777726,0.0634430191454494,0.00315141739349223));
#4718=CARTESIAN_POINT('',(0.392108386076714,0.0634424641852417,0.00315143131127886));
#4719=CARTESIAN_POINT('',(0.389197642663254,0.0634422993442955,0.003151435445307));
#4720=CARTESIAN_POINT('',(0.386286899251339,0.0634421054109568,0.00315144030894008));
#4721=CARTESIAN_POINT('',(0.383376155836582,0.0634419653141343,0.00315144382241304));
#4722=CARTESIAN_POINT('',(0.379665185062763,0.0634417867016152,0.00315144830181695));
#4723=CARTESIAN_POINT('',(0.37595419170329,0.0634368381782006,0.00315157240529687));
#4724=CARTESIAN_POINT('',(0.372243325420526,0.0634089982782253,0.00315227059911716));
#4725=CARTESIAN_POINT('',(0.369831454217907,0.0633909037827848,0.0031527243889982));
#4726=CARTESIAN_POINT('',(0.367419629124199,0.0633660626807132,0.00315334737629237));
#4727=CARTESIAN_POINT('',(0.365007925371925,0.063332378673131,0.00315419213385103));
#4728=CARTESIAN_POINT('',(0.356726444299395,0.0632167121154223,0.0031570929228581));
#4729=CARTESIAN_POINT('',(0.348446170518505,0.0630158205716189,0.0031621310600122));
#4730=CARTESIAN_POINT('',(0.340168860099728,0.0627287729627031,0.00316932989574265));
#4731=CARTESIAN_POINT('',(0.339852995113303,0.0627178191281232,0.00316960460576744));
#4732=CARTESIAN_POINT('',(0.33953713616742,0.0627066893437034,0.0031698837284191));
#4733=CARTESIAN_POINT('',(0.339221286707519,0.0626952968612646,0.00317016943924577));
#4734=CARTESIAN_POINT('',(0.334568678277993,0.062527480332958,0.00317437809168742));
#4735=CARTESIAN_POINT('',(0.32991696319067,0.0623347377127265,0.00317921186287451));
#4736=CARTESIAN_POINT('',(0.32526660033829,0.0621132884047533,0.00318476556595792));
#4737=CARTESIAN_POINT('',(0.323983204986455,0.0620521733860889,0.00318629826285685));
#4738=CARTESIAN_POINT('',(0.322699932312604,0.0619885053422622,0.00318789498679584));
#4739=CARTESIAN_POINT('',(0.321416735216192,0.0619233626792624,0.00318952869254852));
#4740=CARTESIAN_POINT('',(0.425,0.0634443468448609,0.00315139088773122));
#4741=CARTESIAN_POINT('',(0.425000000000001,0.0634534194067721,0.0029649957935203));
#4742=CARTESIAN_POINT('',(0.425,0.0634621397378917,0.0027785799120537));
#4743=CARTESIAN_POINT('',(0.425,0.0634692709778286,0.00259210045489422));
#4744=CARTESIAN_POINT('',(0.425000000000001,0.0635099974991266,0.00152711601307602));
#4745=CARTESIAN_POINT('',(0.425,0.0635262704021596,0.000461220242739362));
#4746=CARTESIAN_POINT('',(0.425,0.0635170550336421,-0.000604502792497722));
#4747=CARTESIAN_POINT('',(0.425,0.063513235999142,-0.0010461599038082));
#4748=CARTESIAN_POINT('',(0.425,0.063503325016897,-0.00148775422344347));
#4749=CARTESIAN_POINT('',(0.425,0.0634896784686804,-0.0019292169746665));
#4750=CARTESIAN_POINT('',(0.425,0.063486969603587,-0.00201684814833818));
#4751=CARTESIAN_POINT('',(0.425,0.0634840936779831,-0.00210447433337048));
#4752=CARTESIAN_POINT('',(0.425,0.0634809616276713,-0.00219209140254091));
#4753=CARTESIAN_POINT('',(0.425,0.0634695261852078,-0.002511990463396));
#4754=CARTESIAN_POINT('',(0.425,0.0634553298206443,-0.00283178342197786));
#4755=CARTESIAN_POINT('',(0.425,0.0634398738523918,-0.00315151345110506));
#4756=CARTESIAN_POINT('',(0.321434886663754,0.0031890938327327,0.0619414371595886));
#4757=CARTESIAN_POINT('',(0.425,0.00315082237059207,0.0634672272346018));
#4758=CARTESIAN_POINT('',(0.321434886663754,0.0031890938327327,0.0619414371595886));
#4759=CARTESIAN_POINT('',(0.322321509797164,0.00318796645417528,0.061986390979751));
#4760=CARTESIAN_POINT('',(0.323208144350233,0.00318684435192504,0.0620311344090363));
#4761=CARTESIAN_POINT('',(0.3240948648599,0.00318576618447451,0.062074125953764));
#4762=CARTESIAN_POINT('',(0.332154661442164,0.00317596624160849,0.0624648952000883));
#4763=CARTESIAN_POINT('',(0.34021841857346,0.00316823676392478,0.0627731053815387));
#4764=CARTESIAN_POINT('',(0.348284420696032,0.00316247991800862,0.063002657570833));
#4765=CARTESIAN_POINT('',(0.349457454708534,0.00316164270324451,0.0630360412126415));
#4766=CARTESIAN_POINT('',(0.350630554290583,0.0031608625159211,0.0630671509054762));
#4767=CARTESIAN_POINT('',(0.351803708034294,0.00316013838606224,0.0630960253267923));
#4768=CARTESIAN_POINT('',(0.359935713497173,0.00315511890076495,0.0632961755229096));
#4769=CARTESIAN_POINT('',(0.368069690880979,0.003152127809796,0.0634154442145318));
#4770=CARTESIAN_POINT('',(0.376204077944871,0.00315120827871423,0.0634521101903149));
#4771=CARTESIAN_POINT('',(0.378277509393867,0.00315097389293343,0.0634614562402016));
#4772=CARTESIAN_POINT('',(0.380350968978022,0.00315095682595671,0.0634621367798456));
#4773=CARTESIAN_POINT('',(0.382424421488077,0.00315095039406914,0.0634623932490818));
#4774=CARTESIAN_POINT('',(0.395685491203387,0.00315090925798855,0.0634640335357074));
#4775=CARTESIAN_POINT('',(0.408946560951997,0.00315087516994037,0.0634653927845394));
#4776=CARTESIAN_POINT('',(0.422207630681842,0.00315083709280996,0.0634669110966112));
#4777=CARTESIAN_POINT('',(0.423138420454492,0.0031508344201897,0.0634670176663961));
#4778=CARTESIAN_POINT('',(0.424069210228604,0.00315087146376428,0.0634671209933528));
#4779=CARTESIAN_POINT('',(0.425,0.00315082237059207,0.0634672272346018));
#4780=CARTESIAN_POINT('',(0.321433784141451,-0.00318910789057809,0.0619403400884389));
#4781=CARTESIAN_POINT('',(0.321434886663754,0.0031890938327327,0.0619414371595886));
#4782=CARTESIAN_POINT('',(0.321435430245292,0.00317905472257712,0.0619419784704379));
#4783=CARTESIAN_POINT('',(0.321435980149823,0.00316901628850509,0.0619425260778515));
#4784=CARTESIAN_POINT('',(0.321436515783198,0.00315897632751248,0.0619430594737591));
#4785=CARTESIAN_POINT('',(0.321446741937004,0.00296729636489904,0.0619532429104975));
#4786=CARTESIAN_POINT('',(0.321456165224649,0.0027755309943721,0.0619626268368352));
#4787=CARTESIAN_POINT('',(0.32146465155249,0.00258368196650605,0.0619710777196048));
#4788=CARTESIAN_POINT('',(0.321470542324157,0.00245051025325642,0.0619769438871294));
#4789=CARTESIAN_POINT('',(0.321475988413514,0.00231729848849656,0.0619823672309946));
#4790=CARTESIAN_POINT('',(0.321480860791711,0.00218404483544614,0.061987219261654));
#4791=CARTESIAN_POINT('',(0.321487092193545,0.0020136235289853,0.0619934246405314));
#4792=CARTESIAN_POINT('',(0.321493271580959,0.00184318800339634,0.0619995782223957));
#4793=CARTESIAN_POINT('',(0.321497616788162,0.00167265016463794,0.0620039052904123));
#4794=CARTESIAN_POINT('',(0.321530676731036,0.000375135237621031,0.0620368272236486));
#4795=CARTESIAN_POINT('',(0.321524452299036,-0.000924200128545398,0.062030628979713));
#4796=CARTESIAN_POINT('',(0.321478711439988,-0.00222094791275232,0.0619850794757581));
#4797=CARTESIAN_POINT('',(0.321467317457715,-0.00254396592275595,0.0619737331597641));
#4798=CARTESIAN_POINT('',(0.321450309037141,-0.00286653180418912,0.0619567958721567));
#4799=CARTESIAN_POINT('',(0.321433784141451,-0.00318910789057809,0.0619403400884388));
#4800=CARTESIAN_POINT('',(0.425,-0.00315086004250823,0.0634657171212471));
#4801=CARTESIAN_POINT('',(0.425,-0.00315086004250823,0.0634657171212471));
#4802=CARTESIAN_POINT('',(0.424126266315591,-0.00315082647559888,0.0634656253563519));
#4803=CARTESIAN_POINT('',(0.423252532630719,-0.00315083741351781,0.0634655305069199));
#4804=CARTESIAN_POINT('',(0.422378798945766,-0.00315086033849609,0.0634654344225247));
#4805=CARTESIAN_POINT('',(0.421505065261112,-0.00315086273276476,0.0634653389527398));
#4806=CARTESIAN_POINT('',(0.412584586637128,-0.00315088717730983,0.0634643642436367));
#4807=CARTESIAN_POINT('',(0.403664108012746,-0.00315091153130212,0.0634633931452619));
#4808=CARTESIAN_POINT('',(0.394743629387728,-0.0031509357382169,0.0634624279115004));
#4809=CARTESIAN_POINT('',(0.385823150761838,-0.00315095974152939,0.0634614707962375));
#4810=CARTESIAN_POINT('',(0.380387934645403,-0.00315097436666291,0.0634608876292887));
#4811=CARTESIAN_POINT('',(0.374952682600129,-0.0031507489281075,0.0634698768336902));
#4812=CARTESIAN_POINT('',(0.369517526164884,-0.00315208650304658,0.0634165419704122));
#4813=CARTESIAN_POINT('',(0.364082883377926,-0.00315406573344126,0.0633376215455365));
#4814=CARTESIAN_POINT('',(0.360215316251253,-0.00315547425405809,0.0632814577730794));
#4815=CARTESIAN_POINT('',(0.356347997716752,-0.00315731109945162,0.0632082148503362));
#4816=CARTESIAN_POINT('',(0.352481039034589,-0.00315957484611378,0.0631179495386931));
#4817=CARTESIAN_POINT('',(0.348614551464927,-0.00316226407053651,0.0630107185995364));
#4818=CARTESIAN_POINT('',(0.348532099841683,-0.00316232141739588,0.0630084319337096));
#4819=CARTESIAN_POINT('',(0.348449647796712,-0.00316237839323319,0.0630061600621278));
#4820=CARTESIAN_POINT('',(0.348367196276669,-0.00316243583770598,0.0630038695040343));
#4821=CARTESIAN_POINT('',(0.348284746228211,-0.00316249459047181,0.0630015267786725));
#4822=CARTESIAN_POINT('',(0.341848170457033,-0.00316708120547263,0.0628186387199706));
#4823=CARTESIAN_POINT('',(0.335412912374763,-0.0031728136820308,0.0625900602347282));
#4824=CARTESIAN_POINT('',(0.328979430546394,-0.00317968679649547,0.0623159996123619));
#4825=CARTESIAN_POINT('',(0.322548183536921,-0.00318769532521575,0.0619966651422884));
#4826=CARTESIAN_POINT('',(0.322269571287539,-0.00318804226791562,0.0619828310452802));
#4827=CARTESIAN_POINT('',(0.321990972240159,-0.00318839582565369,0.0619687331782601));
#4828=CARTESIAN_POINT('',(0.321712378992291,-0.00318875227451337,0.0619545200297918));
#4829=CARTESIAN_POINT('',(0.321433784141451,-0.00318910789057809,0.0619403400884389));
#4830=CARTESIAN_POINT('',(0.425,-0.00315086004250823,0.0634657171212471));
#4831=CARTESIAN_POINT('',(0.425,-0.0030780355356383,0.0634693129963901));
#4832=CARTESIAN_POINT('',(0.425,-0.00300521102145385,0.0634729131156231));
#4833=CARTESIAN_POINT('',(0.425,-0.00293237408995726,0.0634762478613485));
#4834=CARTESIAN_POINT('',(0.424999999999994,-0.00124867011257384,0.0635533340939253));
#4835=CARTESIAN_POINT('',(0.425,0.000438004969754908,0.0635644337498406));
#4836=CARTESIAN_POINT('',(0.425,0.00212258436324836,0.0635097196042575));
#4837=CARTESIAN_POINT('',(0.425,0.00246544586328111,0.0634985836648651));
#4838=CARTESIAN_POINT('',(0.425000000000001,0.00280819447798668,0.063484083822621));
#4839=CARTESIAN_POINT('',(0.425,0.00315082237059207,0.0634672272346018));
#4840=CARTESIAN_POINT('',(0.04197854269056,0.012251053242816,-0.0057127594695528));
#4841=CARTESIAN_POINT('',(0.0419785542265109,0.0122111204056176,-0.00579832927601169));
#4842=CARTESIAN_POINT('',(0.0419785657624675,0.0121703474667529,-0.00588350738638152));
#4843=CARTESIAN_POINT('',(0.0419785772958946,0.0121286585241508,-0.00596823551234277));
#4844=CARTESIAN_POINT('',(0.0419785852899503,0.012099763060086,-0.00602696232012863));
#4845=CARTESIAN_POINT('',(0.0419785932827917,0.0120704411361683,-0.00608547929940086));
#4846=CARTESIAN_POINT('',(0.0419786012735752,0.0120406958336813,-0.00614378026659907));
#4847=CARTESIAN_POINT('',(0.0419786109943881,0.0120045105805098,-0.00621470357488056));
#4848=CARTESIAN_POINT('',(0.0419786207121565,0.0119676987861189,-0.00628530722432837));
#4849=CARTESIAN_POINT('',(0.0419786304253628,0.0119302661819843,-0.00635558018038208));
#4850=CARTESIAN_POINT('',(0.041978640201229,0.0118925920995999,-0.00642630646825243));
#4851=CARTESIAN_POINT('',(0.0419786499724751,0.0118542891835685,-0.00649669779675592));
#4852=CARTESIAN_POINT('',(0.041978659737555,0.0118153634757733,-0.00656674302180571));
#4853=CARTESIAN_POINT('',(0.0419786695700294,0.0117761691189885,-0.0066372716697654));
#4854=CARTESIAN_POINT('',(0.0419786793962535,0.0117363433554484,-0.00670744943512312));
#4855=CARTESIAN_POINT('',(0.0419786892146509,0.0116958925553274,-0.006777265053409));
#4856=CARTESIAN_POINT('',(0.0419786990965857,0.0116551799878191,-0.00684753246626855));
#4857=CARTESIAN_POINT('',(0.0419787089705937,0.0116138342787584,-0.00691743304472766));
#4858=CARTESIAN_POINT('',(0.0419787188350701,0.011571862128355,-0.00698695542280805));
#4859=CARTESIAN_POINT('',(0.0419787287619205,0.0115296245840291,-0.00705691739753622));
#4860=CARTESIAN_POINT('',(0.0419787386791199,0.0114867526614622,-0.00712649638911617));
#4861=CARTESIAN_POINT('',(0.0419787485850362,0.0114432533973736,-0.0071956809400124));
#4862=CARTESIAN_POINT('',(0.041978758547219,0.011399507053318,-0.00726525846575341));
#4863=CARTESIAN_POINT('',(0.0419787684979914,0.0113551262305581,-0.00733443707252589));
#4864=CARTESIAN_POINT('',(0.0419787784356974,0.0113101182974832,-0.00740320523861515));
#4865=CARTESIAN_POINT('',(0.0419787884368955,0.0112648228083273,-0.0074724127651234));
#4866=CARTESIAN_POINT('',(0.0419787984248608,0.0112188921792354,-0.00754120460509578));
#4867=CARTESIAN_POINT('',(0.0419788083979097,0.0111723341347303,-0.00760956915406446));
#4868=CARTESIAN_POINT('',(0.0419788184303218,0.0111254989597887,-0.00767834063372582));
#4869=CARTESIAN_POINT('',(0.0419788284476408,0.0110780288866533,-0.00774667973614122));
#4870=CARTESIAN_POINT('',(0.0419788384481577,0.0110299319950999,-0.00781457479524101));
#4871=CARTESIAN_POINT('',(0.0419788485019465,0.0109815788954381,-0.00788283152562765));
#4872=CARTESIAN_POINT('',(0.0419788585387552,0.0109325922896729,-0.00795063948515486));
#4873=CARTESIAN_POINT('',(0.0419788685568533,0.0108829806057583,-0.00801798697441649));
#4874=CARTESIAN_POINT('',(0.041978878632874,0.0108330820772333,-0.00808572385308773));
#4875=CARTESIAN_POINT('',(0.0419788886899683,0.0107825512290642,-0.00815299493734567));
#4876=CARTESIAN_POINT('',(0.0419788987263822,0.010731396856732,-0.00821978848548595));
#4877=CARTESIAN_POINT('',(0.0419789088130606,0.0106799862930087,-0.0082869165491569));
#4878=CARTESIAN_POINT('',(0.0419789188788523,0.0106279459509567,-0.0083535622975342));
#4879=CARTESIAN_POINT('',(0.0419789289219839,0.0105752849807942,-0.00841971398093655));
#4880=CARTESIAN_POINT('',(0.0419789390265115,0.0105223020824355,-0.00848627006425869));
#4881=CARTESIAN_POINT('',(0.0419789491081026,0.0104686909509775,-0.00855232603950878));
#4882=CARTESIAN_POINT('',(0.0419789591649594,0.0104144611294685,-0.00861787011785101));
#4883=CARTESIAN_POINT('',(0.0419789692656118,0.0103599951477994,-0.00868369962770676));
#4884=CARTESIAN_POINT('',(0.0419789793413153,0.0103049050814992,-0.00874901278858958));
#4885=CARTESIAN_POINT('',(0.0419789893902574,0.0102492008234635,-0.00881379784214947));
#4886=CARTESIAN_POINT('',(0.0419789994892531,0.0101932191039529,-0.00887890558839286));
#4887=CARTESIAN_POINT('',(0.0419790095612215,0.0101366170639551,-0.00894347996925564));
#4888=CARTESIAN_POINT('',(0.0419790196043326,0.0100794049704003,-0.0090075092429705));
#4889=CARTESIAN_POINT('',(0.0419790296957558,0.0100219176603299,-0.00907184652697672));
#4890=CARTESIAN_POINT('',(0.0419790397580448,0.00996381441768612,-0.00913563346276037));
#4891=CARTESIAN_POINT('',(0.0419790497893537,0.00990510588434744,-0.00919885833956417));
#4892=CARTESIAN_POINT('',(0.0419790598671818,0.00984612509638584,-0.00926237641505672));
#4893=CARTESIAN_POINT('',(0.0419790699137433,0.00978653339448093,-0.00932532722239097));
#4894=CARTESIAN_POINT('',(0.041979079927178,0.00972634179559815,-0.00938769909656576));
#4895=CARTESIAN_POINT('',(0.041979089985291,0.00966588163129666,-0.00945034926420366));
#4896=CARTESIAN_POINT('',(0.0419791000099823,0.00960481620782077,-0.00951241533670663));
#4897=CARTESIAN_POINT('',(0.0419791099993793,0.00954315691655827,-0.00957388570985341));
#4898=CARTESIAN_POINT('',(0.0419791200315696,0.00948123348462882,-0.00963561941436564));
#4899=CARTESIAN_POINT('',(0.0419791300281639,0.00941871108826062,-0.00969675232039744));
#4900=CARTESIAN_POINT('',(0.0419791399872784,0.00935560149176996,-0.00975727289976489));
#4901=CARTESIAN_POINT('',(0.0419791499872608,0.00929223292089879,-0.00981804182931078));
#4902=CARTESIAN_POINT('',(0.041979159949457,0.00922827232245908,-0.00987819341185317));
#4903=CARTESIAN_POINT('',(0.0419791698719739,0.00916373183135027,-0.00993771621069013));
#4904=CARTESIAN_POINT('',(0.0419791798333969,0.00909893827732327,-0.0099974723981009));
#4905=CARTESIAN_POINT('',(0.0419791897548308,0.0090335602751815,-0.0100565948764115));
#4906=CARTESIAN_POINT('',(0.0419791996343755,0.00896761032719152,-0.0101150723159849));
#4907=CARTESIAN_POINT('',(0.0419792095508325,0.0089014139741299,-0.0101737682415182));
#4908=CARTESIAN_POINT('',(0.0419792194250885,0.00883464139367002,-0.0102318143141859));
#4909=CARTESIAN_POINT('',(0.0419792292552382,0.00876730545134269,-0.0102891993270852));
#4910=CARTESIAN_POINT('',(0.0419792391359461,0.00869962318912018,-0.0103468794806029));
#4911=CARTESIAN_POINT('',(0.0419792489720945,0.00863137175473409,-0.0104038917715765));
#4912=CARTESIAN_POINT('',(0.0419792587617662,0.00856256443527748,-0.0104602250789564));
#4913=CARTESIAN_POINT('',(0.0419792685688125,0.00849363499731009,-0.010516658366101));
#4914=CARTESIAN_POINT('',(0.0419792783292186,0.00842414769832764,-0.0105724102717466));
#4915=CARTESIAN_POINT('',(0.0419792880410751,0.00835411611503194,-0.0106274698818014));
#4916=CARTESIAN_POINT('',(0.04197929779103,0.00828380980698889,-0.0106827454835096));
#4917=CARTESIAN_POINT('',(0.0419793074920553,0.00821295493415971,-0.0107373233612952));
#4918=CARTESIAN_POINT('',(0.0419793171422383,0.0081415654502165,-0.0107911927466556));
#4919=CARTESIAN_POINT('',(0.0419793268219993,0.00806995715601098,-0.0108452272428094));
#4920=CARTESIAN_POINT('',(0.0419793364506075,0.00799781096607604,-0.0108985489103452));
#4921=CARTESIAN_POINT('',(0.0419793460261528,0.00792514117657423,-0.0109511471638275));
#4922=CARTESIAN_POINT('',(0.0419793556355666,0.00785221435613165,-0.011003931455809));
#4923=CARTESIAN_POINT('',(0.0419793651915429,0.00777876022252435,-0.0110559872203353));
#4924=CARTESIAN_POINT('',(0.0419793746921728,0.00770479343522748,-0.0111073040499228));
#4925=CARTESIAN_POINT('',(0.0419793842174114,0.00763063505695761,-0.011158753801889));
#4926=CARTESIAN_POINT('',(0.0419793936870181,0.00755596136200119,-0.0112094607985018));
#4927=CARTESIAN_POINT('',(0.0419794030990909,0.00748078733146625,-0.0112594148491911));
#4928=CARTESIAN_POINT('',(0.0419794125336795,0.00740543346897976,-0.011309488400383));
#4929=CARTESIAN_POINT('',(0.0419794219104601,0.00732957686982535,-0.0113588054109737));
#4930=CARTESIAN_POINT('',(0.0419794312275408,0.00725323282624954,-0.0114073559221275));
#4931=CARTESIAN_POINT('',(0.0419794405639856,0.0071767301137437,-0.0114560073377828));
#4932=CARTESIAN_POINT('',(0.0419794498404788,0.00709973788801962,-0.0115038890176686));
#4933=CARTESIAN_POINT('',(0.0419794590551548,0.00702227184228808,-0.01155099142766));
#4934=CARTESIAN_POINT('',(0.0419794682773116,0.0069447429069674,-0.011598132077001));
#4935=CARTESIAN_POINT('',(0.0419794774375334,0.00686673923420452,-0.0116444919676678));
#4936=CARTESIAN_POINT('',(0.0419794865339753,0.0067882767485799,-0.0116900618588697));
#4937=CARTESIAN_POINT('',(0.041979495656841,0.00670958634017903,-0.0117357641243654));
#4938=CARTESIAN_POINT('',(0.0419795047155523,0.00663043440750341,-0.0117806717454815));
#4939=CARTESIAN_POINT('',(0.0419795137082598,0.00655083709563021,-0.0118247755479326));
#4940=CARTESIAN_POINT('',(0.041979522716849,0.00647109921061849,-0.0118689572400735));
#4941=CARTESIAN_POINT('',(0.0419795316592025,0.00639091436512656,-0.0119123322814652));
#4942=CARTESIAN_POINT('',(0.0419795405334882,0.00631029897361758,-0.0119548917795923));
#4943=CARTESIAN_POINT('',(0.0419795494200542,0.00622957202657557,-0.0119975101715288));
#4944=CARTESIAN_POINT('',(0.0419795582383654,0.00614841333381532,-0.0120393107704538));
#4945=CARTESIAN_POINT('',(0.04197956698661,0.00606683955600537,-0.0120802849829078));
#4946=CARTESIAN_POINT('',(0.0419795757451702,0.00598516958997839,-0.0121213075103541));
#4947=CARTESIAN_POINT('',(0.0419795844334998,0.00590308355162203,-0.0121615017095005));
#4948=CARTESIAN_POINT('',(0.0419795930498097,0.00582059833255566,-0.0122008592976758));
#4949=CARTESIAN_POINT('',(0.0419796016683584,0.00573809168227822,-0.0122402271116925));
#4950=CARTESIAN_POINT('',(0.0419796102148511,0.00565518563559359,-0.0122787578874397));
#4951=CARTESIAN_POINT('',(0.0419796186875271,0.00557189726251324,-0.0123164436809511));
#4952=CARTESIAN_POINT('',(0.0419796271653749,0.00548855804988823,-0.0123541524780164));
#4953=CARTESIAN_POINT('',(0.041979635569317,0.00540483603529047,-0.0123910152676808));
#4954=CARTESIAN_POINT('',(0.0419796438976198,0.00532074847855275,-0.0124270244406991));
#4955=CARTESIAN_POINT('',(0.0419796522378554,0.00523654044163788,-0.0124630852074575));
#4956=CARTESIAN_POINT('',(0.0419796605022359,0.00515196580518692,-0.0124982899155677));
#4957=CARTESIAN_POINT('',(0.0419796686890515,0.00506704205555239,-0.0125326312773754));
#4958=CARTESIAN_POINT('',(0.0419796768847917,0.00498202572991431,-0.012567010074954));
#4959=CARTESIAN_POINT('',(0.041979685002799,0.00489665951998393,-0.0126005236479979));
#4960=CARTESIAN_POINT('',(0.0419796930413904,0.00481096111499091,-0.0126331650439876));
#4961=CARTESIAN_POINT('',(0.0419797010948091,0.00472510463679003,-0.0126658666479842));
#4962=CARTESIAN_POINT('',(0.0419797090685126,0.00463891470001525,-0.012697692783379));
#4963=CARTESIAN_POINT('',(0.0419797169608627,0.00455240931200041,-0.0127286370494066));
#4964=CARTESIAN_POINT('',(0.0419797248388267,0.00446606160469845,-0.0127595249106941));
#4965=CARTESIAN_POINT('',(0.0419797326357065,0.00437939947751903,-0.0127895338178612));
#4966=CARTESIAN_POINT('',(0.0419797403499066,0.00429244097086774,-0.0128186577711429));
#4967=CARTESIAN_POINT('',(0.0419797480518357,0.00420562078928041,-0.0128477353968959));
#4968=CARTESIAN_POINT('',(0.041979755671342,0.00411850513316753,-0.0128759308096878));
#4969=CARTESIAN_POINT('',(0.0419797632068503,0.00403111199951678,-0.0129032381794537));
#4970=CARTESIAN_POINT('',(0.041979770743799,0.00394370216192415,-0.012930550768631));
#4971=CARTESIAN_POINT('',(0.0419797781967188,0.00385601473001381,-0.0129569749769803));
#4972=CARTESIAN_POINT('',(0.0419797855640686,0.00376806782639963,-0.0129825053389587));
#4973=CARTESIAN_POINT('',(0.0419797929264203,0.00368018058716698,-0.0130080183807904));
#4974=CARTESIAN_POINT('',(0.041979800203319,0.00359203421728169,-0.0130326387895188));
#4975=CARTESIAN_POINT('',(0.0419798073932621,0.00350364691004502,-0.0130563614800367));
#4976=CARTESIAN_POINT('',(0.0419798145768483,0.00341533775061805,-0.0130800631960915));
#4977=CARTESIAN_POINT('',(0.0419798216736334,0.00332678806865213,-0.0131028687806884));
#4978=CARTESIAN_POINT('',(0.0419798286821545,0.00323801610889699,-0.0131247735323729));
#4979=CARTESIAN_POINT('',(0.0419798356816445,0.0031493585411793,-0.0131466500574734));
#4980=CARTESIAN_POINT('',(0.0419798425930939,0.00306047924611838,-0.0131676280206954));
#4981=CARTESIAN_POINT('',(0.0419798494150964,0.00297139652231156,-0.0131877032538373));
#4982=CARTESIAN_POINT('',(0.0419798562211377,0.00288252222341993,-0.013207731517392));
#4983=CARTESIAN_POINT('',(0.0419798629381313,0.002793445392019,-0.0132268610760737));
#4984=CARTESIAN_POINT('',(0.0419798695647177,0.00270418428210168,-0.0132450881604053));
#4985=CARTESIAN_POINT('',(0.0419798761887592,0.00261495745181692,-0.0132633082448491));
#4986=CARTESIAN_POINT('',(0.0419798827224581,0.00252554646236898,-0.0132806264971767));
#4987=CARTESIAN_POINT('',(0.0419798891644795,0.00243596958989579,-0.0132970393774877));
#4988=CARTESIAN_POINT('',(0.0419798955964239,0.00234653284003508,-0.0133134265835862));
#4989=CARTESIAN_POINT('',(0.0419799019369768,0.00225693071439764,-0.0133289112444846));
#4990=CARTESIAN_POINT('',(0.0419799081848468,0.00216718147128174,-0.0133434902057583));
#4991=CARTESIAN_POINT('',(0.0419799144208384,0.00207760285910333,-0.0133580414495633));
#4992=CARTESIAN_POINT('',(0.0419799205644992,0.00198787767702548,-0.0133716904299936));
#4993=CARTESIAN_POINT('',(0.0419799266145823,0.00189802413927603,-0.0133844343780583));
#4994=CARTESIAN_POINT('',(0.0419799326519508,0.00180835943378465,-0.0133971515440001));
#4995=CARTESIAN_POINT('',(0.0419799385961343,0.0017185669003254,-0.013408967472388));
#4996=CARTESIAN_POINT('',(0.0419799444459316,0.0016286646905316,-0.0134198797772256));
#4997=CARTESIAN_POINT('',(0.0419799502776157,0.00153904085220165,-0.0134307582934135));
#4998=CARTESIAN_POINT('',(0.0419799560154973,0.00144930800458869,-0.0134407387673778));
#4999=CARTESIAN_POINT('',(0.0419799616584236,0.0013594841753318,-0.0134498191975019));
#5000=CARTESIAN_POINT('',(0.0419799672873449,0.00126988327643604,-0.0134588770912502));
#5001=CARTESIAN_POINT('',(0.0419799728217819,0.00118019183597545,-0.0134670393963358));
#5002=CARTESIAN_POINT('',(0.0419799782606284,0.00109042778411908,-0.013474304485359));
#5003=CARTESIAN_POINT('',(0.0419799836890858,0.00100083519801193,-0.013481555696734));
#5004=CARTESIAN_POINT('',(0.0419799890223174,0.000911170266828621,-0.013487913108817));
#5005=CARTESIAN_POINT('',(0.0419799942592612,0.000821450847155543,-0.0134933754606312));
#5006=CARTESIAN_POINT('',(0.0419799994810782,0.000731990578899267,-0.0134988220346326));
#5007=CARTESIAN_POINT('',(0.0419800046071635,0.000642476125862835,-0.0135033787032381));
#5008=CARTESIAN_POINT('',(0.0419800096365018,0.00055292521192667,-0.0135070445701217));
#5009=CARTESIAN_POINT('',(0.04198001464242,0.000463791307335258,-0.013510693366261));
#5010=CARTESIAN_POINT('',(0.0419800195524902,0.00037462127029316,-0.0135134596287025));
#5011=CARTESIAN_POINT('',(0.0419800243657498,0.000285432592492946,-0.0135153428215017));
#5012=CARTESIAN_POINT('',(0.04198002916893,0.000196430682187851,-0.01351722207076));
#5013=CARTESIAN_POINT('',(0.0419800338757041,0.000107410199016939,-0.0135182219349844));
#5014=CARTESIAN_POINT('',(0.0419800384851534,1.83885322861303E-05,-0.0135183422263945));
#5015=CARTESIAN_POINT('',(0.0419800430751255,-7.02569708129842E-05,-0.0135184620095097));
#5016=CARTESIAN_POINT('',(0.0419800475685926,-0.000158903657278165,-0.0135177096268417));
#5017=CARTESIAN_POINT('',(0.041980051964686,-0.000247534356881574,-0.0135160852324185));
#5018=CARTESIAN_POINT('',(0.0419800563429856,-0.000335806310246176,-0.0135144674129788));
#5019=CARTESIAN_POINT('',(0.0419800606246967,-0.000424062415359765,-0.0135119846154785));
#5020=CARTESIAN_POINT('',(0.0419800648089982,-0.000512285715823697,-0.0135086373259102));
#5021=CARTESIAN_POINT('',(0.0419800689772917,-0.000600171498744421,-0.0135053028421307));
#5022=CARTESIAN_POINT('',(0.0419800730489185,-0.000688024736644157,-0.0135011104563627));
#5023=CARTESIAN_POINT('',(0.0419800770231031,-0.000775828679538609,-0.0134960609776339));
#5024=CARTESIAN_POINT('',(0.0419800809813604,-0.000863280728574029,-0.0134910317358159));
#5025=CARTESIAN_POINT('',(0.0419800848429544,-0.000950683885670342,-0.0134851522447541));
#5026=CARTESIAN_POINT('',(0.0419800886071558,-0.00103802162010818,-0.013478423626878));
#5027=CARTESIAN_POINT('',(0.0419800923555947,-0.00112499363217054,-0.0134717231847513));
#5028=CARTESIAN_POINT('',(0.0419800960074539,-0.0012119007766804,-0.0134641806991806));
#5029=CARTESIAN_POINT('',(0.0419800995620499,-0.00129872675428732,-0.0134557975958837));
#5030=CARTESIAN_POINT('',(0.0419801031011306,-0.00138517375186998,-0.0134474510833489));
#5031=CARTESIAN_POINT('',(0.0419801065437941,-0.00147154029749488,-0.0134382712617129));
#5032=CARTESIAN_POINT('',(0.0419801098894016,-0.00155781033451897,-0.0134282598494376));
#5033=CARTESIAN_POINT('',(0.0419801132198207,-0.00164368872545034,-0.0134182938866676));
#5034=CARTESIAN_POINT('',(0.0419801164540623,-0.00172947148954865,-0.0134075038523936));
#5035=CARTESIAN_POINT('',(0.0419801195915311,-0.00181514282343642,-0.0133958917468983));
#5036=CARTESIAN_POINT('',(0.0419801227142154,-0.0019004104550771,-0.0133843343602089));
#5037=CARTESIAN_POINT('',(0.0419801257410364,-0.00198556771125702,-0.0133719626169218));
#5038=CARTESIAN_POINT('',(0.0419801286714424,-0.00207059905163146,-0.013358778787888));
#5039=CARTESIAN_POINT('',(0.0419801315875419,-0.00215521525946437,-0.0133456593237864));
#5040=CARTESIAN_POINT('',(0.0419801344081645,-0.00223970678455612,-0.0133317356688187));
#5041=CARTESIAN_POINT('',(0.0419801371328021,-0.00232405835856445,-0.0133170103528719));
#5042=CARTESIAN_POINT('',(0.0419801398457291,-0.00240804738802726,-0.0133023483265915));
#5043=CARTESIAN_POINT('',(0.0419801424634929,-0.0024918976729731,-0.0132868914999858));
#5044=CARTESIAN_POINT('',(0.0419801449856262,-0.00257559419126853,-0.0132706426566123));
#5045=CARTESIAN_POINT('',(0.0419801474927948,-0.0026587941059589,-0.0132544902238704));
#5046=CARTESIAN_POINT('',(0.0419801499054628,-0.00274184207894232,-0.0132375551291928));
#5047=CARTESIAN_POINT('',(0.0419801522232046,-0.00282472340824933,-0.0132198403855824));
#5048=CARTESIAN_POINT('',(0.041980154528404,-0.00290715623007567,-0.0132022215042741));
#5049=CARTESIAN_POINT('',(0.0419801567397008,-0.00298942421205282,-0.0131838313729007));
#5050=CARTESIAN_POINT('',(0.0419801588567088,-0.00307151294790442,-0.0131646732273764));
#5051=CARTESIAN_POINT('',(0.0419801609636633,-0.00315321184705043,-0.0131456060632549));
#5052=CARTESIAN_POINT('',(0.0419801629772211,-0.00323473320314136,-0.0131257781454742));
#5053=CARTESIAN_POINT('',(0.0419801648970348,-0.00331606287635224,-0.0131051929292871));
#5054=CARTESIAN_POINT('',(0.0419801668059134,-0.00339692930017697,-0.0130847249653694));
#5055=CARTESIAN_POINT('',(0.0419801686221109,-0.00347760622268336,-0.0130635082885428));
#5056=CARTESIAN_POINT('',(0.041980170345318,-0.00355807980993993,-0.0130415465535506));
#5057=CARTESIAN_POINT('',(0.041980172057517,-0.00363803932470709,-0.0130197251120902));
#5058=CARTESIAN_POINT('',(0.041980173677908,-0.00371779809740922,-0.0129971680838239));
#5059=CARTESIAN_POINT('',(0.0419801752062188,-0.00379734262623479,-0.0129738793044716));
#5060=CARTESIAN_POINT('',(0.0419801767258106,-0.0038764333522481,-0.0129507233879788));
#5061=CARTESIAN_POINT('',(0.0419801781543677,-0.00395531227504471,-0.0129268440283419));
#5062=CARTESIAN_POINT('',(0.0419801794916532,-0.00403396619419218,-0.0129022452394856));
#5063=CARTESIAN_POINT('',(0.0419801808213315,-0.00411217268084082,-0.012877786383867));
#5064=CARTESIAN_POINT('',(0.0419801820607716,-0.00419015671908182,-0.0128526162431311));
#5065=CARTESIAN_POINT('',(0.0419801832097709,-0.0042679054068349,-0.0128267389997459));
#5066=CARTESIAN_POINT('',(0.0419801843519541,-0.00434519287247921,-0.0128010152657909));
#5067=CARTESIAN_POINT('',(0.0419801854047641,-0.0044222477737415,-0.0127745927757421));
#5068=CARTESIAN_POINT('',(0.041980186368031,-0.00449905751361855,-0.0127474758678302));
#5069=CARTESIAN_POINT('',(0.041980187324607,-0.00457533372299524,-0.0127205473175077));
#5070=CARTESIAN_POINT('',(0.0419801881928794,-0.00465136817174,-0.0126929339586284));
#5071=CARTESIAN_POINT('',(0.0419801889727049,-0.00472714858690831,-0.0126646402205124));
#5072=CARTESIAN_POINT('',(0.0419801897478603,-0.0048024751886002,-0.0126365159203657));
#5073=CARTESIAN_POINT('',(0.0419801904356305,-0.00487755081163066,-0.0126077194019342));
#5074=CARTESIAN_POINT('',(0.0419801910359021,-0.00495236348283841,-0.0125782552303322));
#5075=CARTESIAN_POINT('',(0.0419801916317938,-0.00502663026811376,-0.012549006050075));
#5076=CARTESIAN_POINT('',(0.0419801921414609,-0.00510063793499423,-0.0125190989304579));
#5077=CARTESIAN_POINT('',(0.0419801925648209,-0.00517437485439434,-0.0124885385531956));
#5078=CARTESIAN_POINT('',(0.0419801929854988,-0.00524764461868499,-0.0124581717890717));
#5079=CARTESIAN_POINT('',(0.0419801933209635,-0.00532064707294468,-0.0124271600426851));
#5080=CARTESIAN_POINT('',(0.0419801935711612,-0.00539337089127722,-0.0123955081079921));
#5081=CARTESIAN_POINT('',(0.0419801938196336,-0.00546559320579445,-0.0123640744451992));
#5082=CARTESIAN_POINT('',(0.0419801939840099,-0.00553754071803124,-0.0123320093853411));
#5083=CARTESIAN_POINT('',(0.0419801940642678,-0.00560920243271447,-0.0122993178494408));
#5084=CARTESIAN_POINT('',(0.0419801941443349,-0.00568069377926083,-0.0122667040342048));
#5085=CARTESIAN_POINT('',(0.0419801941418767,-0.00575190478979401,-0.0122334755895538));
#5086=CARTESIAN_POINT('',(0.0419801940566895,-0.00582282412953813,-0.0121996359556089));
#5087=CARTESIAN_POINT('',(0.0419801939712785,-0.00589392974189204,-0.0121657074404512));
#5088=CARTESIAN_POINT('',(0.0419801938017216,-0.00596473872427052,-0.0121311572554246));
#5089=CARTESIAN_POINT('',(0.0419801935480423,-0.0060352402368526,-0.0120959906665566));
#5090=CARTESIAN_POINT('',(0.0419801932926218,-0.00610622568155827,-0.0120605826893636));
#5091=CARTESIAN_POINT('',(0.0419801929519222,-0.00617689943491951,-0.0120245498293769));
#5092=CARTESIAN_POINT('',(0.0419801925259937,-0.0062472505284847,-0.0119878976555938));
#5093=CARTESIAN_POINT('',(0.041980192097291,-0.00631805983841854,-0.0119510067559413));
#5094=CARTESIAN_POINT('',(0.041980191582248,-0.00638854228682552,-0.0119134884621011));
#5095=CARTESIAN_POINT('',(0.0419801909809423,-0.00645868678909525,-0.011875348644959));
#5096=CARTESIAN_POINT('',(0.0419801903752831,-0.0065293391305132,-0.0118369326993732));
#5097=CARTESIAN_POINT('',(0.0419801896821106,-0.00659964863270504,-0.011797886216191));
#5098=CARTESIAN_POINT('',(0.0419801889015321,-0.00666960407728771,-0.0117582153957295));
#5099=CARTESIAN_POINT('',(0.0419801881162536,-0.00673998072545599,-0.0117183057162067));
#5100=CARTESIAN_POINT('',(0.0419801872425187,-0.00680999906798031,-0.0116777641925666));
#5101=CARTESIAN_POINT('',(0.0419801862804565,-0.00687964776220559,-0.0116365972820751));
#5102=CARTESIAN_POINT('',(0.0419801853115673,-0.00694979069187167,-0.011595138246277));
#5103=CARTESIAN_POINT('',(0.0419801842531072,-0.00701955877489672,-0.0115530450139067));
#5104=CARTESIAN_POINT('',(0.0419801831052377,-0.00708894054805115,-0.0115103243890866));
#5105=CARTESIAN_POINT('',(0.0419801819506952,-0.00715872566170463,-0.0114673554143419));
#5106=CARTESIAN_POINT('',(0.0419801807057055,-0.00722811998914101,-0.0114237517633879));
#5107=CARTESIAN_POINT('',(0.0419801793704724,-0.00729711203395239,-0.011379520635994));
#5108=CARTESIAN_POINT('',(0.041980178027411,-0.00736650857186868,-0.0113350301861506));
#5109=CARTESIAN_POINT('',(0.0419801765930467,-0.00743549811169118,-0.0112899048901419));
#5110=CARTESIAN_POINT('',(0.0419801750676173,-0.00750406908939747,-0.0112441522878344));
#5111=CARTESIAN_POINT('',(0.0419801735336713,-0.00757302290471109,-0.0111981442448524));
#5112=CARTESIAN_POINT('',(0.0419801719076438,-0.00764155349394642,-0.0111515018907761));
#5113=CARTESIAN_POINT('',(0.0419801701898032,-0.00770964921952596,-0.0111042330762941));
#5114=CARTESIAN_POINT('',(0.0419801684608029,-0.00777818732185846,-0.0110566571849069));
#5115=CARTESIAN_POINT('',(0.0419801666388005,-0.00784628493692145,-0.0110084467174974));
#5116=CARTESIAN_POINT('',(0.0419801647241018,-0.00791393034972886,-0.0109596098969819));
#5117=CARTESIAN_POINT('',(0.0419801627984476,-0.00798196281196087,-0.0109104936449056));
#5118=CARTESIAN_POINT('',(0.0419801607790365,-0.00804953790556738,-0.0108607438699391));
#5119=CARTESIAN_POINT('',(0.0419801586662164,-0.00811664389365116,-0.0108103691888194));
#5120=CARTESIAN_POINT('',(0.0419801565433295,-0.00818406961831082,-0.0107597544899529));
#5121=CARTESIAN_POINT('',(0.0419801543261431,-0.00825102177250998,-0.0107085089230794));
#5122=CARTESIAN_POINT('',(0.0419801520150433,-0.00831748861625422,-0.0106566414499477));
#5123=CARTESIAN_POINT('',(0.0419801496913028,-0.00838431900805445,-0.0106044902816988));
#5124=CARTESIAN_POINT('',(0.0419801472726218,-0.00845065879156217,-0.0105517104038703));
#5125=CARTESIAN_POINT('',(0.0419801447594216,-0.00851649617757527,-0.0104983111134261));
#5126=CARTESIAN_POINT('',(0.0419801422314187,-0.00858272134495701,-0.0104445973018385));
#5127=CARTESIAN_POINT('',(0.0419801396077881,-0.00864843823396971,-0.0103902568132346));
#5128=CARTESIAN_POINT('',(0.0419801368889927,-0.00871363502787291,-0.0103352993350014));
#5129=CARTESIAN_POINT('',(0.0419801341583848,-0.008779115086964,-0.0102801030790696));
#5130=CARTESIAN_POINT('',(0.0419801313317864,-0.00884407054753657,-0.0102242844779008));
#5131=CARTESIAN_POINT('',(0.0419801284097064,-0.00890848965678059,-0.0101678536071776));
#5132=CARTESIAN_POINT('',(0.0419801254733124,-0.00897322432451496,-0.0101111463085344));
#5133=CARTESIAN_POINT('',(0.0419801224405005,-0.00903741738939264,-0.0100538207319271));
#5134=CARTESIAN_POINT('',(0.0419801193118221,-0.0091010571223551,-0.0099958873278032));
#5135=CARTESIAN_POINT('',(0.0419801161683549,-0.00916499767144183,-0.00993768008057398));
#5136=CARTESIAN_POINT('',(0.0419801129281141,-0.00922837966113807,-0.0098788592500702));
#5137=CARTESIAN_POINT('',(0.0419801095916944,-0.00929119140073893,-0.00981943566203835));
#5138=CARTESIAN_POINT('',(0.0419801062400851,-0.00935428910193686,-0.00975974153757104));
#5139=CARTESIAN_POINT('',(0.0419801027914208,-0.00941681136472127,-0.00969943915814523));
#5140=CARTESIAN_POINT('',(0.0419800992463406,-0.00947874655164179,-0.00963853972455042));
#5141=CARTESIAN_POINT('',(0.0419800956857469,-0.00954095276960697,-0.00957737379241209));
#5142=CARTESIAN_POINT('',(0.0419800920278926,-0.00960256677802031,-0.00951560557190795));
#5143=CARTESIAN_POINT('',(0.0419800882734624,-0.00966357700784297,-0.00945324663779703));
#5144=CARTESIAN_POINT('',(0.0419800845032747,-0.00972484329936935,-0.00939062598143138));
#5145=CARTESIAN_POINT('',(0.0419800806356992,-0.00978550074903547,-0.00932740964459143));
#5146=CARTESIAN_POINT('',(0.0419800766714661,-0.00984553787158149,-0.00926360957409027));
#5147=CARTESIAN_POINT('',(0.0419800726913138,-0.00990581608590246,-0.00919955330090006));
#5148=CARTESIAN_POINT('',(0.0419800686137267,-0.00996546899629759,-0.00913490859775772));
#5149=CARTESIAN_POINT('',(0.0419800644394809,-0.0100244852168164,-0.0090696877807524));
#5150=CARTESIAN_POINT('',(0.0419800602492386,-0.0100837275976107,-0.00900421702639401));
#5151=CARTESIAN_POINT('',(0.0419800559615958,-0.0101423284144278,-0.00893816573482275));
#5152=CARTESIAN_POINT('',(0.0419800515773751,-0.010200276396269,-0.00887154658774552));
#5153=CARTESIAN_POINT('',(0.0419800471744601,-0.0102584714675117,-0.00880464337753703));
#5154=CARTESIAN_POINT('',(0.0419800426741421,-0.0103160081393307,-0.00873716745878399));
#5155=CARTESIAN_POINT('',(0.0419800380772923,-0.0103728752508467,-0.00866913189838192));
#5156=CARTESIAN_POINT('',(0.041980033462885,-0.0104299595641521,-0.00860083647872078));
#5157=CARTESIAN_POINT('',(0.0419800287512071,-0.0104863692071918,-0.00853197713348411));
#5158=CARTESIAN_POINT('',(0.0419800239431775,-0.0105420931540555,-0.00846256730048941));
#5159=CARTESIAN_POINT('',(0.0419800191241041,-0.0105979450958955,-0.00839299803675743));
#5160=CARTESIAN_POINT('',(0.0419800142082364,-0.0106531082020723,-0.00832287575210786));
#5161=CARTESIAN_POINT('',(0.0419800091965374,-0.0107075716408911,-0.00825221419471179));
#5162=CARTESIAN_POINT('',(0.0419800041614346,-0.0107622894161497,-0.00818122265798794));
#5163=CARTESIAN_POINT('',(0.0419799990296035,-0.0108163009877572,-0.00810968679794028));
#5164=CARTESIAN_POINT('',(0.0419799938020594,-0.01086959565103,-0.00803762077210064));
#5165=CARTESIAN_POINT('',(0.0419799885594172,-0.0109230442382692,-0.00796534660743704));
#5166=CARTESIAN_POINT('',(0.0419799832205086,-0.0109757717833814,-0.00789253920735534));
#5167=CARTESIAN_POINT('',(0.0419799777863953,-0.0110277677759074,-0.00781921306525799));
#5168=CARTESIAN_POINT('',(0.0419799723408013,-0.0110798736215054,-0.0077457320054145));
#5169=CARTESIAN_POINT('',(0.0419799667996006,-0.0111312448329633,-0.00767173000591629));
#5170=CARTESIAN_POINT('',(0.0419799611639002,-0.0111818711270505,-0.00759722186108564));
#5171=CARTESIAN_POINT('',(0.0419799555165653,-0.0112326019357669,-0.00752255989912741));
#5172=CARTESIAN_POINT('',(0.0419799497743424,-0.0112825847795925,-0.00744738970818699));
#5173=CARTESIAN_POINT('',(0.0419799439383769,-0.0113318095552422,-0.00737172634204097));
#5174=CARTESIAN_POINT('',(0.0419799380831262,-0.0113811969964287,-0.00729581294281895));
#5175=CARTESIAN_POINT('',(0.0419799321335218,-0.0114298214389601,-0.00721940314841301));
#5176=CARTESIAN_POINT('',(0.0419799260907583,-0.0114776729880525,-0.00714251236368807));
#5177=CARTESIAN_POINT('',(0.0419799200353224,-0.0115256248877581,-0.00706546032948356));
#5178=CARTESIAN_POINT('',(0.0419799138863388,-0.0115728006792084,-0.00698792529255227));
#5179=CARTESIAN_POINT('',(0.0419799076450549,-0.0116191907780396,-0.00690992298881343));
#5180=CARTESIAN_POINT('',(0.041979901391938,-0.0116656688292991,-0.00683177279808594));
#5181=CARTESIAN_POINT('',(0.0419798950461701,-0.0117113582164534,-0.00675315356114213));
#5182=CARTESIAN_POINT('',(0.041979888609044,-0.0117562496222706,-0.00667408129520115));
#5183=CARTESIAN_POINT('',(0.0419798821610158,-0.0118012170573809,-0.00659487511034244));
#5184=CARTESIAN_POINT('',(0.0419798756213129,-0.0118453837609485,-0.00651521432446763));
#5185=CARTESIAN_POINT('',(0.0419798689912908,-0.0118887408607879,-0.00643511531179329));
#5186=CARTESIAN_POINT('',(0.0419798623592048,-0.0119321114575754,-0.00635499136451261));
#5187=CARTESIAN_POINT('',(0.0419798556367179,-0.0119746717361708,-0.00627442879169254));
#5188=CARTESIAN_POINT('',(0.0419798488252238,-0.0120164131481328,-0.00619344416278957));
#5189=CARTESIAN_POINT('',(0.0419798419997164,-0.0120582404343668,-0.0061122929248591));
#5190=CARTESIAN_POINT('',(0.0419798350848286,-0.0120992454346197,-0.00603071785509325));
#5191=CARTESIAN_POINT('',(0.0419798280819802,-0.0121394197200952,-0.00594873571023581));
#5192=CARTESIAN_POINT('',(0.0419798210687091,-0.0121796537989751,-0.00586663154723978));
#5193=CARTESIAN_POINT('',(0.0419798139672153,-0.0122190546962689,-0.00578411908846603));
#5194=CARTESIAN_POINT('',(0.0419798067789614,-0.0122576142893644,-0.00570121533425417));
#5195=CARTESIAN_POINT('',(0.0419797995844103,-0.0122962076619103,-0.00561823895367286));
#5196=CARTESIAN_POINT('',(0.0419797923029466,-0.0123339582626777,-0.0055348705832786));
#5197=CARTESIAN_POINT('',(0.0419797849360729,-0.0123708582962274,-0.00545112743036231));
#5198=CARTESIAN_POINT('',(0.0419797775642634,-0.0124077830526062,-0.00536732816997253));
#5199=CARTESIAN_POINT('',(0.0419797701069288,-0.0124438561079455,-0.00528315361575802));
#5200=CARTESIAN_POINT('',(0.0419797625656103,-0.0124790700038808,-0.00519862116514862));
#5201=CARTESIAN_POINT('',(0.0419797550242393,-0.012514284145139,-0.00511408812563154));
#5202=CARTESIAN_POINT('',(0.0419797473988823,-0.0125486391205626,-0.00502919717542796));
#5203=CARTESIAN_POINT('',(0.0419797396911156,-0.0125821278276069,-0.0049439658606868));
#5204=CARTESIAN_POINT('',(0.0419797319730087,-0.012615661460999,-0.00485862020496243));
#5205=CARTESIAN_POINT('',(0.0419797241722696,-0.0126483265048435,-0.00477293326113719));
#5206=CARTESIAN_POINT('',(0.0419797162905153,-0.0126801161885974,-0.00468692278779949));
#5207=CARTESIAN_POINT('',(0.0419797083938756,-0.0127119659105687,-0.00460074987448484));
#5208=CARTESIAN_POINT('',(0.041979700415913,-0.012742936966696,-0.00451425219833839));
#5209=CARTESIAN_POINT('',(0.0419796923582881,-0.0127730229141077,-0.00442744775407108));
#5210=CARTESIAN_POINT('',(0.0419796843175163,-0.0128030459343126,-0.00434082486836156));
#5211=CARTESIAN_POINT('',(0.0419796761974134,-0.012832187547641,-0.00425389648615077));
#5212=CARTESIAN_POINT('',(0.041979667999662,-0.0128604417180045,-0.00416668061646305));
#5213=CARTESIAN_POINT('',(0.0419796598092156,-0.0128886707112481,-0.00407954246430822));
#5214=CARTESIAN_POINT('',(0.0419796515412579,-0.0129160138446265,-0.00399211732624131));
#5215=CARTESIAN_POINT('',(0.0419796431974988,-0.012942465465593,-0.0039044232821664));
#5216=CARTESIAN_POINT('',(0.0419796348640252,-0.0129688844792229,-0.00381683733994363));
#5217=CARTESIAN_POINT('',(0.0419796264549359,-0.0129944141784034,-0.00372898314351125));
#5218=CARTESIAN_POINT('',(0.0419796179719659,-0.0130190492994984,-0.00364087881692994));
#5219=CARTESIAN_POINT('',(0.0419796094977509,-0.0130436589955372,-0.00355286541977612));
#5220=CARTESIAN_POINT('',(0.0419796009498066,-0.0130673759627123,-0.0034646023983878));
#5221=CARTESIAN_POINT('',(0.0419795923298922,-0.0130901953127004,-0.0033761079212646));
#5222=CARTESIAN_POINT('',(0.0419795837105049,-0.0131130132671515,-0.0032876188560976));
#5223=CARTESIAN_POINT('',(0.0419795750191562,-0.0131349337265288,-0.00319889835567917));
#5224=CARTESIAN_POINT('',(0.0419795662576347,-0.0131559521737663,-0.00310996468054588));
#5225=CARTESIAN_POINT('',(0.0419795575065049,-0.0131769456916209,-0.00302113648711724));
#5226=CARTESIAN_POINT('',(0.0419795486853677,-0.01319703933768,-0.00293209561395818));
#5227=CARTESIAN_POINT('',(0.0419795397960343,-0.013216228991189,-0.00284286034662809));
#5228=CARTESIAN_POINT('',(0.0419795309190579,-0.0132353919693744,-0.00275374912424936));
#5229=CARTESIAN_POINT('',(0.0419795219740743,-0.0132536534643727,-0.00266444403648747));
#5230=CARTESIAN_POINT('',(0.041979512962915,-0.0132710097429487,-0.00257496337221659));
#5231=CARTESIAN_POINT('',(0.0419795039661124,-0.0132883383692725,-0.00248562526972153));
#5232=CARTESIAN_POINT('',(0.0419794949033379,-0.0133047645776136,-0.00239611212445771));
#5233=CARTESIAN_POINT('',(0.0419794857764589,-0.0133202852640792,-0.00230644225138449));
#5234=CARTESIAN_POINT('',(0.0419794766774525,-0.0133357585520878,-0.00221704622016952));
#5235=CARTESIAN_POINT('',(0.0419794675147087,-0.0133503315155615,-0.00212749435009584));
#5236=CARTESIAN_POINT('',(0.0419794582901037,-0.0133640014471745,-0.00203780485234847));
#5237=CARTESIAN_POINT('',(0.0419794490752218,-0.0133776569701559,-0.00194820989076867));
#5238=CARTESIAN_POINT('',(0.0419794397986021,-0.0133904112788653,-0.00185847756634046));
#5239=CARTESIAN_POINT('',(0.0419794304621232,-0.0134022618000329,-0.00176862604663056));
#5240=CARTESIAN_POINT('',(0.0419794211431514,-0.0134140900999278,-0.00167894301023828));
#5241=CARTESIAN_POINT('',(0.041979411764543,-0.0134250179929549,-0.00158914121397737));
#5242=CARTESIAN_POINT('',(0.0419794023281906,-0.0134350432846721,-0.00149923877119228));
#5243=CARTESIAN_POINT('',(0.0419793929144296,-0.0134450445749441,-0.00140955156289665));
#5244=CARTESIAN_POINT('',(0.0419793834431988,-0.0134541475741739,-0.00131976417835382));
#5245=CARTESIAN_POINT('',(0.0419793739164003,-0.0134623504655569,-0.0012298946411914));
#5246=CARTESIAN_POINT('',(0.0419793644142856,-0.0134705321033496,-0.00114025795488989));
#5247=CARTESIAN_POINT('',(0.0419793548568889,-0.0134778182844082,-0.00105053953022353));
#5248=CARTESIAN_POINT('',(0.0419793452461196,-0.0134842075649466,-0.000960757283536269));
#5249=CARTESIAN_POINT('',(0.0419793356673148,-0.013490575595363,-0.000871273643818492));
#5250=CARTESIAN_POINT('',(0.04197932603549,-0.0134960526733948,-0.000781726595200811));
#5251=CARTESIAN_POINT('',(0.0419793163525566,-0.0135006377245582,-0.000692133900786885));
#5252=CARTESIAN_POINT('',(0.0419793067032747,-0.0135052068410948,-0.000602852571743516));
#5253=CARTESIAN_POINT('',(0.0419792970032372,-0.0135088901114161,-0.00051352590314762));
#5254=CARTESIAN_POINT('',(0.0419792872543554,-0.0135116868226249,-0.000424171491134791));
#5255=CARTESIAN_POINT('',(0.0419792775416228,-0.01351447316354,-0.000335148408107418));
#5256=CARTESIAN_POINT('',(0.0419792677804062,-0.0135163794984794,-0.000246097776821468));
#5257=CARTESIAN_POINT('',(0.0419792579726141,-0.0135174054679575,-0.000157037008847188));
#5258=CARTESIAN_POINT('',(0.0419792481822651,-0.0135184296127571,-6.81346347342264E-05));
#5259=CARTESIAN_POINT('',(0.0419792383455054,-0.0135185765104567,2.0777850008663E-05));
#5260=CARTESIAN_POINT('',(0.0419792284642515,-0.0135178461463563,0.000109683122979304));
#5261=CARTESIAN_POINT('',(0.0419792186336244,-0.013517119524285,0.000198132888741814));
#5262=CARTESIAN_POINT('',(0.0419792087589565,-0.0135155245959251,0.000286575526068923));
#5263=CARTESIAN_POINT('',(0.0419791988421524,-0.0135130616833292,0.000374993980607104));
#5264=CARTESIAN_POINT('',(0.0419791889623264,-0.0135106079545372,0.000463082736986573));
#5265=CARTESIAN_POINT('',(0.0419791790406769,-0.0135072926910401,0.000551147499874359));
#5266=CARTESIAN_POINT('',(0.0419791690791028,-0.0135031165424395,0.000639171414617516));
#5267=CARTESIAN_POINT('',(0.0419791591564986,-0.013498956730993,0.000726850978527543));
#5268=CARTESIAN_POINT('',(0.0419791491942804,-0.0134939427446732,0.000814490022193334));
#5269=CARTESIAN_POINT('',(0.0419791391943406,-0.0134880755512499,0.000902071903872802));
#5270=CARTESIAN_POINT('',(0.04197912923533,-0.0134822323720032,0.000989295316584435));
#5271=CARTESIAN_POINT('',(0.0419791192389045,-0.0134755429428475,0.00107646204282333));
#5272=CARTESIAN_POINT('',(0.0419791092069474,-0.013468008539836,0.0011635556662327));
#5273=CARTESIAN_POINT('',(0.0419790992178427,-0.0134605063207065,0.00125027726137432));
#5274=CARTESIAN_POINT('',(0.0419790891935077,-0.0134521663176947,0.00133692638502954));
#5275=CARTESIAN_POINT('',(0.0419790791358152,-0.0134429901047981,0.00142348685794457));
#5276=CARTESIAN_POINT('',(0.0419790691228577,-0.0134338547061901,0.00150966232408514));
#5277=CARTESIAN_POINT('',(0.041979059076837,-0.0134238905058829,0.00159574993406502));
#5278=CARTESIAN_POINT('',(0.0419790489996132,-0.013413099365075,0.00168173375667744));
#5279=CARTESIAN_POINT('',(0.0419790389689625,-0.0134023580968622,0.00176732019439335));
#5280=CARTESIAN_POINT('',(0.041979028907395,-0.0133907974996667,0.00185280380914444));
#5281=CARTESIAN_POINT('',(0.0419790188167562,-0.0133784197107913,0.00193816892792879));
#5282=CARTESIAN_POINT('',(0.0419790087744807,-0.0133661012472678,0.00202312490128587));
#5283=CARTESIAN_POINT('',(0.0419789987034103,-0.0133529733917904,0.00210796351866312));
#5284=CARTESIAN_POINT('',(0.0419789886053749,-0.0133390385463658,0.00219266937462656));
#5285=CARTESIAN_POINT('',(0.0419789785574416,-0.0133251728395721,0.00227695495704407));
#5286=CARTESIAN_POINT('',(0.0419789684828084,-0.0133105081154633,0.00236110909855381));
#5287=CARTESIAN_POINT('',(0.041978958383288,-0.0132950470290969,0.00244511666985355));
#5288=CARTESIAN_POINT('',(0.0419789483276098,-0.013279653059662,0.00252875956235422));
#5289=CARTESIAN_POINT('',(0.0419789382472581,-0.0132634696111762,0.00261225716030506));
#5290=CARTESIAN_POINT('',(0.0419789281440306,-0.0132464995868513,0.00269559458307716));
#5291=CARTESIAN_POINT('',(0.0419789181022408,-0.0132296327570944,0.00277842523171756));
#5292=CARTESIAN_POINT('',(0.041978908037851,-0.0132119888726098,0.00286109765271224));
#5293=CARTESIAN_POINT('',(0.041978897952634,-0.0131935710590002,0.00294359729174906));
#5294=CARTESIAN_POINT('',(0.0419788879169849,-0.0131752437672286,0.00302569145274613));
#5295=CARTESIAN_POINT('',(0.0419788778607116,-0.0131561501186522,0.00310761453092531));
#5296=CARTESIAN_POINT('',(0.0419788677855679,-0.0131362934614188,0.00318935224594243));
#5297=CARTESIAN_POINT('',(0.0419788577698632,-0.0131165539497911,0.00327060774413873));
#5298=CARTESIAN_POINT('',(0.0419788477355087,-0.0130960603889226,0.00335168006423917));
#5299=CARTESIAN_POINT('',(0.0419788376842342,-0.0130748163291463,0.00343255524108558));
#5300=CARTESIAN_POINT('',(0.0419788276855238,-0.0130536833670546,0.00351300747406059));
#5301=CARTESIAN_POINT('',(0.0419788176700681,-0.0130318077179654,0.00359326462423611));
#5302=CARTESIAN_POINT('',(0.0419788076395758,-0.0130091931311185,0.00367331301171859));
#5303=CARTESIAN_POINT('',(0.0419787976684775,-0.0129867124529388,0.00375288740544886));
#5304=CARTESIAN_POINT('',(0.0419787876825186,-0.0129635015447198,0.00383225550486586));
#5305=CARTESIAN_POINT('',(0.0419787776833822,-0.0129395643367084,0.00391140394200152));
#5306=CARTESIAN_POINT('',(0.0419787677470355,-0.0129157774427689,0.0039900553652888));
#5307=CARTESIAN_POINT('',(0.0419787577976753,-0.0128912733244288,0.00406848987925086));
#5308=CARTESIAN_POINT('',(0.041978747836957,-0.0128660560781981,0.00414669443922314));
#5309=CARTESIAN_POINT('',(0.0419787379339936,-0.0128409850482181,0.00422444554851146));
#5310=CARTESIAN_POINT('',(0.0419787280198022,-0.0128152091183335,0.00430196936509106));
#5311=CARTESIAN_POINT('',(0.0419787180960141,-0.0127887325470759,0.00437925314549712));
#5312=CARTESIAN_POINT('',(0.0419787082331656,-0.0127624185619622,0.00445606234512306));
#5313=CARTESIAN_POINT('',(0.0419786983608362,-0.0127354124960174,0.00453263444937734));
#5314=CARTESIAN_POINT('',(0.0419786884806304,-0.0127077187556638,0.0046089570260151));
#5315=CARTESIAN_POINT('',(0.0419786786654301,-0.012680207222732,0.004684777448024));
#5316=CARTESIAN_POINT('',(0.0419786688424553,-0.0126520170164534,0.00476035161641903));
#5317=CARTESIAN_POINT('',(0.0419786590132812,-0.0126231526754695,0.00483566742257655));
#5318=CARTESIAN_POINT('',(0.0419786492500746,-0.0125944820547225,0.00491047775397474));
#5319=CARTESIAN_POINT('',(0.0419786394807505,-0.0125651462995156,0.00498503318028165));
#5320=CARTESIAN_POINT('',(0.0419786297068544,-0.0125351500691142,0.0050593219165707));
#5321=CARTESIAN_POINT('',(0.0419786199970658,-0.0125053505855739,0.00513312338911103));
#5322=CARTESIAN_POINT('',(0.0419786102827638,-0.0124748992443364,0.00520666165895536));
#5323=CARTESIAN_POINT('',(0.0419786005654649,-0.0124438008180109,0.00527992525461055));
#5324=CARTESIAN_POINT('',(0.0419785909188078,-0.0124129284676341,0.00535265624656684));
#5325=CARTESIAN_POINT('',(0.0419785812691965,-0.0123814183879376,0.00542511654326372));
#5326=CARTESIAN_POINT('',(0.0419785716181154,-0.0123492754453703,0.0054972950057838));
#5327=CARTESIAN_POINT('',(0.0419785620131283,-0.0123172860190037,0.00556912874058278));
#5328=CARTESIAN_POINT('',(0.0419785524066843,-0.0122846473004316,0.00564067286362988));
#5329=CARTESIAN_POINT('',(0.041978542800248,-0.012251431681637,0.0057119479050013));
#5330=CARTESIAN_POINT('',(1.3210000619335,-0.057418853780519,0.027118671462054));
#5331=CARTESIAN_POINT('',(1.32100006780969,-0.0574392887956779,0.0270751276849283));
#5332=CARTESIAN_POINT('',(1.3210000736859,-0.0574596838222693,0.0270315651349685));
#5333=CARTESIAN_POINT('',(1.3210000795621,-0.0574800247633489,0.0269879773329259));
#5334=CARTESIAN_POINT('',(1.32100008749809,-0.0575074957667488,0.0269291108009683));
#5335=CARTESIAN_POINT('',(1.32100009543407,-0.0575348764375787,0.0268702021137332));
#5336=CARTESIAN_POINT('',(1.32100010337002,-0.0575621666461007,0.0268112515485846));
#5337=CARTESIAN_POINT('',(1.32100011297101,-0.0575951825969456,0.0267399326006311));
#5338=CARTESIAN_POINT('',(1.32100012257195,-0.0576280661445447,0.0266685523585631));
#5339=CARTESIAN_POINT('',(1.32100013217278,-0.0576608170612331,0.0265971113143136));
#5340=CARTESIAN_POINT('',(1.32100014178166,-0.0576935954692362,0.0265256103020257));
#5341=CARTESIAN_POINT('',(1.32100015139043,-0.0577262410244275,0.0264540483854753));
#5342=CARTESIAN_POINT('',(1.32100016099901,-0.0577587535004043,0.0263824260586821));
#5343=CARTESIAN_POINT('',(1.32100017062869,-0.0577913373440954,0.0263106465146485));
#5344=CARTESIAN_POINT('',(1.32100018025818,-0.0578237875245454,0.026238806294902));
#5345=CARTESIAN_POINT('',(1.32100018988743,-0.0578561038157134,0.0261669058975699));
#5346=CARTESIAN_POINT('',(1.3210001995312,-0.0578884688671769,0.0260948970136357));
#5347=CARTESIAN_POINT('',(1.32100020917472,-0.057920699625873,0.0260228277704091));
#5348=CARTESIAN_POINT('',(1.32100021881792,-0.0579527958666057,0.0259506986691217));
#5349=CARTESIAN_POINT('',(1.32100022847065,-0.0579849237813762,0.0258784983875394));
#5350=CARTESIAN_POINT('',(1.32100023812305,-0.0580169169134105,0.0258062381297192));
#5351=CARTESIAN_POINT('',(1.32100024777507,-0.0580487750387265,0.0257339183992203));
#5352=CARTESIAN_POINT('',(1.32100025744491,-0.058080692034704,0.0256614650290194));
#5353=CARTESIAN_POINT('',(1.32100026711438,-0.0581124735253989,0.0255889519661551));
#5354=CARTESIAN_POINT('',(1.3210002767834,-0.0581441192874828,0.0255163797178239));
#5355=CARTESIAN_POINT('',(1.32100028646184,-0.0581757958970523,0.0254437367279072));
#5356=CARTESIAN_POINT('',(1.32100029613982,-0.0582073365141273,0.0253710344370957));
#5357=CARTESIAN_POINT('',(1.32100030581727,-0.058238740916633,0.0252982733549079));
#5358=CARTESIAN_POINT('',(1.32100031551276,-0.0582702038265795,0.0252253767164168));
#5359=CARTESIAN_POINT('',(1.32100032520772,-0.0583015300147945,0.0251524210672929));
#5360=CARTESIAN_POINT('',(1.32100033490209,-0.0583327192598867,0.0250794069207444));
#5361=CARTESIAN_POINT('',(1.32100034461006,-0.0583639522641809,0.0250062903337302));
#5362=CARTESIAN_POINT('',(1.32100035431744,-0.0583950479416682,0.0249331150850328));
#5363=CARTESIAN_POINT('',(1.32100036402415,-0.0584260060719635,0.0248598816908571));
#5364=CARTESIAN_POINT('',(1.32100037374251,-0.0584570013702701,0.0247865603734255));
#5365=CARTESIAN_POINT('',(1.32100038346022,-0.0584878587917651,0.0247131807708126));
#5366=CARTESIAN_POINT('',(1.32100039317718,-0.0585185781172208,0.0246397434019151));
#5367=CARTESIAN_POINT('',(1.32100040291356,-0.0585493588236729,0.0245661592961083));
#5368=CARTESIAN_POINT('',(1.32100041264921,-0.0585800008825221,0.024492517192931));
#5369=CARTESIAN_POINT('',(1.32100042238405,-0.058610504075196,0.0244188176152266));
#5370=CARTESIAN_POINT('',(1.32100043212851,-0.0586410374165914,0.024345045194392));
#5371=CARTESIAN_POINT('',(1.32100044187216,-0.0586714316180237,0.0242712151853491));
#5372=CARTESIAN_POINT('',(1.32100045161494,-0.0587016864622526,0.0241973281133183));
#5373=CARTESIAN_POINT('',(1.32100046137338,-0.0587319899716463,0.0241233221933266));
#5374=CARTESIAN_POINT('',(1.32100047113096,-0.058762153676015,0.0240492590266104));
#5375=CARTESIAN_POINT('',(1.32100048088757,-0.0587921773590662,0.0239751391417517));
#5376=CARTESIAN_POINT('',(1.32100049066022,-0.0588222503960813,0.0239008974160745));
#5377=CARTESIAN_POINT('',(1.32100050043193,-0.0588521829519094,0.0238265987856093));
#5378=CARTESIAN_POINT('',(1.32100051020261,-0.0588819748112039,0.0237522437823704));
#5379=CARTESIAN_POINT('',(1.32100051998311,-0.0589117965986243,0.0236778140840321));
#5380=CARTESIAN_POINT('',(1.32100052976258,-0.0589414774075411,0.0236033278995756));
#5381=CARTESIAN_POINT('',(1.32100053954096,-0.0589710170239829,0.0235287857634364));
#5382=CARTESIAN_POINT('',(1.32100054933785,-0.0590006125513047,0.0234541025382467));
#5383=CARTESIAN_POINT('',(1.32100055913364,-0.0590300663520158,0.0233793631493383));
#5384=CARTESIAN_POINT('',(1.32100056892825,-0.059059378212972,0.0233045681350023));
#5385=CARTESIAN_POINT('',(1.32100057873461,-0.0590887251993878,0.0232296834911046));
#5386=CARTESIAN_POINT('',(1.32100058853979,-0.0591179299065122,0.0231547430883469));
#5387=CARTESIAN_POINT('',(1.32100059834373,-0.0591469921224909,0.0230797474677693));
#5388=CARTESIAN_POINT('',(1.32100060816048,-0.0591760923147988,0.0230046538485261));
#5389=CARTESIAN_POINT('',(1.32100061797598,-0.0592050496441741,0.0229295048670182));
#5390=CARTESIAN_POINT('',(1.32100062779017,-0.0592338639000013,0.0228543010672168));
#5391=CARTESIAN_POINT('',(1.32100063762274,-0.0592627321282966,0.0227789564019106));
#5392=CARTESIAN_POINT('',(1.32100064745399,-0.0592914567455354,0.0227035567120016));
#5393=CARTESIAN_POINT('',(1.32100065728384,-0.0593200375476126,0.0226281025474532));
#5394=CARTESIAN_POINT('',(1.32100066712215,-0.0593486429263482,0.0225525834997981));
#5395=CARTESIAN_POINT('',(1.32100067695906,-0.0593771042358457,0.022477009880891));
#5396=CARTESIAN_POINT('',(1.3210006867945,-0.0594054212735621,0.0224013822429114));
#5397=CARTESIAN_POINT('',(1.32100069664681,-0.0594337868768062,0.022325624898704));
#5398=CARTESIAN_POINT('',(1.32100070649765,-0.0594620077119453,0.0222498133492054));
#5399=CARTESIAN_POINT('',(1.32100071634695,-0.0594900835718702,0.022173948148103));
#5400=CARTESIAN_POINT('',(1.32100072621041,-0.0595181998025961,0.022097973859017));
#5401=CARTESIAN_POINT('',(1.32100073607231,-0.0595461706417296,0.0220219457638609));
#5402=CARTESIAN_POINT('',(1.3210007459326,-0.0595739958833986,0.0219458644195084));
#5403=CARTESIAN_POINT('',(1.32100075580306,-0.0596018498545098,0.0218697045214955));
#5404=CARTESIAN_POINT('',(1.32100076567191,-0.0596295579294562,0.0217934912646613));
#5405=CARTESIAN_POINT('',(1.32100077553905,-0.0596571199000723,0.0217172252070221));
#5406=CARTESIAN_POINT('',(1.32100078542515,-0.0596847348049371,0.0216408126763126));
#5407=CARTESIAN_POINT('',(1.32100079530954,-0.0597122030496554,0.0215643471435536));
#5408=CARTESIAN_POINT('',(1.32100080519215,-0.0597395244270394,0.0214878291707756));
#5409=CARTESIAN_POINT('',(1.32100081508457,-0.0597668729019418,0.0214112353069786));
#5410=CARTESIAN_POINT('',(1.32100082497521,-0.0597940742201519,0.0213345888994726));
#5411=CARTESIAN_POINT('',(1.32100083486399,-0.0598211281798578,0.0212578905141237));
#5412=CARTESIAN_POINT('',(1.32100084476674,-0.0598482203417267,0.0211810838250646));
#5413=CARTESIAN_POINT('',(1.32100085466763,-0.0598751647294781,0.0211042250111837));
#5414=CARTESIAN_POINT('',(1.32100086456659,-0.0599019611426348,0.0210273146415255));
#5415=CARTESIAN_POINT('',(1.32100087448214,-0.0599288024886934,0.0209502753066188));
#5416=CARTESIAN_POINT('',(1.32100088439576,-0.0599554953643271,0.0208731842428021));
#5417=CARTESIAN_POINT('',(1.32100089430737,-0.0599820395702576,0.0207960420227621));
#5418=CARTESIAN_POINT('',(1.32100090422755,-0.060008606736043,0.0207188330772686));
#5419=CARTESIAN_POINT('',(1.32100091414571,-0.0600350249756651,0.0206415728869243));
#5420=CARTESIAN_POINT('',(1.32100092406179,-0.060061294091546,0.0205642620266716));
#5421=CARTESIAN_POINT('',(1.32100093399524,-0.0600876092453404,0.0204868156753455));
#5422=CARTESIAN_POINT('',(1.3210009439266,-0.0601137747530815,0.0204093184762549));
#5423=CARTESIAN_POINT('',(1.32100095385579,-0.0601397904183891,0.0203317710081361));
#5424=CARTESIAN_POINT('',(1.3210009637921,-0.0601658247429234,0.0202541679206139));
#5425=CARTESIAN_POINT('',(1.32100097372623,-0.0601917090108401,0.0201765144918261));
#5426=CARTESIAN_POINT('',(1.32100098365812,-0.0602174430275845,0.0200988113025144));
#5427=CARTESIAN_POINT('',(1.32100099360394,-0.0602432131438013,0.0200209991117917));
#5428=CARTESIAN_POINT('',(1.3210010035475,-0.060268832587842,0.0199431370207321));
#5429=CARTESIAN_POINT('',(1.32100101348874,-0.0602943011665945,0.019865225613279));
#5430=CARTESIAN_POINT('',(1.32100102344988,-0.0603198207258897,0.0197871582502903));
#5431=CARTESIAN_POINT('',(1.32100103340868,-0.060345188816151,0.0197090413731639));
#5432=CARTESIAN_POINT('',(1.32100104336506,-0.060370405245388,0.0196308755701087));
#5433=CARTESIAN_POINT('',(1.32100105333149,-0.0603956471124479,0.0195526309149754));
#5434=CARTESIAN_POINT('',(1.3210010632955,-0.0604207370131758,0.0194743372350342));
#5435=CARTESIAN_POINT('',(1.32100107325702,-0.0604456747572962,0.0193959951210221));
#5436=CARTESIAN_POINT('',(1.32100108323139,-0.0604706446734411,0.0193175519383487));
#5437=CARTESIAN_POINT('',(1.32100109320326,-0.0604954620409626,0.0192390601964314));
#5438=CARTESIAN_POINT('',(1.32100110317255,-0.0605201266711589,0.019160520489037));
#5439=CARTESIAN_POINT('',(1.32100111315873,-0.0605448330671134,0.0190818477867263));
#5440=CARTESIAN_POINT('',(1.32100112314231,-0.0605693862076956,0.0190031269558675));
#5441=CARTESIAN_POINT('',(1.32100113312325,-0.0605937859090621,0.0189243585950666));
#5442=CARTESIAN_POINT('',(1.32100114310997,-0.0606181997347839,0.0188455446373011));
#5443=CARTESIAN_POINT('',(1.32100115309401,-0.0606424599397644,0.018766683092974));
#5444=CARTESIAN_POINT('',(1.32100116307532,-0.0606665663421745,0.0186877745624593));
#5445=CARTESIAN_POINT('',(1.32100117306928,-0.0606907032926405,0.0186087660376706));
#5446=CARTESIAN_POINT('',(1.32100118306049,-0.0607146860501434,0.0185297104070353));
#5447=CARTESIAN_POINT('',(1.32100119304888,-0.0607385144310101,0.0184506082728512));
#5448=CARTESIAN_POINT('',(1.32100120305679,-0.0607623893659592,0.0183713515949199));
#5449=CARTESIAN_POINT('',(1.32100121306187,-0.0607861093212866,0.0182920482314079));
#5450=CARTESIAN_POINT('',(1.32100122306402,-0.0608096741146142,0.01821269878887));
#5451=CARTESIAN_POINT('',(1.32100123307379,-0.060833256817104,0.0181332890410277));
#5452=CARTESIAN_POINT('',(1.32100124308064,-0.0608566841224795,0.0180538331439441));
#5453=CARTESIAN_POINT('',(1.32100125308451,-0.0608799558503305,0.0179743317062713));
#5454=CARTESIAN_POINT('',(1.32100126309983,-0.0609032542477945,0.0178947391592234));
#5455=CARTESIAN_POINT('',(1.32100127311216,-0.0609263967117605,0.0178151009669923));
#5456=CARTESIAN_POINT('',(1.32100128312142,-0.0609493830635953,0.0177354177410321));
#5457=CARTESIAN_POINT('',(1.32100129314901,-0.0609724115325225,0.0176555885142708));
#5458=CARTESIAN_POINT('',(1.32100130317352,-0.0609952833175325,0.0175757140884421));
#5459=CARTESIAN_POINT('',(1.32100131319487,-0.0610179982414263,0.0174957950790698));
#5460=CARTESIAN_POINT('',(1.32100132322565,-0.0610407345376948,0.0174158008742435));
#5461=CARTESIAN_POINT('',(1.32100133325326,-0.061063313678342,0.0173357620017725));
#5462=CARTESIAN_POINT('',(1.32100134327762,-0.0610857354880981,0.0172556790796156));
#5463=CARTESIAN_POINT('',(1.32100135331225,-0.0611081802705245,0.0171755141070538));
#5464=CARTESIAN_POINT('',(1.32100136334364,-0.0611304674003127,0.0170953049943262));
#5465=CARTESIAN_POINT('',(1.32100137337169,-0.061152596704097,0.0170150523619822));
#5466=CARTESIAN_POINT('',(1.32100138341689,-0.0611747638613356,0.0169346624528681));
#5467=CARTESIAN_POINT('',(1.32100139345875,-0.0611967726529758,0.0168542288749493));
#5468=CARTESIAN_POINT('',(1.3210014034972,-0.0612186229072224,0.0167737522526487));
#5469=CARTESIAN_POINT('',(1.3210014135469,-0.0612404976681291,0.0166931853699237));
#5470=CARTESIAN_POINT('',(1.32100142359317,-0.0612622135366268,0.0166125753460278));
#5471=CARTESIAN_POINT('',(1.32100143363595,-0.0612837703428174,0.0165319228081647));
#5472=CARTESIAN_POINT('',(1.32100144368779,-0.0613053466125661,0.0164511974494326));
#5473=CARTESIAN_POINT('',(1.32100145373612,-0.0613267635334477,0.0163704294997421));
#5474=CARTESIAN_POINT('',(1.32100146378085,-0.0613480209375917,0.0162896195886675));
#5475=CARTESIAN_POINT('',(1.32100147384155,-0.0613693121113353,0.0162086813026357));
#5476=CARTESIAN_POINT('',(1.32100148389864,-0.0613904432619216,0.0161277009216031));
#5477=CARTESIAN_POINT('',(1.32100149395205,-0.0614114142231844,0.0160466790788136));
#5478=CARTESIAN_POINT('',(1.32100150401856,-0.0614324124892867,0.0159655517430819));
#5479=CARTESIAN_POINT('',(1.32100151408137,-0.0614532501494496,0.0158843828373581));
#5480=CARTESIAN_POINT('',(1.32100152414042,-0.0614739270393792,0.0158031729980206));
#5481=CARTESIAN_POINT('',(1.32100153420732,-0.0614946200778678,0.0157218997341599));
#5482=CARTESIAN_POINT('',(1.32100154427045,-0.0615151520956982,0.0156405854725219));
#5483=CARTESIAN_POINT('',(1.32100155432972,-0.0615355229307241,0.015559230851627));
#5484=CARTESIAN_POINT('',(1.32100156440375,-0.061555923637668,0.0154777569318146));
#5485=CARTESIAN_POINT('',(1.32100157447391,-0.061576162689534,0.0153962425340865));
#5486=CARTESIAN_POINT('',(1.32100158454013,-0.0615962399260107,0.0153146883004194));
#5487=CARTESIAN_POINT('',(1.32100159462126,-0.0616163469223867,0.0152330131813015));
#5488=CARTESIAN_POINT('',(1.32100160469844,-0.0616362916240996,0.0151512981078508));
#5489=CARTESIAN_POINT('',(1.32100161477159,-0.0616560738726916,0.0150695437255401));
#5490=CARTESIAN_POINT('',(1.32100162485138,-0.061675869155181,0.0149877354778552));
#5491=CARTESIAN_POINT('',(1.32100163492712,-0.0616955017711947,0.0149058878692786));
#5492=CARTESIAN_POINT('',(1.32100164499875,-0.0617149715645391,0.0148240015471887));
#5493=CARTESIAN_POINT('',(1.3210016550839,-0.0617344675246298,0.0147420051726408));
#5494=CARTESIAN_POINT('',(1.32100166516494,-0.0617538002248838,0.0146599699802292));
#5495=CARTESIAN_POINT('',(1.32100167524175,-0.0617729695110697,0.0145778966205676));
#5496=CARTESIAN_POINT('',(1.32100168533532,-0.0617921706622595,0.0144956868307906));
#5497=CARTESIAN_POINT('',(1.32100169542466,-0.0618112078564258,0.0144134387465411));
#5498=CARTESIAN_POINT('',(1.3210017055097,-0.06183008094118,0.014331153022298));
#5499=CARTESIAN_POINT('',(1.32100171560015,-0.061848964151663,0.0142488231503737));
#5500=CARTESIAN_POINT('',(1.32100172568629,-0.0618676830773682,0.0141664555978245));
#5501=CARTESIAN_POINT('',(1.32100173576804,-0.0618862375682834,0.0140840510207898));
#5502=CARTESIAN_POINT('',(1.3210017458621,-0.0619048147195576,0.0140015458041147));
#5503=CARTESIAN_POINT('',(1.32100175595176,-0.0619232270349257,0.0139190034722273));
#5504=CARTESIAN_POINT('',(1.32100176603694,-0.0619414743664609,0.0138364246842724));
#5505=CARTESIAN_POINT('',(1.32100177614069,-0.0619597553115027,0.0137536937774923));
#5506=CARTESIAN_POINT('',(1.32100178623995,-0.0619778706650875,0.0136709262799673));
#5507=CARTESIAN_POINT('',(1.32100179633463,-0.0619958202811284,0.0135881228550838));
#5508=CARTESIAN_POINT('',(1.32100180643349,-0.0620137773272995,0.0135052851542452));
#5509=CARTESIAN_POINT('',(1.32100181652776,-0.0620315684994524,0.0134224114960516));
#5510=CARTESIAN_POINT('',(1.32100182661737,-0.0620491936539843,0.0133395025452963));
#5511=CARTESIAN_POINT('',(1.32100183671853,-0.0620668389704955,0.0132564987523345));
#5512=CARTESIAN_POINT('',(1.32100184681501,-0.0620843178901052,0.0131734595857689));
#5513=CARTESIAN_POINT('',(1.32100185690673,-0.0621016302713969,0.0130903857132515));
#5514=CARTESIAN_POINT('',(1.32100186700992,-0.0621189623288575,0.0130072174241705));
#5515=CARTESIAN_POINT('',(1.32100187710835,-0.0621361274699899,0.0129240143499473));
#5516=CARTESIAN_POINT('',(1.32100188720193,-0.0621531255555889,0.0128407771610794));
#5517=CARTESIAN_POINT('',(1.3210018973069,-0.0621701428340003,0.0127574459877598));
#5518=CARTESIAN_POINT('',(1.32100190740702,-0.0621869926801708,0.0126740806224517));
#5519=CARTESIAN_POINT('',(1.32100191750219,-0.0622036749571316,0.0125906817384847));
#5520=CARTESIAN_POINT('',(1.32100192760869,-0.0622203759460735,0.0125071893086338));
#5521=CARTESIAN_POINT('',(1.32100193771024,-0.0622369089904327,0.0124236632846218));
#5522=CARTESIAN_POINT('',(1.32100194780676,-0.0622532739555024,0.0123401043425958));
#5523=CARTESIAN_POINT('',(1.32100195792254,-0.0622696701486021,0.0122563859513355));
#5524=CARTESIAN_POINT('',(1.32100196803327,-0.0622858976210824,0.0121726345160393));
#5525=CARTESIAN_POINT('',(1.32100197813886,-0.0623019562402106,0.0120888507172756));
#5526=CARTESIAN_POINT('',(1.32100198824764,-0.0623180199045097,0.0120050405959761));
#5527=CARTESIAN_POINT('',(1.32100199835127,-0.0623339146100858,0.0119211980905939));
#5528=CARTESIAN_POINT('',(1.32100200844968,-0.0623496402268328,0.0118373238828713));
#5529=CARTESIAN_POINT('',(1.32100201855919,-0.0623653831285595,0.0117533574839172));
#5530=CARTESIAN_POINT('',(1.32100202866347,-0.0623809565702811,0.0116693593126112));
#5531=CARTESIAN_POINT('',(1.32100203876244,-0.0623963604242283,0.0115853300534696));
#5532=CARTESIAN_POINT('',(1.32100204887242,-0.062411781093142,0.0115012090673363));
#5533=CARTESIAN_POINT('',(1.32100205897709,-0.0624270318045682,0.0114170569251727));
#5534=CARTESIAN_POINT('',(1.32100206907635,-0.0624421124330993,0.0113328743142538));
#5535=CARTESIAN_POINT('',(1.32100207918656,-0.0624572094094668,0.0112486004469553));
#5536=CARTESIAN_POINT('',(1.32100208929135,-0.0624721359347214,0.0111642960445166));
#5537=CARTESIAN_POINT('',(1.32100209939063,-0.0624868918858414,0.0110799617969557));
#5538=CARTESIAN_POINT('',(1.32100210950078,-0.0625016637206224,0.0109955367699805));
#5539=CARTESIAN_POINT('',(1.32100211960543,-0.0625162646145788,0.0109110818333006));
#5540=CARTESIAN_POINT('',(1.32100212970447,-0.0625306944470997,0.0108265976796609));
#5541=CARTESIAN_POINT('',(1.32100213981431,-0.0625451397021322,0.0107420232299043));
#5542=CARTESIAN_POINT('',(1.32100214991854,-0.0625594135305986,0.0106574195004001));
#5543=CARTESIAN_POINT('',(1.32100216001708,-0.0625735158143238,0.0105727871866036));
#5544=CARTESIAN_POINT('',(1.32100217012633,-0.0625876330625089,0.0104880650662977));
#5545=CARTESIAN_POINT('',(1.32100218022988,-0.0626015784024139,0.0104033143006983));
#5546=CARTESIAN_POINT('',(1.32100219032764,-0.0626153517183236,0.0103185355879544));
#5547=CARTESIAN_POINT('',(1.32100220043604,-0.0626291395438108,0.0102336675645966));
#5548=CARTESIAN_POINT('',(1.32100221053864,-0.0626427549833873,0.0101487715348709));
#5549=CARTESIAN_POINT('',(1.32100222063536,-0.0626561979238227,0.0100638481996031));
#5550=CARTESIAN_POINT('',(1.32100223074264,-0.0626696549221935,0.00997883605588068));
#5551=CARTESIAN_POINT('',(1.32100224084402,-0.0626829390611636,0.00989379654916192));
#5552=CARTESIAN_POINT('',(1.32100225093942,-0.0626960502300114,0.00980873038293168));
#5553=CARTESIAN_POINT('',(1.3210022610453,-0.0627091750084646,0.00972357591664464));
#5554=CARTESIAN_POINT('',(1.32100227114519,-0.0627221264582234,0.00963839473515173));
#5555=CARTESIAN_POINT('',(1.32100228123901,-0.0627349044710994,0.00955318754457921));
#5556=CARTESIAN_POINT('',(1.32100229134323,-0.0627476956486337,0.00946789256856096));
#5557=CARTESIAN_POINT('',(1.32100230144136,-0.0627603130324329,0.00938257152951902));
#5558=CARTESIAN_POINT('',(1.32100231153331,-0.0627727565168656,0.00929722513620278));
#5559=CARTESIAN_POINT('',(1.32100232163559,-0.062785212724464,0.00921179147823778));
#5560=CARTESIAN_POINT('',(1.32100233173168,-0.0627974946775949,0.00912633241379471));
#5561=CARTESIAN_POINT('',(1.32100234182151,-0.0628096022732086,0.00904084865422765));
#5562=CARTESIAN_POINT('',(1.32100235192157,-0.0628217221540205,0.00895527815696633));
#5563=CARTESIAN_POINT('',(1.32100236201535,-0.0628336673239973,0.0088696829141072));
#5564=CARTESIAN_POINT('',(1.32100237210277,-0.0628454376826946,0.00878406363959008));
#5565=CARTESIAN_POINT('',(1.32100238220034,-0.0628572198922186,0.00869835816046229));
#5566=CARTESIAN_POINT('',(1.32100239229154,-0.06286882693896,0.00861262860092201));
#5567=CARTESIAN_POINT('',(1.32100240237627,-0.0628802587251037,0.00852687567747555));
#5568=CARTESIAN_POINT('',(1.32100241247108,-0.0628917019313694,0.00844103708860058));
#5569=CARTESIAN_POINT('',(1.32100242255942,-0.0629029695273809,0.00835517508877315));
#5570=CARTESIAN_POINT('',(1.32100243264119,-0.0629140614179755,0.00826929039704645));
#5571=CARTESIAN_POINT('',(1.32100244273296,-0.0629251643017248,0.00818332058514056));
#5572=CARTESIAN_POINT('',(1.32100245281815,-0.0629360911322792,0.00809732803598597));
#5573=CARTESIAN_POINT('',(1.3210024628967,-0.0629468418171521,0.00801131347116281));
#5574=CARTESIAN_POINT('',(1.32100247298515,-0.0629576030720202,0.00792521433744507));
#5575=CARTESIAN_POINT('',(1.32100248306692,-0.0629681878353383,0.00783909314439432));
#5576=CARTESIAN_POINT('',(1.32100249314195,-0.0629785960173198,0.00775295061609737));
#5577=CARTESIAN_POINT('',(1.3210025032268,-0.0629890143500146,0.00766672407619228));
#5578=CARTESIAN_POINT('',(1.32100251330487,-0.0629992557574455,0.0075804761590494));
#5579=CARTESIAN_POINT('',(1.32100252337611,-0.0630093201525485,0.00749420759124148));
#5580=CARTESIAN_POINT('',(1.32100253345708,-0.0630193942830306,0.00740785557507887));
#5581=CARTESIAN_POINT('',(1.32100254353119,-0.0630292910592302,0.00732148286792001));
#5582=CARTESIAN_POINT('',(1.32100255359834,-0.0630390103968293,0.00723509019880259));
#5583=CARTESIAN_POINT('',(1.32100256367515,-0.0630487390584906,0.00714861465051612));
#5584=CARTESIAN_POINT('',(1.321002573745,-0.0630582899416003,0.00706211910158734));
#5585=CARTESIAN_POINT('',(1.3210025838078,-0.0630676629646096,0.00697560428349753));
#5586=CARTESIAN_POINT('',(1.32100259388017,-0.0630770449044511,0.00688900716131974));
#5587=CARTESIAN_POINT('',(1.32100260394548,-0.0630862486462756,0.00680239073293132));
#5588=CARTESIAN_POINT('',(1.32100261400364,-0.0630952741113264,0.00671575573223548));
#5589=CARTESIAN_POINT('',(1.32100262407129,-0.0631043080901352,0.00662903900839019));
#5590=CARTESIAN_POINT('',(1.32100263413178,-0.0631131634563193,0.00654230367680844));
#5591=CARTESIAN_POINT('',(1.32100264418502,-0.0631218401339366,0.00645555047379325));
#5592=CARTESIAN_POINT('',(1.32100265424766,-0.0631305249264624,0.00636871613438655));
#5593=CARTESIAN_POINT('',(1.32100266430305,-0.0631390306966671,0.00628186388972396));
#5594=CARTESIAN_POINT('',(1.32100267435108,-0.0631473573714452,0.0061949944784859));
#5595=CARTESIAN_POINT('',(1.32100268440843,-0.0631556917665759,0.00610804452339378));
#5596=CARTESIAN_POINT('',(1.32100269445843,-0.0631638467346529,0.00602107736949597));
#5597=CARTESIAN_POINT('',(1.32100270450098,-0.0631718222054307,0.00593409375782754));
#5598=CARTESIAN_POINT('',(1.32100271455275,-0.0631798050063665,0.00584703020058092));
#5599=CARTESIAN_POINT('',(1.32100272459708,-0.0631876079805335,0.00575995015491093));
#5600=CARTESIAN_POINT('',(1.32100273463385,-0.0631952310605676,0.00567285436418421));
#5601=CARTESIAN_POINT('',(1.32100274467977,-0.0632028610849948,0.0055856792318523));
#5602=CARTESIAN_POINT('',(1.32100275471813,-0.0632103108880079,0.00549848832537335));
#5603=CARTESIAN_POINT('',(1.32100276474885,-0.0632175804051465,0.0054112823904221));
#5604=CARTESIAN_POINT('',(1.32100277478862,-0.0632248564854103,0.00532399772349277));
#5605=CARTESIAN_POINT('',(1.32100278482073,-0.0632319519547364,0.00523669800054775));
#5606=CARTESIAN_POINT('',(1.32100279484511,-0.0632388667515905,0.00514938396954617));
#5607=CARTESIAN_POINT('',(1.32100280487845,-0.063245787734866,0.00506199182180337));
#5608=CARTESIAN_POINT('',(1.32100281490402,-0.0632525277228547,0.00497458533999177));
#5609=CARTESIAN_POINT('',(1.32100282492176,-0.063259086656969,0.00488716527433064));
#5610=CARTESIAN_POINT('',(1.32100283494839,-0.0632656514054322,0.00479966771273071));
#5611=CARTESIAN_POINT('',(1.32100284496714,-0.0632720347794849,0.00471215654278404));
#5612=CARTESIAN_POINT('',(1.32100285497796,-0.0632782367235083,0.00462463251694562));
#5613=CARTESIAN_POINT('',(1.32100286499757,-0.0632844441145054,0.00453703162148974));
#5614=CARTESIAN_POINT('',(1.32100287500922,-0.063290469757245,0.00444941784714333));
#5615=CARTESIAN_POINT('',(1.32100288501283,-0.0632963135990984,0.00436179194857233));
#5616=CARTESIAN_POINT('',(1.32100289502514,-0.0633021625253138,0.00427408981217734));
#5617=CARTESIAN_POINT('',(1.32100290502939,-0.0633078293347526,0.00418637553004056));
#5618=CARTESIAN_POINT('',(1.3210029150255,-0.0633133139777969,0.00409864985901365));
#5619=CARTESIAN_POINT('',(1.32100292503023,-0.0633188033474204,0.00401084858738033));
#5620=CARTESIAN_POINT('',(1.32100293502679,-0.0633241102371266,0.00392303590680407));
#5621=CARTESIAN_POINT('',(1.32100294501511,-0.0633292346003287,0.00383521257629678));
#5622=CARTESIAN_POINT('',(1.32100295501196,-0.0633343633372216,0.00374731428777558));
#5623=CARTESIAN_POINT('',(1.32100296500055,-0.0633393092364844,0.0036594053307173));
#5624=CARTESIAN_POINT('',(1.32100297498079,-0.0633440722545828,0.00357148646626831));
#5625=CARTESIAN_POINT('',(1.32100298496947,-0.0633488392984422,0.00348349329172237));
#5626=CARTESIAN_POINT('',(1.32100299494978,-0.0633534231524365,0.00339549019260847));
#5627=CARTESIAN_POINT('',(1.32100300492166,-0.0633578237761045,0.00330747793218131));
#5628=CARTESIAN_POINT('',(1.32100301491771,-0.063362235068183,0.00321925230406018));
#5629=CARTESIAN_POINT('',(1.32100302490527,-0.0633664622410204,0.00313101746972446));
#5630=CARTESIAN_POINT('',(1.32100303488426,-0.0633705052570747,0.00304277419815831));
#5631=CARTESIAN_POINT('',(1.32100304485571,-0.0633745452205902,0.00295459755160673));
#5632=CARTESIAN_POINT('',(1.3210030548186,-0.0633784013058647,0.00286641248013009));
#5633=CARTESIAN_POINT('',(1.32100306477285,-0.063382073478648,0.00277821975112319));
#5634=CARTESIAN_POINT('',(1.32100307473526,-0.0633857486632717,0.00268995468825845));
#5635=CARTESIAN_POINT('',(1.321003084689,-0.0633892396341557,0.00260168195486357));
#5636=CARTESIAN_POINT('',(1.32100309463401,-0.0633925463601826,0.00251340232036124));
#5637=CARTESIAN_POINT('',(1.32100310458708,-0.0633958557706004,0.00242505102070325));
#5638=CARTESIAN_POINT('',(1.32100311453139,-0.0633989806374524,0.00233669280829142));
#5639=CARTESIAN_POINT('',(1.32100312446685,-0.0634019209327736,0.00224832845454883));
#5640=CARTESIAN_POINT('',(1.32100313441029,-0.0634048635903105,0.00215989310941103));
#5641=CARTESIAN_POINT('',(1.32100314434487,-0.0634076213801752,0.00207145161262991));
#5642=CARTESIAN_POINT('',(1.3210031542705,-0.0634101942775745,0.00198300473760118));
#5643=CARTESIAN_POINT('',(1.32100316420402,-0.0634127692203507,0.00189448754994023));
#5644=CARTESIAN_POINT('',(1.32100317412858,-0.0634151589771149,0.00180596497503287));
#5645=CARTESIAN_POINT('',(1.32100318404408,-0.0634173635262649,0.0017174377882194));
#5646=CARTESIAN_POINT('',(1.32100319398312,-0.0634195733085899,0.00162870045491817));
#5647=CARTESIAN_POINT('',(1.32100320391307,-0.0634215970034948,0.00153995848733969));
#5648=CARTESIAN_POINT('',(1.32100321383383,-0.0634234345925036,0.00145121266644464));
#5649=CARTESIAN_POINT('',(1.3210032237466,-0.0634252707013933,0.00136253832746936));
#5650=CARTESIAN_POINT('',(1.32100323365021,-0.0634269210045962,0.00127386014093093));
#5651=CARTESIAN_POINT('',(1.32100324354457,-0.063428385486953,0.00118517888597619));
#5652=CARTESIAN_POINT('',(1.32100325344654,-0.0634298510963211,0.00109642938521763));
#5653=CARTESIAN_POINT('',(1.32100326333923,-0.0634311305992498,0.00100767681086374));
#5654=CARTESIAN_POINT('',(1.32100327322258,-0.0634322239838261,0.000918921943919725));
#5655=CARTESIAN_POINT('',(1.32100328311344,-0.0634333182005316,0.000830099529368953));
#5656=CARTESIAN_POINT('',(1.32100329299494,-0.0634342260159949,0.000741274818279332));
#5657=CARTESIAN_POINT('',(1.32100330286698,-0.0634349474215674,0.000652448593485075));
#5658=CARTESIAN_POINT('',(1.32100331274644,-0.0634356693700218,0.000563555523987612));
#5659=CARTESIAN_POINT('',(1.32100332261644,-0.0634362046284254,0.0004746609380454));
#5660=CARTESIAN_POINT('',(1.32100333247688,-0.0634365531914122,0.000385765620292036));
#5661=CARTESIAN_POINT('',(1.32100334234585,-0.0634369020561194,0.000296793353673368));
#5662=CARTESIAN_POINT('',(1.32100335220526,-0.0634370639051132,0.000207820353511001));
#5663=CARTESIAN_POINT('',(1.321003362055,-0.0634370387286559,0.000118847406496909));
#5664=CARTESIAN_POINT('',(1.32100337192522,-0.06343701349985,2.9689460916509E-05));
#5665=CARTESIAN_POINT('',(1.32100338178573,-0.0634368004777839,-5.94684317663363E-05));
#5666=CARTESIAN_POINT('',(1.32100339163646,-0.0634363996560312,-0.000148625479939305));
#5667=CARTESIAN_POINT('',(1.32100340147994,-0.0634359991290766,-0.000237716954493208));
#5668=CARTESIAN_POINT('',(1.32100341131365,-0.0634354110816242,-0.000326807586250482));
#5669=CARTESIAN_POINT('',(1.3210034211375,-0.0634346355182646,-0.000415896585357506));
#5670=CARTESIAN_POINT('',(1.3210034309684,-0.0634338593978743,-0.000505049570602673));
#5671=CARTESIAN_POINT('',(1.32100344078942,-0.0634328954925986,-0.00059420092132491));
#5672=CARTESIAN_POINT('',(1.32100345060049,-0.0634317438103787,-0.000683349845992792));
#5673=CARTESIAN_POINT('',(1.32100346041851,-0.0634305913109179,-0.000772562031308882));
#5674=CARTESIAN_POINT('',(1.32100347022656,-0.0634292507683925,-0.000861771787602635));
#5675=CARTESIAN_POINT('',(1.32100348002454,-0.0634277221941111,-0.000950978321695936));
#5676=CARTESIAN_POINT('',(1.32100348982939,-0.0634261925483496,-0.00104024738662801));
#5677=CARTESIAN_POINT('',(1.32100349962416,-0.0634244746075939,-0.00112951322531994));
#5678=CARTESIAN_POINT('',(1.32100350940877,-0.0634225683865359,-0.00121877504297832));
#5679=CARTESIAN_POINT('',(1.32100351920514,-0.0634206598721299,-0.00130814425028149));
#5680=CARTESIAN_POINT('',(1.32100352899132,-0.06341856262457,-0.00139750942735264));
#5681=CARTESIAN_POINT('',(1.32100353876724,-0.0634162766619749,-0.00148686977659463));
#5682=CARTESIAN_POINT('',(1.32100354855536,-0.0634139878437895,-0.00157634175345363));
#5683=CARTESIAN_POINT('',(1.32100355833318,-0.063411509839244,-0.00166580889090047));
#5684=CARTESIAN_POINT('',(1.3210035681006,-0.063408842669917,-0.00175527038842835));
#5685=CARTESIAN_POINT('',(1.32100357786413,-0.0634061765659779,-0.00184469615099138));
#5686=CARTESIAN_POINT('',(1.32100358761727,-0.0634033214487905,-0.00193411627862797));
#5687=CARTESIAN_POINT('',(1.32100359735994,-0.0634002773432954,-0.00202352997188764));
#5688=CARTESIAN_POINT('',(1.32100360710911,-0.0633972312097767,-0.0021130032337389));
#5689=CARTESIAN_POINT('',(1.32100361684779,-0.0633939958364869,-0.00220247005312716));
#5690=CARTESIAN_POINT('',(1.32100362657589,-0.0633905712518114,-0.00229192962911502));
#5691=CARTESIAN_POINT('',(1.3210036363104,-0.0633871444155272,-0.00238144802331676));
#5692=CARTESIAN_POINT('',(1.32100364603432,-0.0633835281193949,-0.00247095916508283));
#5693=CARTESIAN_POINT('',(1.32100365574757,-0.0633797223952589,-0.00256046225202173));
#5694=CARTESIAN_POINT('',(1.32100366546712,-0.0633759142022101,-0.00265002340289738));
#5695=CARTESIAN_POINT('',(1.32100367517598,-0.063371916335719,-0.00273957648898674));
#5696=CARTESIAN_POINT('',(1.32100368487407,-0.063367728831104,-0.00282912070647724));
#5697=CARTESIAN_POINT('',(1.3210036945871,-0.0633635348783935,-0.00291880280791764));
#5698=CARTESIAN_POINT('',(1.32100370428932,-0.0633591507034953,-0.00300847601392438));
#5699=CARTESIAN_POINT('',(1.32100371398064,-0.0633545763453218,-0.00309813951712287));
#5700=CARTESIAN_POINT('',(1.32100372367602,-0.063350000069862,-0.00318784060168305));
#5701=CARTESIAN_POINT('',(1.32100373336051,-0.0633452334520727,-0.00327753197580077));
#5702=CARTESIAN_POINT('',(1.32100374303401,-0.0633402765343524,-0.00336721283125774));
#5703=CARTESIAN_POINT('',(1.32100375270689,-0.0633353199327185,-0.00345688796805966));
#5704=CARTESIAN_POINT('',(1.32100376236878,-0.063330173055819,-0.00354655258804475));
#5705=CARTESIAN_POINT('',(1.32100377201959,-0.0633248359494816,-0.00363620588333593));
#5706=CARTESIAN_POINT('',(1.32100378167633,-0.063319495568485,-0.0037259141867113));
#5707=CARTESIAN_POINT('',(1.32100379132198,-0.0633139647249309,-0.00381561115199615));
#5708=CARTESIAN_POINT('',(1.32100380095645,-0.0633082434681748,-0.00390529597002705));
#5709=CARTESIAN_POINT('',(1.32100381059675,-0.063302518751583,-0.00399503502347347));
#5710=CARTESIAN_POINT('',(1.32100382022586,-0.0632966033918014,-0.00408476191547646));
#5711=CARTESIAN_POINT('',(1.32100382984369,-0.0632904974417259,-0.00417447583562057));
#5712=CARTESIAN_POINT('',(1.32100383946725,-0.0632843878531982,-0.00426424321506224));
#5713=CARTESIAN_POINT('',(1.32100384907953,-0.0632780874475415,-0.00435399760768969));
#5714=CARTESIAN_POINT('',(1.32100385868042,-0.0632715962812036,-0.00444373820186987));
#5715=CARTESIAN_POINT('',(1.32100386829933,-0.0632650929379357,-0.00453364714252125));
#5716=CARTESIAN_POINT('',(1.32100387790682,-0.063258398117976,-0.00462354223341956));
#5717=CARTESIAN_POINT('',(1.3210038875028,-0.0632515118815719,-0.00471342265860403));
#5718=CARTESIAN_POINT('',(1.32100389709484,-0.0632446284742342,-0.00480326615829265));
#5719=CARTESIAN_POINT('',(1.32100390667539,-0.0632375538080576,-0.00489309500482874));
#5720=CARTESIAN_POINT('',(1.32100391624434,-0.0632302879466924,-0.00498290838352));
#5721=CARTESIAN_POINT('',(1.3210039258159,-0.06322302011195,-0.00507274615514453));
#5722=CARTESIAN_POINT('',(1.32100393537586,-0.0632155609784988,-0.00516256845103582));
#5723=CARTESIAN_POINT('',(1.32100394492416,-0.0632079106135218,-0.00525237445611602));
#5724=CARTESIAN_POINT('',(1.32100395449281,-0.0632002439389591,-0.00534237191594715));
#5725=CARTESIAN_POINT('',(1.32100396404973,-0.0631923852169805,-0.00543235301595168));
#5726=CARTESIAN_POINT('',(1.32100397359483,-0.063184334518705,-0.00552231693612323));
#5727=CARTESIAN_POINT('',(1.32100398313038,-0.0631762918842666,-0.00561219074555339));
#5728=CARTESIAN_POINT('',(1.32100399265414,-0.0631680576582518,-0.00570204741006774));
#5729=CARTESIAN_POINT('',(1.32100400216601,-0.0631596319150597,-0.00579188611243098));
#5730=CARTESIAN_POINT('',(1.3210040116829,-0.0631512017293296,-0.00588177218294278));
#5731=CARTESIAN_POINT('',(1.32100402118791,-0.0631425798247364,-0.005971640272877));
#5732=CARTESIAN_POINT('',(1.32100403068094,-0.0631337662792954,-0.00606148956403007));
#5733=CARTESIAN_POINT('',(1.3210040401941,-0.0631249340476202,-0.00615152935115332));
#5734=CARTESIAN_POINT('',(1.32100404969523,-0.0631159093619296,-0.006241550260221));
#5735=CARTESIAN_POINT('',(1.32100405918424,-0.0631066923042605,-0.00633155146815704));
#5736=CARTESIAN_POINT('',(1.32100406866321,-0.0630974850056545,-0.0064214573824));
#5737=CARTESIAN_POINT('',(1.3210040781301,-0.0630880857425332,-0.00651134363773201));
#5738=CARTESIAN_POINT('',(1.3210040875848,-0.0630784946001851,-0.00660120941404535));
#5739=CARTESIAN_POINT('',(1.32100409704438,-0.0630688985133395,-0.00669112151863525));
#5740=CARTESIAN_POINT('',(1.32100410649178,-0.0630591103496794,-0.0067810131236105));
#5741=CARTESIAN_POINT('',(1.3210041159269,-0.0630491301981412,-0.00687088340796672));
#5742=CARTESIAN_POINT('',(1.32100412538178,-0.0630391291566944,-0.00696094180389864));
#5743=CARTESIAN_POINT('',(1.32100413482432,-0.0630289353231038,-0.00705097879039154));
#5744=CARTESIAN_POINT('',(1.32100414425446,-0.063018548790408,-0.0071409935416653));
#5745=CARTESIAN_POINT('',(1.32100415367436,-0.0630081735352818,-0.00723091055602754));
#5746=CARTESIAN_POINT('',(1.32100416308187,-0.0629976059995689,-0.00732080538395745));
#5747=CARTESIAN_POINT('',(1.32100417247691,-0.0629868462795336,-0.00741067720276614));
#5748=CARTESIAN_POINT('',(1.32100418187801,-0.0629760796357086,-0.00750060685333807));
#5749=CARTESIAN_POINT('',(1.32100419126661,-0.0629651205604202,-0.00759051346569548));
#5750=CARTESIAN_POINT('',(1.32100420064264,-0.0629539691536516,-0.00768039621598049));
#5751=CARTESIAN_POINT('',(1.32100421003513,-0.0629427981666359,-0.00777043678729236));
#5752=CARTESIAN_POINT('',(1.32100421941502,-0.0629314341724039,-0.00786045341319303));
#5753=CARTESIAN_POINT('',(1.32100422878219,-0.062919877275022,-0.00795044526591567));
#5754=CARTESIAN_POINT('',(1.32100423814038,-0.0629083314540678,-0.00804035086813261));
#5755=CARTESIAN_POINT('',(1.32100424748591,-0.062896593099814,-0.00813023174516633));
#5756=CARTESIAN_POINT('',(1.32100425681866,-0.0628846623195723,-0.0082200870720802));
#5757=CARTESIAN_POINT('',(1.32100426616049,-0.0628727199436076,-0.00831002973087511));
#5758=CARTESIAN_POINT('',(1.32100427548953,-0.0628605847676811,-0.00839994679039311));
#5759=CARTESIAN_POINT('',(1.3210042848057,-0.0628482569029692,-0.0084898374237589));
#5760=CARTESIAN_POINT('',(1.32100429413134,-0.0628359164949215,-0.00857981951890176));
#5761=CARTESIAN_POINT('',(1.32100430344408,-0.0628233830060202,-0.00866977513462312));
#5762=CARTESIAN_POINT('',(1.32100431274384,-0.0628106565513471,-0.00875970344200749));
#5763=CARTESIAN_POINT('',(1.32100432203773,-0.0627979381284322,-0.00884957499498146));
#5764=CARTESIAN_POINT('',(1.32100433131865,-0.0627850269834688,-0.00893941927461028));
#5765=CARTESIAN_POINT('',(1.32100434058651,-0.0627719232348772,-0.00902923545404766));
#5766=CARTESIAN_POINT('',(1.32100434986642,-0.0627588024488007,-0.00911916841242096));
#5767=CARTESIAN_POINT('',(1.32100435913324,-0.0627454885581512,-0.00920907319801885));
#5768=CARTESIAN_POINT('',(1.32100436838689,-0.0627319816853814,-0.00929894898128391));
#5769=CARTESIAN_POINT('',(1.32100437764313,-0.0627184710369691,-0.00938884988796857));
#5770=CARTESIAN_POINT('',(1.32100438688619,-0.0627047672987504,-0.00947872177663992));
#5771=CARTESIAN_POINT('',(1.32100439611597,-0.0626908705968537,-0.00956856381757916));
#5772=CARTESIAN_POINT('',(1.32100440534295,-0.0626769781147677,-0.00965837857748394));
#5773=CARTESIAN_POINT('',(1.32100441455668,-0.0626628927863856,-0.00974816350831648));
#5774=CARTESIAN_POINT('',(1.32100442375706,-0.0626486147412887,-0.00983791778166301));
#5775=CARTESIAN_POINT('',(1.32100443297242,-0.0626343134465925,-0.00992781820603233));
#5776=CARTESIAN_POINT('',(1.3210044421744,-0.0626198188072528,-0.0100176878735299));
#5777=CARTESIAN_POINT('',(1.3210044513629,-0.0626051309570703,-0.0101075259522565));
#5778=CARTESIAN_POINT('',(1.32100446054719,-0.0625904498334809,-0.0101973228878485));
#5779=CARTESIAN_POINT('',(1.32100446971802,-0.0625755756761717,-0.0102870882641336));
#5780=CARTESIAN_POINT('',(1.32100447887531,-0.0625605086223391,-0.0103768212509381));
#5781=CARTESIAN_POINT('',(1.32100448803281,-0.0625454412078589,-0.0104665563856063));
#5782=CARTESIAN_POINT('',(1.32100449717678,-0.0625301808878054,-0.0105562591297802));
#5783=CARTESIAN_POINT('',(1.32100450630711,-0.0625147278029617,-0.0106459286538245));
#5784=CARTESIAN_POINT('',(1.32100451545494,-0.0624992450967575,-0.0107357700615618));
#5785=CARTESIAN_POINT('',(1.32100452458909,-0.062483568886225,-0.0108255781222301));
#5786=CARTESIAN_POINT('',(1.32100453370947,-0.0624676993165569,-0.0109153520020319));
#5787=CARTESIAN_POINT('',(1.32100454281967,-0.0624518474607632,-0.0110050256747542));
#5788=CARTESIAN_POINT('',(1.32100455191614,-0.0624358026774228,-0.011094665243412));
#5789=CARTESIAN_POINT('',(1.32100456099878,-0.0624195651148266,-0.0111842698776284));
#5790=CARTESIAN_POINT('',(1.32100457008426,-0.0624033224830844,-0.0112739024851918));
#5791=CARTESIAN_POINT('',(1.32100457915591,-0.0623868869518607,-0.0113635001370357));
#5792=CARTESIAN_POINT('',(1.32100458821365,-0.0623702586731696,-0.0114530620026528));
#5793=CARTESIAN_POINT('',(1.32100459728893,-0.0623535981716083,-0.0115427974244404));
#5794=CARTESIAN_POINT('',(1.32100460635026,-0.0623367441749798,-0.0116324969217104));
#5795=CARTESIAN_POINT('',(1.32100461539753,-0.0623196968397905,-0.0117221596597855));
#5796=CARTESIAN_POINT('',(1.32100462443357,-0.0623026706569923,-0.0118117111440321));
#5797=CARTESIAN_POINT('',(1.3210046334556,-0.0622854516152683,-0.011901225960787));
#5798=CARTESIAN_POINT('',(1.32100464246352,-0.0622680398741335,-0.0119907032791566));
#5799=CARTESIAN_POINT('',(1.32100465147445,-0.0622506223322742,-0.0120802104069104));
#5800=CARTESIAN_POINT('',(1.32100466047126,-0.06223301196272,-0.012169680011827));
#5801=CARTESIAN_POINT('',(1.32100466945389,-0.0622152089287355,-0.0122591112628784));
#5802=CARTESIAN_POINT('',(1.32100467845367,-0.0621973718891053,-0.0123487133369167));
#5803=CARTESIAN_POINT('',(1.3210046874392,-0.0621793414484471,-0.0124382769109693));
#5804=CARTESIAN_POINT('',(1.3210046964104,-0.0621611177745753,-0.0125278011499544));
#5805=CARTESIAN_POINT('',(1.32100470537022,-0.0621429172169741,-0.0126172118297008));
#5806=CARTESIAN_POINT('',(1.32100471431574,-0.0621245239161875,-0.012706583274645));
#5807=CARTESIAN_POINT('',(1.32100472324689,-0.0621059380429872,-0.0127959146536091));
#5808=CARTESIAN_POINT('',(1.32100473218156,-0.0620873448553394,-0.0128852811888273));
#5809=CARTESIAN_POINT('',(1.32100474110183,-0.062068558943782,-0.01297460762706));
#5810=CARTESIAN_POINT('',(1.32100475000763,-0.0620495804828832,-0.0130638931368936));
#5811=CARTESIAN_POINT('',(1.32100475892862,-0.0620305696455256,-0.0131533309640645));
#5812=CARTESIAN_POINT('',(1.3210047678351,-0.0620113656014022,-0.0132427277236109));
#5813=CARTESIAN_POINT('',(1.32100477672696,-0.0619919685295912,-0.0133320825806236));
#5814=CARTESIAN_POINT('',(1.32100478560807,-0.0619725948972816,-0.0134213294608586));
#5815=CARTESIAN_POINT('',(1.32100479447463,-0.0619530287036041,-0.0135105345403053));
#5816=CARTESIAN_POINT('',(1.32100480332653,-0.0619332701305867,-0.0135996969878568));
#5817=CARTESIAN_POINT('',(1.32100481218481,-0.0619134973067449,-0.0136889237436143));
#5818=CARTESIAN_POINT('',(1.32100482102842,-0.0618935318260381,-0.0137781078064938));
#5819=CARTESIAN_POINT('',(1.32100482985727,-0.0618733738744904,-0.0138672483443854));
#5820=CARTESIAN_POINT('',(1.32100483869466,-0.0618531964302683,-0.0139564750808907));
#5821=CARTESIAN_POINT('',(1.32100484751726,-0.0618328261428609,-0.0140456582087264));
#5822=CARTESIAN_POINT('',(1.321004856325,-0.0618122632024448,-0.0141347968941816));
#5823=CARTESIAN_POINT('',(1.32100486512497,-0.0617917183937224,-0.0142238569802096));
#5824=CARTESIAN_POINT('',(1.3210048739101,-0.061770981271656,-0.0143128727027322));
#5825=CARTESIAN_POINT('',(1.32100488268031,-0.0617500520295193,-0.0144018432310709));
#5826=CARTESIAN_POINT('',(1.32100489145972,-0.061729100835791,-0.0144909070759612));
#5827=CARTESIAN_POINT('',(1.32100490022417,-0.0617079571188264,-0.014579925632348));
#5828=CARTESIAN_POINT('',(1.32100490897358,-0.0616866210761151,-0.014668898067783));
#5829=CARTESIAN_POINT('',(1.321004917725,-0.0616652801578337,-0.0147578908346056));
#5830=CARTESIAN_POINT('',(1.32100492646137,-0.061643746827695,-0.0148468374603566));
#5831=CARTESIAN_POINT('',(1.32100493518262,-0.0616220212816818,-0.0149357371115976));
#5832=CARTESIAN_POINT('',(1.32100494391285,-0.0616002733634992,-0.0150247283084342));
#5833=CARTESIAN_POINT('',(1.32100495262792,-0.0615783328404138,-0.0151136724362124));
#5834=CARTESIAN_POINT('',(1.32100496132776,-0.0615561999126438,-0.0152025686598023));
#5835=CARTESIAN_POINT('',(1.32100497002857,-0.0615340644843438,-0.0152914749266937));
#5836=CARTESIAN_POINT('',(1.32100497871415,-0.0615117366064568,-0.0153803332787191));
#5837=CARTESIAN_POINT('',(1.32100498738441,-0.0614892164977643,-0.0154691428850892));
#5838=CARTESIAN_POINT('',(1.32100499604467,-0.0614667223399354,-0.0155578501524335));
#5839=CARTESIAN_POINT('',(1.32100500468965,-0.0614440363812935,-0.0156465087836833));
#5840=CARTESIAN_POINT('',(1.32100501331926,-0.0614211588434858,-0.0157351179518348));
#5841=CARTESIAN_POINT('',(1.32100502194967,-0.0613982791589324,-0.015823735434751));
#5842=CARTESIAN_POINT('',(1.32100503056473,-0.0613752078560659,-0.0159123034450007));
#5843=CARTESIAN_POINT('',(1.32100503916432,-0.0613519451505781,-0.0160008211538368));
#5844=CARTESIAN_POINT('',(1.32100504777921,-0.0613286410440686,-0.0160894963991033));
#5845=CARTESIAN_POINT('',(1.32100505637861,-0.061305144853049,-0.0161781211642802));
#5846=CARTESIAN_POINT('',(1.32100506496242,-0.0612814567979783,-0.0162666946171359));
#5847=CARTESIAN_POINT('',(1.32100507353423,-0.0612578018717871,-0.0163551441957758));
#5848=CARTESIAN_POINT('',(1.32100508209049,-0.061233955617827,-0.0164435426060449));
#5849=CARTESIAN_POINT('',(1.32100509063112,-0.0612099182592272,-0.0165318890201587));
#5850=CARTESIAN_POINT('',(1.32100509917325,-0.0611858766902603,-0.0166202509089695));
#5851=CARTESIAN_POINT('',(1.32100510769976,-0.0611616439496862,-0.0167085607839314));
#5852=CARTESIAN_POINT('',(1.32100511621055,-0.0611372202643415,-0.0167968178178003));
#5853=CARTESIAN_POINT('',(1.32100512473625,-0.0611127537979866,-0.0168852294444348));
#5854=CARTESIAN_POINT('',(1.32100513324619,-0.0610880957173256,-0.0169735880452225));
#5855=CARTESIAN_POINT('',(1.32100514174028,-0.0610632462539975,-0.0170618927895622));
#5856=CARTESIAN_POINT('',(1.32100515022226,-0.0610384322401744,-0.0171500715609808));
#5857=CARTESIAN_POINT('',(1.32100515868844,-0.0610134273893055,-0.0172381966300223));
#5858=CARTESIAN_POINT('',(1.32100516713874,-0.0609882319356278,-0.017326267170644));
#5859=CARTESIAN_POINT('',(1.32100517559028,-0.060963032775672,-0.0174143506665358));
#5860=CARTESIAN_POINT('',(1.32100518402594,-0.0609376429645957,-0.0175023796207528));
#5861=CARTESIAN_POINT('',(1.32100519244564,-0.0609120627168981,-0.0175903532011009));
#5862=CARTESIAN_POINT('',(1.32100520087985,-0.0608864383821089,-0.0176784784023143));
#5863=CARTESIAN_POINT('',(1.32100520929804,-0.0608606229849682,-0.0177665480482458));
#5864=CARTESIAN_POINT('',(1.32100521770014,-0.0608346167447685,-0.0178545613034607));
#5865=CARTESIAN_POINT('',(1.32100522610331,-0.0608086071608558,-0.0179425858748467));
#5866=CARTESIAN_POINT('',(1.32100523449039,-0.0607824066850563,-0.01803055404155));
#5867=CARTESIAN_POINT('',(1.32100524286129,-0.0607560155863691,-0.018118464982471));
#5868=CARTESIAN_POINT('',(1.32100525122549,-0.0607296455951129,-0.0182063056127868));
#5869=CARTESIAN_POINT('',(1.32100525957354,-0.0607030852556728,-0.0182940891003212));
#5870=CARTESIAN_POINT('',(1.32100526790536,-0.0606763348400252,-0.01838181462703));
#5871=CARTESIAN_POINT('',(1.32100527624022,-0.060649574668845,-0.0184695721461104));
#5872=CARTESIAN_POINT('',(1.32100528455883,-0.0606226242752053,-0.0185572716603381));
#5873=CARTESIAN_POINT('',(1.32100529286112,-0.060595483912412,-0.0186449123450954));
#5874=CARTESIAN_POINT('',(1.32100530115662,-0.060568365783713,-0.0187324812323137));
#5875=CARTESIAN_POINT('',(1.32100530943581,-0.0605410579969054,-0.01881999138692));
#5876=CARTESIAN_POINT('',(1.32100531769863,-0.0605135608082436,-0.0189074419874268));
#5877=CARTESIAN_POINT('',(1.32100532597064,-0.0604860330564562,-0.0189949897892773));
#5878=CARTESIAN_POINT('',(1.32100533422624,-0.0604583154814475,-0.0190824779050733));
#5879=CARTESIAN_POINT('',(1.32100534246535,-0.0604304083439057,-0.0191699055117092));
#5880=CARTESIAN_POINT('',(1.32100535070138,-0.060402511632538,-0.0192573004551794));
#5881=CARTESIAN_POINT('',(1.32100535892094,-0.0603744255001526,-0.0193446349351989));
#5882=CARTESIAN_POINT('',(1.32100536712395,-0.0603461502107156,-0.0194319081307235));
#5883=CARTESIAN_POINT('',(1.32100537532292,-0.0603178888473342,-0.0195191383427317));
#5884=CARTESIAN_POINT('',(1.32100538350535,-0.0602894385130732,-0.0196063073310994));
#5885=CARTESIAN_POINT('',(1.32100539167117,-0.0602607994750678,-0.0196934142771476));
#5886=CARTESIAN_POINT('',(1.32100539984875,-0.0602321192342356,-0.0197806465434809));
#5887=CARTESIAN_POINT('',(1.32100540800965,-0.060203249746176,-0.019867816589347));
#5888=CARTESIAN_POINT('',(1.32100541615383,-0.0601741912827496,-0.0199549235937018));
#5889=CARTESIAN_POINT('',(1.32100542428895,-0.0601451651139656,-0.0200419337901315));
#5890=CARTESIAN_POINT('',(1.32100543240736,-0.0601159503894988,-0.0201288810855942));
#5891=CARTESIAN_POINT('',(1.32100544050902,-0.0600865473838588,-0.0202157646629658));
#5892=CARTESIAN_POINT('',(1.32100544860933,-0.0600571492468517,-0.0203026338539088));
#5893=CARTESIAN_POINT('',(1.32100545669286,-0.0600275628908844,-0.0203894393483541));
#5894=CARTESIAN_POINT('',(1.32100546475955,-0.0599977885938757,-0.0204761803307831));
#5895=CARTESIAN_POINT('',(1.3210054728393,-0.0599679660609716,-0.0205630618380731));
#5896=CARTESIAN_POINT('',(1.32100548090216,-0.059937954976013,-0.0206498786241479));
#5897=CARTESIAN_POINT('',(1.32100548894804,-0.0599077556261128,-0.0207366298722309));
#5898=CARTESIAN_POINT('',(1.32100549698776,-0.059877579417338,-0.0208233146446612));
#5899=CARTESIAN_POINT('',(1.32100550501052,-0.0598472152261846,-0.0209099339780068));
#5900=CARTESIAN_POINT('',(1.32100551301626,-0.0598166633426603,-0.0209964870586046));
#5901=CARTESIAN_POINT('',(1.32100552102212,-0.0597861109769934,-0.0210830415051061));
#5902=CARTESIAN_POINT('',(1.32100552901096,-0.0597553709128676,-0.0211695296972679));
#5903=CARTESIAN_POINT('',(1.3210055369827,-0.0597244434353011,-0.021255950819622));
#5904=CARTESIAN_POINT('',(1.32100554496735,-0.0596934658274588,-0.0213425120217707));
#5905=CARTESIAN_POINT('',(1.32100555293485,-0.0596623002036588,-0.0214290059390347));
#5906=CARTESIAN_POINT('',(1.32100556088512,-0.0596309468538776,-0.0215154317532519));
#5907=CARTESIAN_POINT('',(1.32100556882231,-0.0595996450875515,-0.0216017153771725));
#5908=CARTESIAN_POINT('',(1.32100557674232,-0.059568156216519,-0.021687931123984));
#5909=CARTESIAN_POINT('',(1.32100558464509,-0.0595364805286074,-0.021774078179232));
#5910=CARTESIAN_POINT('',(1.32100559255425,-0.0595047791833786,-0.0218602950136223));
#5911=CARTESIAN_POINT('',(1.32100560044614,-0.0594728907296715,-0.0219464430497763));
#5912=CARTESIAN_POINT('',(1.32100560832067,-0.0594408154595618,-0.0220325214725636));
#5913=CARTESIAN_POINT('',(1.32100561619436,-0.0594087436138794,-0.0221185907054264));
#5914=CARTESIAN_POINT('',(1.3210056240507,-0.0593764849900835,-0.0222045903397028));
#5915=CARTESIAN_POINT('',(1.32100563188963,-0.0593440399049164,-0.0222905195697711));
#5916=CARTESIAN_POINT('',(1.32100563971723,-0.0593116416837312,-0.0223763246828628));
#5917=CARTESIAN_POINT('',(1.32100564752745,-0.0592790575223103,-0.0224620595890636));
#5918=CARTESIAN_POINT('',(1.32100565532023,-0.0592462877395671,-0.022547723487575));
#5919=CARTESIAN_POINT('',(1.32100566311203,-0.0592135220739544,-0.0226333766234443));
#5920=CARTESIAN_POINT('',(1.32100567088639,-0.0591805708292154,-0.0227189587683338));
#5921=CARTESIAN_POINT('',(1.32100567864323,-0.0591474343149379,-0.0228044691182885));
#5922=CARTESIAN_POINT('',(1.32100568641199,-0.0591142469260838,-0.0228901107525062));
#5923=CARTESIAN_POINT('',(1.32100569416317,-0.0590808736981456,-0.0229756803716308));
#5924=CARTESIAN_POINT('',(1.32100570189672,-0.0590473149456468,-0.0230611771693585));
#5925=CARTESIAN_POINT('',(1.32100570961756,-0.0590138113045245,-0.0231465335612054));
#5926=CARTESIAN_POINT('',(1.32100571732082,-0.0589801227474664,-0.0232318173710994));
#5927=CARTESIAN_POINT('',(1.32100572500643,-0.0589462495909336,-0.0233170277980706));
#5928=CARTESIAN_POINT('',(1.32100573269151,-0.0589123787635678,-0.0234022323658501));
#5929=CARTESIAN_POINT('',(1.32100574035893,-0.0588783233618791,-0.0234873635612547));
#5930=CARTESIAN_POINT('',(1.32100574800863,-0.058844083705738,-0.0235724205848614));
#5931=CARTESIAN_POINT('',(1.32100575566985,-0.0588097924475136,-0.02365760579666));
#5932=CARTESIAN_POINT('',(1.3210057633133,-0.0587753163788004,-0.0237427166133801));
#5933=CARTESIAN_POINT('',(1.3210057709389,-0.0587406558244035,-0.0238277522333827));
#5934=CARTESIAN_POINT('',(1.32100577855176,-0.0587060531655239,-0.0239126458134991));
#5935=CARTESIAN_POINT('',(1.32100578614683,-0.058671266636511,-0.023997464448349));
#5936=CARTESIAN_POINT('',(1.32100579372404,-0.0586362965640086,-0.024082207341716));
#5937=CARTESIAN_POINT('',(1.3210058013006,-0.0586013294552842,-0.0241669430529668));
#5938=CARTESIAN_POINT('',(1.32100580885931,-0.0585661788414325,-0.0242516030391555));
#5939=CARTESIAN_POINT('',(1.32100581640009,-0.0585308450299362,-0.0243361864962815));
#5940=CARTESIAN_POINT('',(1.32100582395183,-0.058495459822771,-0.0244208929863657));
#5941=CARTESIAN_POINT('',(1.32100583148559,-0.0584598909144635,-0.0245055227376107));
#5942=CARTESIAN_POINT('',(1.3210058390013,-0.0584241386173695,-0.0245900749439778));
#5943=CARTESIAN_POINT('',(1.32100584651623,-0.0583883900278876,-0.0246746183820471));
#5944=CARTESIAN_POINT('',(1.32100585401311,-0.0583524580887937,-0.0247590842922896));
#5945=CARTESIAN_POINT('',(1.32100586149187,-0.0583163431566745,-0.0248434718876404));
#5946=CARTESIAN_POINT('',(1.321005868963,-0.0582802650475755,-0.024927773440849));
#5947=CARTESIAN_POINT('',(1.32100587641605,-0.058244004293762,-0.025011996828787));
#5948=CARTESIAN_POINT('',(1.32100588385095,-0.058207561254209,-0.0250961412682837));
#5949=CARTESIAN_POINT('',(1.32100589128639,-0.0581711155958298,-0.0251802917544672));
#5950=CARTESIAN_POINT('',(1.32100589870366,-0.0581344876191223,-0.025264363278683));
#5951=CARTESIAN_POINT('',(1.32100590610271,-0.0580976776682742,-0.0253483550512486));
#5952=CARTESIAN_POINT('',(1.32100591349408,-0.0580609059576958,-0.0254322595683854));
#5953=CARTESIAN_POINT('',(1.32100592086726,-0.0580239526505733,-0.0255160844999129));
#5954=CARTESIAN_POINT('',(1.32100592822218,-0.0579868180934368,-0.0255998290601042));
#5955=CARTESIAN_POINT('',(1.32100593558366,-0.0579496504328694,-0.0256836482740001));
#5956=CARTESIAN_POINT('',(1.32100594292685,-0.0579123011986885,-0.0257673869736249));
#5957=CARTESIAN_POINT('',(1.32100595025168,-0.0578747707417678,-0.0258510443726643));
#5958=CARTESIAN_POINT('',(1.32100595757163,-0.0578372652859318,-0.0259346460429465));
#5959=CARTESIAN_POINT('',(1.32100596487325,-0.0577995788484069,-0.0260181665213426));
#5960=CARTESIAN_POINT('',(1.32100597215646,-0.0577617117827699,-0.0261016050246369));
#5961=CARTESIAN_POINT('',(1.32100597943449,-0.0577238716818331,-0.0261849841123364));
#5962=CARTESIAN_POINT('',(1.32100598669415,-0.0576858512096183,-0.0262682813420526));
#5963=CARTESIAN_POINT('',(1.32100599393535,-0.0576476507223343,-0.0263514959337797));
#5964=CARTESIAN_POINT('',(1.32100600118538,-0.0576094036833617,-0.0264348119320606));
#5965=CARTESIAN_POINT('',(1.32100600841693,-0.0575709761899841,-0.0265180450912314));
#5966=CARTESIAN_POINT('',(1.32100601562992,-0.0575323686031078,-0.0266011946299904));
#5967=CARTESIAN_POINT('',(1.32100602283279,-0.0574938152052378,-0.0266842274613548));
#5968=CARTESIAN_POINT('',(1.32100603001715,-0.0574550822187312,-0.026767176907284));
#5969=CARTESIAN_POINT('',(1.32100603718294,-0.0574161700063489,-0.0268500421913285));
#5970=CARTESIAN_POINT('',(1.32100604434597,-0.0573772727764804,-0.0269328755694446));
#5971=CARTESIAN_POINT('',(1.32100605149044,-0.0573381964583825,-0.0270156248508736));
#5972=CARTESIAN_POINT('',(1.32100605861629,-0.0572989414177552,-0.0270982892616407));
#5973=CARTESIAN_POINT('',(1.32100606575194,-0.0572596323711199,-0.0271810673998363));
#5974=CARTESIAN_POINT('',(1.32100607286892,-0.05722014410923,-0.0272637604339499));
#5975=CARTESIAN_POINT('',(1.32100607996715,-0.0571804770034769,-0.0273463675887987));
#5976=CARTESIAN_POINT('',(1.32100608705839,-0.0571408489997339,-0.0274288933133104));
#5977=CARTESIAN_POINT('',(1.32100609413092,-0.0571010425031047,-0.0275113333276573));
#5978=CARTESIAN_POINT('',(1.32100610118468,-0.0570610578872367,-0.0275936868605582));
#5979=CARTESIAN_POINT('',(1.32100610823649,-0.0570210843274936,-0.0276760176219275));
#5980=CARTESIAN_POINT('',(1.32100611526954,-0.0569809327487899,-0.0277582619511173));
#5981=CARTESIAN_POINT('',(1.32100612228377,-0.0569406035197125,-0.0278404190751464));
#5982=CARTESIAN_POINT('',(1.32100612930205,-0.0569002509477535,-0.0279226237523785));
#5983=CARTESIAN_POINT('',(1.32100613630148,-0.0568597205290476,-0.0280047411286204));
#5984=CARTESIAN_POINT('',(1.321006143282,-0.0568190126361679,-0.0280867704311919));
#5985=CARTESIAN_POINT('',(1.32100615024975,-0.0567783792024515,-0.0281686496932477));
#5986=CARTESIAN_POINT('',(1.32100615719866,-0.0567375689452458,-0.0282504412050952));
#5987=CARTESIAN_POINT('',(1.32100616412866,-0.0566965822456364,-0.028332144203486));
#5988=CARTESIAN_POINT('',(1.3210061710585,-0.0566555964444184,-0.0284138454110209));
#5989=CARTESIAN_POINT('',(1.32100617796944,-0.0566144342081435,-0.0284954581093507));
#5990=CARTESIAN_POINT('',(1.3210061848614,-0.0565730959211731,-0.0285769815369345));
#5991=CARTESIAN_POINT('',(1.32100619175924,-0.0565317224164748,-0.028658574417563));
#5992=CARTESIAN_POINT('',(1.32100619863807,-0.056490172560587,-0.0287400778756412));
#5993=CARTESIAN_POINT('',(1.32100620549782,-0.0564484467421566,-0.0288214911493569));
#5994=CARTESIAN_POINT('',(1.32100621234644,-0.056406788678065,-0.0289027722242867));
#5995=CARTESIAN_POINT('',(1.32100621917606,-0.0563649552220212,-0.0289839634078605));
#5996=CARTESIAN_POINT('',(1.32100622598659,-0.0563229467640598,-0.0290650639436529));
#5997=CARTESIAN_POINT('',(1.32100623279921,-0.0562809254752527,-0.0291461892503729));
#5998=CARTESIAN_POINT('',(1.32100623959276,-0.0562387290771987,-0.0292272238542857));
#5999=CARTESIAN_POINT('',(1.32100624636714,-0.0561963579635619,-0.0293081669999691));
#6000=CARTESIAN_POINT('',(1.3210062531423,-0.05615398203656,-0.0293891193408067));
#6001=CARTESIAN_POINT('',(1.32100625989831,-0.0561114313538602,-0.0294699802029862));
#6002=CARTESIAN_POINT('',(1.3210062666351,-0.056068706312527,-0.0295507488325397));
#6003=CARTESIAN_POINT('',(1.32100627336316,-0.0560260366900361,-0.0296314126967422));
#6004=CARTESIAN_POINT('',(1.32100628007205,-0.0559831931605188,-0.0297119845677805));
#6005=CARTESIAN_POINT('',(1.32100628676172,-0.0559401761227402,-0.0297924636963349));
#6006=CARTESIAN_POINT('',(1.32100629345562,-0.0558971318624452,-0.0298729937545794));
#6007=CARTESIAN_POINT('',(1.32100630013027,-0.0558539138737855,-0.0299534309532632));
#6008=CARTESIAN_POINT('',(1.3210063067856,-0.0558105225595259,-0.030033774543378));
#6009=CARTESIAN_POINT('',(1.32100631343678,-0.0557671583267033,-0.030114067989359));
#6010=CARTESIAN_POINT('',(1.32100632006867,-0.0557236209841278,-0.0301942679439164));
#6011=CARTESIAN_POINT('',(1.32100632668122,-0.0556799109370389,-0.0302743736611892));
#6012=CARTESIAN_POINT('',(1.32100633328735,-0.0556362432927045,-0.0303544016685695));
#6013=CARTESIAN_POINT('',(1.32100633987416,-0.0555924032783293,-0.0304343356217442));
#6014=CARTESIAN_POINT('',(1.3210063464416,-0.0555483913011829,-0.0305141747787734));
#6015=CARTESIAN_POINT('',(1.32100635301535,-0.0555043370603703,-0.0305940906034667));
#6016=CARTESIAN_POINT('',(1.32100635956968,-0.0554601105259123,-0.0306739114501913));
#6017=CARTESIAN_POINT('',(1.32100636610455,-0.0554157121094626,-0.0307536365766398));
#6018=CARTESIAN_POINT('',(1.32100637263052,-0.0553713741289452,-0.0308332531797956));
#6019=CARTESIAN_POINT('',(1.32100637913706,-0.0553268647335985,-0.0309127743234099));
#6020=CARTESIAN_POINT('',(1.32100638562413,-0.0552821843365869,-0.030992199269981));
#6021=CARTESIAN_POINT('',(1.32100639210703,-0.0552375326580594,-0.0310715731658849));
#6022=CARTESIAN_POINT('',(1.32100639857047,-0.055192710197157,-0.0311508509886815));
#6023=CARTESIAN_POINT('',(1.32100640501441,-0.055147717369419,-0.0312300320040763));
#6024=CARTESIAN_POINT('',(1.32100641146613,-0.0551026701518897,-0.031309308737814));
#6025=CARTESIAN_POINT('',(1.32100641789829,-0.0550574521549065,-0.0313884884302653));
#6026=CARTESIAN_POINT('',(1.32100642431082,-0.0550120637986934,-0.0314675703462768));
#6027=CARTESIAN_POINT('',(1.32100643071092,-0.0549667635047146,-0.0315464988279981));
#6028=CARTESIAN_POINT('',(1.32100643709147,-0.0549212935114493,-0.0316253299126254));
#6029=CARTESIAN_POINT('',(1.32100644345242,-0.05487565423983,-0.031704062871086));
#6030=CARTESIAN_POINT('',(1.32100644981085,-0.0548300329518807,-0.031782764805661));
#6031=CARTESIAN_POINT('',(1.32100645614971,-0.0547842425184734,-0.0318613686916821));
#6032=CARTESIAN_POINT('',(1.32100646246891,-0.0547382833631769,-0.0319398738027573));
#6033=CARTESIAN_POINT('',(1.32100646879564,-0.0546922694986323,-0.0320184723654105));
#6034=CARTESIAN_POINT('',(1.32100647510268,-0.0546460865097791,-0.0320969719181087));
#6035=CARTESIAN_POINT('',(1.32100648138995,-0.054599734824838,-0.0321753717337022));
#6036=CARTESIAN_POINT('',(1.32100648766474,-0.0545534751860501,-0.032253615861289));
#6037=CARTESIAN_POINT('',(1.32100649391986,-0.0545070475200154,-0.0323317606477842));
#6038=CARTESIAN_POINT('',(1.32100650015525,-0.0544604522555195,-0.0324098053722034));
#6039=CARTESIAN_POINT('',(1.32100650638807,-0.0544138762056032,-0.0324878179131684));
#6040=CARTESIAN_POINT('',(1.32100651260117,-0.0543671326949223,-0.0325657304748457));
#6041=CARTESIAN_POINT('',(1.3210065187945,-0.054320222154827,-0.0326435423389931));
#6042=CARTESIAN_POINT('',(1.32100652499503,-0.0542732570617798,-0.0327214446916933));
#6043=CARTESIAN_POINT('',(1.32100653117574,-0.054226124550101,-0.0327992461127968));
#6044=CARTESIAN_POINT('',(1.32100653733658,-0.0541788250557458,-0.0328769458834232));
#6045=CARTESIAN_POINT('',(1.32100654348501,-0.0541316207834895,-0.0329544892309135));
#6046=CARTESIAN_POINT('',(1.32100654961365,-0.0540842501996978,-0.0330319313370637));
#6047=CARTESIAN_POINT('',(1.32100655572243,-0.0540367137407701,-0.0331092714891992));
#6048=CARTESIAN_POINT('',(1.32100656182955,-0.0539891902486616,-0.0331865905447744));
#6049=CARTESIAN_POINT('',(1.32100656791683,-0.0539415009713786,-0.0332638077022103));
#6050=CARTESIAN_POINT('',(1.32100657398421,-0.0538936463480204,-0.0333409222512977));
#6051=CARTESIAN_POINT('',(1.32100658005645,-0.0538457533741721,-0.0334180985996544));
#6052=CARTESIAN_POINT('',(1.32100658610876,-0.0537976947885991,-0.033495172175393));
#6053=CARTESIAN_POINT('',(1.32100659214109,-0.0537494710345136,-0.0335721422684947));
#6054=CARTESIAN_POINT('',(1.32100659816212,-0.0537013376475387,-0.0336489681263528));
#6055=CARTESIAN_POINT('',(1.32100660416323,-0.0536530397099635,-0.0337256908892961));
#6056=CARTESIAN_POINT('',(1.32100661014438,-0.0536045776655429,-0.0338023098531913));
#6057=CARTESIAN_POINT('',(1.32100661612586,-0.0535561129514169,-0.0338789330379168));
#6058=CARTESIAN_POINT('',(1.32100662208736,-0.0535074841118267,-0.0339554524124016));
#6059=CARTESIAN_POINT('',(1.32100662802885,-0.05345869159362,-0.0340318672743089));
#6060=CARTESIAN_POINT('',(1.32100663397072,-0.0534098959668614,-0.0341082870045766));
#6061=CARTESIAN_POINT('',(1.32100663989256,-0.0533609366400854,-0.0341846022091878));
#6062=CARTESIAN_POINT('',(1.32100664579433,-0.0533118140632368,-0.0342608121875974));
#6063=CARTESIAN_POINT('',(1.32100665168696,-0.053262767462436,-0.0343369042948908));
#6064=CARTESIAN_POINT('',(1.32100665755958,-0.0532135581156101,-0.0344128915014621));
#6065=CARTESIAN_POINT('',(1.32100666341212,-0.0531641864736066,-0.0344887731119406));
#6066=CARTESIAN_POINT('',(1.32100666926691,-0.0531147959202709,-0.0345646837881396));
#6067=CARTESIAN_POINT('',(1.32100667510161,-0.0530652429468476,-0.034640488787561));
#6068=CARTESIAN_POINT('',(1.32100668091618,-0.0530155280076835,-0.0347161874159778));
#6069=CARTESIAN_POINT('',(1.32100668672683,-0.0529658465423509,-0.0347918350753466));
#6070=CARTESIAN_POINT('',(1.32100669251736,-0.0529160033287514,-0.0348673765071244));
#6071=CARTESIAN_POINT('',(1.32100669828773,-0.0528659988232811,-0.034942811020437));
#6072=CARTESIAN_POINT('',(1.32100670405107,-0.0528160552758107,-0.0350181535752949));
#6073=CARTESIAN_POINT('',(1.32100670979429,-0.0527659508289113,-0.0350933894724198));
#6074=CARTESIAN_POINT('',(1.32100671551734,-0.0527156859402551,-0.0351685180254159));
#6075=CARTESIAN_POINT('',(1.32100672124446,-0.0526653853089636,-0.0352437000012395));
#6076=CARTESIAN_POINT('',(1.32100672695138,-0.0526149240070867,-0.0353187744804253));
#6077=CARTESIAN_POINT('',(1.32100673263806,-0.0525643024962149,-0.0353937407770831));
#6078=CARTESIAN_POINT('',(1.32100673831671,-0.0525137523451566,-0.0354686013957227));
#6079=CARTESIAN_POINT('',(1.32100674397518,-0.0524630424358941,-0.0355433541368241));
#6080=CARTESIAN_POINT('',(1.3210067496134,-0.052412173230988,-0.0356179983193691));
#6081=CARTESIAN_POINT('',(1.3210067552466,-0.0523613493540651,-0.0356925759887798));
#6082=CARTESIAN_POINT('',(1.32100676085958,-0.052310366464679,-0.0357670452932083));
#6083=CARTESIAN_POINT('',(1.32100676645232,-0.052259225027054,-0.0358414055554343));
#6084=CARTESIAN_POINT('',(1.32100677205061,-0.0522080327696618,-0.0359158397102099));
#6085=CARTESIAN_POINT('',(1.32100677762859,-0.0521566816481845,-0.0359901646061508));
#6086=CARTESIAN_POINT('',(1.32100678318623,-0.0521051721311307,-0.0360643795660134));
#6087=CARTESIAN_POINT('',(1.32100678873245,-0.052053768440774,-0.036138442050673));
#6088=CARTESIAN_POINT('',(1.32100679425841,-0.0520022070044323,-0.0362123950507014));
#6089=CARTESIAN_POINT('',(1.32100679976405,-0.0519504882906054,-0.0362862378950182));
#6090=CARTESIAN_POINT('',(1.32100680526633,-0.0518988010350147,-0.0363600358239561));
#6091=CARTESIAN_POINT('',(1.32100681074833,-0.0518469566926157,-0.0364337237313223));
#6092=CARTESIAN_POINT('',(1.32100681620999,-0.0517949557339078,-0.0365073009492632));
#6093=CARTESIAN_POINT('',(1.32100682167715,-0.0517429022852748,-0.0365809524362705));
#6094=CARTESIAN_POINT('',(1.32100682712394,-0.051690691903393,-0.0366544930104481));
#6095=CARTESIAN_POINT('',(1.3210068325503,-0.0516383250630419,-0.0367279220039388));
#6096=CARTESIAN_POINT('',(1.3210068379649,-0.0515860716474647,-0.0368011919527566));
#6097=CARTESIAN_POINT('',(1.32100684335915,-0.0515336624498477,-0.0368743508038869));
#6098=CARTESIAN_POINT('',(1.32100684873302,-0.0514810979447191,-0.0369473978958227));
#6099=CARTESIAN_POINT('',(1.3210068541037,-0.0514285645780621,-0.0370204017156912));
#6100=CARTESIAN_POINT('',(1.32100685945402,-0.0513758760872338,-0.0370932939088907));
#6101=CARTESIAN_POINT('',(1.32100686478391,-0.0513230329487282,-0.0371660738171142));
#6102=CARTESIAN_POINT('',(1.32100687011061,-0.0512702215810089,-0.0372388099680027));
#6103=CARTESIAN_POINT('',(1.3210068754169,-0.0512172557508995,-0.0373114339690413));
#6104=CARTESIAN_POINT('',(1.32100688070277,-0.0511641359368285,-0.037383945165142));
#6105=CARTESIAN_POINT('',(1.3210068859854,-0.0511110485287306,-0.0374564121254729));
#6106=CARTESIAN_POINT('',(1.32100689124762,-0.0510578073238723,-0.0375287664186004));
#6107=CARTESIAN_POINT('',(1.32100689648938,-0.0510044128025849,-0.0376010073926738));
#6108=CARTESIAN_POINT('',(1.3210069017279,-0.0509510513252448,-0.0376732036594086));
#6109=CARTESIAN_POINT('',(1.32100690694598,-0.0508975367205577,-0.0377452867474397));
#6110=CARTESIAN_POINT('',(1.32100691214357,-0.0508438694707259,-0.0378172560081715));
#6111=CARTESIAN_POINT('',(1.32100691734613,-0.050790150901088,-0.0378892940901774));
#6112=CARTESIAN_POINT('',(1.32100692252817,-0.0507362793935989,-0.0379612181272124));
#6113=CARTESIAN_POINT('',(1.32100692768965,-0.0506822554346063,-0.0380330274708817));
#6114=CARTESIAN_POINT('',(1.32100693283967,-0.0506283513463111,-0.0381046774808726));
#6115=CARTESIAN_POINT('',(1.3210069379692,-0.0505742954816628,-0.0381762133060297));
#6116=CARTESIAN_POINT('',(1.32100694307822,-0.0505200883265126,-0.0382476343043255));
#6117=CARTESIAN_POINT('',(1.32100694818394,-0.0504659161461525,-0.0383190092213538));
#6118=CARTESIAN_POINT('',(1.32100695326916,-0.0504115928698189,-0.0383902694597628));
#6119=CARTESIAN_POINT('',(1.32100695833384,-0.0503571189851383,-0.0384614143808322));
#6120=CARTESIAN_POINT('',(1.32100696339521,-0.0503026807235431,-0.0385325127768262));
#6121=CARTESIAN_POINT('',(1.32100696843605,-0.0502480920498762,-0.0386034960063632));
#6122=CARTESIAN_POINT('',(1.32100697345634,-0.0501933534535078,-0.0386743634340464));
#6123=CARTESIAN_POINT('',(1.3210069784733,-0.0501386511308886,-0.0387451838998513));
#6124=CARTESIAN_POINT('',(1.32100698346972,-0.0500837990835568,-0.0388158887173312));
#6125=CARTESIAN_POINT('',(1.32100698844557,-0.0500287978025933,-0.0388864772544285));
#6126=CARTESIAN_POINT('',(1.32100699341891,-0.0499738242698868,-0.0389570301794665));
#6127=CARTESIAN_POINT('',(1.32100699837168,-0.0499187016534391,-0.0390274669415151));
#6128=CARTESIAN_POINT('',(1.32100700330386,-0.0498634304462577,-0.0390977869115575));
#6129=CARTESIAN_POINT('',(1.32100700823884,-0.0498081277537775,-0.0391681469394415));
#6130=CARTESIAN_POINT('',(1.3210070131532,-0.0497526763005698,-0.0392383900423083));
#6131=CARTESIAN_POINT('',(1.32100701804689,-0.0496970765831489,-0.0393085155921637));
#6132=CARTESIAN_POINT('',(1.32100702293027,-0.0496415938819902,-0.0393784935544034));
#6133=CARTESIAN_POINT('',(1.32100702779308,-0.0495859635393854,-0.0394483544580025));
#6134=CARTESIAN_POINT('',(1.32100703263526,-0.0495301860513574,-0.0395180976810191));
#6135=CARTESIAN_POINT('',(1.32100703747406,-0.0494744474627895,-0.039587792264812));
#6136=CARTESIAN_POINT('',(1.32100704229226,-0.0494185619333067,-0.0396573693321824));
#6137=CARTESIAN_POINT('',(1.32100704708982,-0.0493625299605135,-0.0397268282645878));
#6138=CARTESIAN_POINT('',(1.321007051884,-0.0493065375484302,-0.0397962381563376));
#6139=CARTESIAN_POINT('',(1.32100705665756,-0.0492503988990892,-0.0398655300799477));
#6140=CARTESIAN_POINT('',(1.32100706141047,-0.0491941145116443,-0.0399347034202889));
#6141=CARTESIAN_POINT('',(1.32100706615999,-0.0491378703480214,-0.0400038273256756));
#6142=CARTESIAN_POINT('',(1.32100707088888,-0.0490814806538576,-0.0400728328172866));
#6143=CARTESIAN_POINT('',(1.3210070755971,-0.0490249459298233,-0.0401417192834197));
#6144=CARTESIAN_POINT('',(1.32100708030453,-0.0489684207063363,-0.0402105941733201));
#6145=CARTESIAN_POINT('',(1.3210070849913,-0.0489117505010468,-0.0402793500777981));
#6146=CARTESIAN_POINT('',(1.32100708965737,-0.0488549358169485,-0.0403479863875784));
#6147=CARTESIAN_POINT('',(1.32100709432224,-0.0487981358603989,-0.0404166049053986));
#6148=CARTESIAN_POINT('',(1.32100709896641,-0.0487411914992578,-0.0404851038905635));
#6149=CARTESIAN_POINT('',(1.32100710358985,-0.0486841032386906,-0.0405534827363982));
#6150=CARTESIAN_POINT('',(1.32100710820511,-0.0486271159423344,-0.0406217406499055));
#6151=CARTESIAN_POINT('',(1.32100711279972,-0.0485699852544154,-0.0406898788486965));
#6152=CARTESIAN_POINT('',(1.32100711737363,-0.0485127116799615,-0.0407578967314334));
#6153=CARTESIAN_POINT('',(1.32100712194411,-0.0484554809997846,-0.0408258636730874));
#6154=CARTESIAN_POINT('',(1.32100712649392,-0.048398107646338,-0.0408937104788725));
#6155=CARTESIAN_POINT('',(1.32100713102303,-0.048340592126036,-0.040961436550928));
#6156=CARTESIAN_POINT('',(1.32100713554871,-0.0482831201711747,-0.0410291113235056));
#6157=CARTESIAN_POINT('',(1.3210071400537,-0.0482255062640627,-0.0410966655452128));
#6158=CARTESIAN_POINT('',(1.32100714453799,-0.0481677509124685,-0.0411640986216783));
#6159=CARTESIAN_POINT('',(1.32100714901884,-0.0481100397988354,-0.0412314800474875));
#6160=CARTESIAN_POINT('',(1.321007153479,-0.0480521874566299,-0.041298740513588));
#6161=CARTESIAN_POINT('',(1.32100715791844,-0.0479941943949418,-0.0413658794291084));
#6162=CARTESIAN_POINT('',(1.32100716235864,-0.0479361915304915,-0.0414330296933456));
#6163=CARTESIAN_POINT('',(1.3210071667781,-0.0478780478982898,-0.0415000583659207));
#6164=CARTESIAN_POINT('',(1.32100717117679,-0.0478197640101635,-0.0415669648578092));
#6165=CARTESIAN_POINT('',(1.32100717557071,-0.0477615434599713,-0.0416337986414569));
#6166=CARTESIAN_POINT('',(1.32100717994389,-0.04770318295783,-0.0417005105098313));
#6167=CARTESIAN_POINT('',(1.32100718429632,-0.0476446830163602,-0.0417670998779748));
#6168=CARTESIAN_POINT('',(1.32100718864252,-0.0475862668190452,-0.0418335939217434));
#6169=CARTESIAN_POINT('',(1.32100719296801,-0.047527711580642,-0.0418999658157549));
#6170=CARTESIAN_POINT('',(1.32100719727276,-0.0474690178140099,-0.041966214979707));
#6171=CARTESIAN_POINT('',(1.32100720157407,-0.0474103709883844,-0.0420324111601374));
#6172=CARTESIAN_POINT('',(1.32100720585467,-0.047351585855322,-0.0420984848067329));
#6173=CARTESIAN_POINT('',(1.32100721011453,-0.0472926629288726,-0.0421644353427316));
#6174=CARTESIAN_POINT('',(1.32100721437094,-0.0472337876214772,-0.0422303325802551));
#6175=CARTESIAN_POINT('',(1.32100721860665,-0.0471747747426214,-0.0422961069060738));
#6176=CARTESIAN_POINT('',(1.3210072228216,-0.0471156248075131,-0.0423617577469761));
#6177=CARTESIAN_POINT('',(1.32100722703311,-0.0470565231703607,-0.0424273549817094));
#6178=CARTESIAN_POINT('',(1.32100723122391,-0.0469972846999829,-0.0424928289330831));
#6179=CARTESIAN_POINT('',(1.32100723539396,-0.0469379099127134,-0.0425581790314442));
#6180=CARTESIAN_POINT('',(1.32100723956612,-0.0468785050352512,-0.04262356224819));
#6181=CARTESIAN_POINT('',(1.32100724371751,-0.0468189637019867,-0.0426888214863306));
#6182=CARTESIAN_POINT('',(1.32100724784809,-0.0467592864324195,-0.042753956177515));
#6183=CARTESIAN_POINT('',(1.32100725197077,-0.0466997233130295,-0.0428189662796123));
#6184=CARTESIAN_POINT('',(1.32100725607272,-0.0466400247761649,-0.0428838523107282));
#6185=CARTESIAN_POINT('',(1.32100726015391,-0.0465801913407075,-0.0429486137079326));
#6186=CARTESIAN_POINT('',(1.32100726423063,-0.046520423331019,-0.0430133042908144));
#6187=CARTESIAN_POINT('',(1.32100726828664,-0.0464605207168783,-0.0430778705121603));
#6188=CARTESIAN_POINT('',(1.32100727232189,-0.0464004840178022,-0.0431423118130481));
#6189=CARTESIAN_POINT('',(1.32100727635371,-0.0463404983402526,-0.0432066983492071));
#6190=CARTESIAN_POINT('',(1.32100728036481,-0.0462803788048583,-0.0432709601770947));
#6191=CARTESIAN_POINT('',(1.32100728435516,-0.0462201259321313,-0.0433350967413785));
#6192=CARTESIAN_POINT('',(1.32100728834209,-0.0461599247628616,-0.0433991782695792));
#6193=CARTESIAN_POINT('',(1.3210072923083,-0.0460995904842807,-0.0434631347490085));
#6194=CARTESIAN_POINT('',(1.32100729625376,-0.0460391236178638,-0.0435269656279311));
#6195=CARTESIAN_POINT('',(1.3210073001958,-0.0459787091371947,-0.0435907412066782));
#6196=CARTESIAN_POINT('',(1.32100730411712,-0.0459181622976081,-0.0436543914023918));
#6197=CARTESIAN_POINT('',(1.32100730801769,-0.0458574836215099,-0.0437179156669396));
#6198=CARTESIAN_POINT('',(1.32100731191485,-0.0457968580137266,-0.0437813843744798));
#6199=CARTESIAN_POINT('',(1.3210073157913,-0.0457361007992135,-0.0438447273709632));
#6200=CARTESIAN_POINT('',(1.321007319647,-0.0456752125012751,-0.0439079441118663));
#6201=CARTESIAN_POINT('',(1.3210073234993,-0.0456143779544146,-0.0439711050461846));
#6202=CARTESIAN_POINT('',(1.32100732733089,-0.0455534125547405,-0.0440341399476614));
#6203=CARTESIAN_POINT('',(1.32100733114173,-0.0454923168264233,-0.0440970482753883));
#6204=CARTESIAN_POINT('',(1.32100733494918,-0.045431275532063,-0.0441599005542016));
#6205=CARTESIAN_POINT('',(1.32100733873593,-0.0453701041404676,-0.0442226264846272));
#6206=CARTESIAN_POINT('',(1.32100734250193,-0.0453088031766418,-0.0442852255293767));
#6207=CARTESIAN_POINT('',(1.32100734626455,-0.0452475573296855,-0.0443477682901274));
#6208=CARTESIAN_POINT('',(1.32100735000646,-0.0451861821426697,-0.0444101843931812));
#6209=CARTESIAN_POINT('',(1.32100735372765,-0.0451246781414009,-0.0444724733048746));
#6210=CARTESIAN_POINT('',(1.32100735744546,-0.0450632299398685,-0.0445347057047188));
#6211=CARTESIAN_POINT('',(1.32100736114257,-0.0450016531569837,-0.044596811143792));
#6212=CARTESIAN_POINT('',(1.32100736481896,-0.0449399483193229,-0.04465878909206));
#6213=CARTESIAN_POINT('',(1.32100736849198,-0.0448782999641406,-0.0447207103078536));
#6214=CARTESIAN_POINT('',(1.32100737214431,-0.0448165237877794,-0.0447825042660342));
#6215=CARTESIAN_POINT('',(1.32100737577592,-0.0447546203175537,-0.044844170440201));
#6216=CARTESIAN_POINT('',(1.32100737940418,-0.0446927740123424,-0.0449057796684854));
#6217=CARTESIAN_POINT('',(1.32100738301175,-0.0446308006475272,-0.0449672613485433));
#6218=CARTESIAN_POINT('',(1.32100738659862,-0.0445687007511284,-0.0450286149576111));
#6219=CARTESIAN_POINT('',(1.32100739018214,-0.0445066587019958,-0.045089911414594));
#6220=CARTESIAN_POINT('',(1.32100739374499,-0.0444444903561707,-0.045151080038961));
#6221=CARTESIAN_POINT('',(1.32100739728713,-0.0443821962423476,-0.0452121203115891));
#6222=CARTESIAN_POINT('',(1.32100740082594,-0.0443199606576805,-0.0452731032331223));
#6223=CARTESIAN_POINT('',(1.32100740434409,-0.0442575995405041,-0.0453339580438696));
#6224=CARTESIAN_POINT('',(1.32100740784154,-0.0441951134201558,-0.0453946842283512));
#6225=CARTESIAN_POINT('',(1.32100741133569,-0.0441326865104111,-0.0454553528699095));
#6226=CARTESIAN_POINT('',(1.32100741480917,-0.0440701348335481,-0.0455158931287247));
#6227=CARTESIAN_POINT('',(1.32100741826197,-0.044007458919515,-0.0455763044929636));
#6228=CARTESIAN_POINT('',(1.32100742171147,-0.0439448428970142,-0.0456366581296171));
#6229=CARTESIAN_POINT('',(1.32100742514032,-0.0438821028739292,-0.0456968831177774));
#6230=CARTESIAN_POINT('',(1.3210074285485,-0.0438192393807882,-0.0457569789492595));
#6231=CARTESIAN_POINT('',(1.32100743195339,-0.0437564364595125,-0.0458170168756454));
#6232=CARTESIAN_POINT('',(1.32100743533765,-0.0436935103052664,-0.0458769258939872));
#6233=CARTESIAN_POINT('',(1.32100743870125,-0.043630461449126,-0.04593670549975));
#6234=CARTESIAN_POINT('',(1.32100744206157,-0.0435674738445101,-0.0459964270300424));
#6235=CARTESIAN_POINT('',(1.32100744540128,-0.0435043637755533,-0.0460560193989312));
#6236=CARTESIAN_POINT('',(1.32100744872033,-0.0434411317738489,-0.0461154821055334));
#6237=CARTESIAN_POINT('',(1.32100745203613,-0.0433779617025785,-0.0461748865734095));
#6238=CARTESIAN_POINT('',(1.32100745533132,-0.0433146699365492,-0.0462341616327049));
#6239=CARTESIAN_POINT('',(1.32100745860588,-0.0432512570078402,-0.0462933067861898));
#6240=CARTESIAN_POINT('',(1.3210074618772,-0.0431879066876494,-0.0463523935447939));
#6241=CARTESIAN_POINT('',(1.32100746512792,-0.0431244354431709,-0.0464113506538137));
#6242=CARTESIAN_POINT('',(1.32100746835801,-0.0430608438069388,-0.046470177619673));
#6243=CARTESIAN_POINT('',(1.3210074715849,-0.0429973154564077,-0.0465289460415792));
#6244=CARTESIAN_POINT('',(1.3210074747912,-0.0429336669528867,-0.0465875845790606));
#6245=CARTESIAN_POINT('',(1.32100747797688,-0.0428698988293337,-0.0466460927421948));
#6246=CARTESIAN_POINT('',(1.32100748115937,-0.0428061946676884,-0.0467045422193663));
#6247=CARTESIAN_POINT('',(1.32100748432129,-0.042742371125115,-0.0467628615834245));
#6248=CARTESIAN_POINT('',(1.32100748746262,-0.0426784287349642,-0.0468210503481014));
#6249=CARTESIAN_POINT('',(1.32100749060077,-0.0426145509818782,-0.0468791802918468));
#6250=CARTESIAN_POINT('',(1.32100749371837,-0.0425505546206275,-0.0469371798999312));
#6251=CARTESIAN_POINT('',(1.32100749681538,-0.0424864401849252,-0.0469950486897404));
#6252=CARTESIAN_POINT('',(1.32100749990924,-0.0424223910603197,-0.0470528585306704));
#6253=CARTESIAN_POINT('',(1.32100750298256,-0.0423582241009523,-0.04711053781952));
#6254=CARTESIAN_POINT('',(1.32100750603532,-0.0422939398408684,-0.0471680860773285));
#6255=CARTESIAN_POINT('',(1.32100750908495,-0.0422297215647162,-0.047225575265307));
#6256=CARTESIAN_POINT('',(1.32100751211405,-0.0421653862277833,-0.0472829336909013));
#6257=CARTESIAN_POINT('',(1.32100751512261,-0.0421009343644162,-0.047340160878803));
#6258=CARTESIAN_POINT('',(1.32100751812805,-0.0420365491565457,-0.047397328882898));
#6259=CARTESIAN_POINT('',(1.321007521113,-0.0419720476623922,-0.0474543659204072));
#6260=CARTESIAN_POINT('',(1.32100752407741,-0.0419074304165737,-0.047511271519673));
#6261=CARTESIAN_POINT('',(1.32100752703873,-0.0418428804964735,-0.0475681178281054));
#6262=CARTESIAN_POINT('',(1.32100752997957,-0.0417782150650437,-0.0476248329718381));
#6263=CARTESIAN_POINT('',(1.3210075328999,-0.0417134346571436,-0.0476814164828626));
#6264=CARTESIAN_POINT('',(1.32100753581716,-0.0416487222437706,-0.0477379406029508));
#6265=CARTESIAN_POINT('',(1.32100753871396,-0.0415838950944165,-0.0477943333662982));
#6266=CARTESIAN_POINT('',(1.32100754159025,-0.0415189537441519,-0.0478505943085437));
#6267=CARTESIAN_POINT('',(1.32100754446351,-0.0414540810557375,-0.0479067957666489));
#6268=CARTESIAN_POINT('',(1.32100754731633,-0.0413890944070252,-0.0479628656820293));
#6269=CARTESIAN_POINT('',(1.32100755014867,-0.0413239943332671,-0.0480188035939692));
#6270=CARTESIAN_POINT('',(1.321007552978,-0.0412589635871271,-0.0480746819354361));
#6271=CARTESIAN_POINT('',(1.32100755578689,-0.0411938196566471,-0.0481304285542356));
#6272=CARTESIAN_POINT('',(1.32100755857534,-0.0411285630772314,-0.0481860429932943));
#6273=CARTESIAN_POINT('',(1.3210075613608,-0.0410633764895765,-0.0482415977823904));
#6274=CARTESIAN_POINT('',(1.32100756412585,-0.0409980774937551,-0.048297020674901));
#6275=CARTESIAN_POINT('',(1.32100756687047,-0.0409326666252936,-0.0483523112173919));
#6276=CARTESIAN_POINT('',(1.32100756961212,-0.0408673264110416,-0.0484075420372455));
#6277=CARTESIAN_POINT('',(1.32100757233339,-0.0408018745649524,-0.0484626407926023));
#6278=CARTESIAN_POINT('',(1.32100757503425,-0.0407363116226454,-0.0485176070336642));
#6279=CARTESIAN_POINT('',(1.32100757773218,-0.0406708199952332,-0.0485725134861999));
#6280=CARTESIAN_POINT('',(1.32100758040974,-0.0406052175124102,-0.0486272877123164));
#6281=CARTESIAN_POINT('',(1.32100758306691,-0.0405395047098598,-0.048681929265848));
#6282=CARTESIAN_POINT('',(1.32100758572117,-0.0404738638810598,-0.0487365109717187));
#6283=CARTESIAN_POINT('',(1.3210075883551,-0.0404081129733142,-0.0487909602952181));
#6284=CARTESIAN_POINT('',(1.32100759096866,-0.0403422525223413,-0.048845276793809));
#6285=CARTESIAN_POINT('',(1.32100759358066,-0.0402764316632724,-0.0488995606401243));
#6286=CARTESIAN_POINT('',(1.32100759617231,-0.0402105013918918,-0.0489537118209176));
#6287=CARTESIAN_POINT('',(1.32100759874361,-0.0401444622447321,-0.0490077298966146));
#6288=CARTESIAN_POINT('',(1.3210076013115,-0.0400785104439894,-0.0490616765255173));
#6289=CARTESIAN_POINT('',(1.32100760385909,-0.0400124500545374,-0.0491154904009258));
#6290=CARTESIAN_POINT('',(1.32100760638635,-0.0399462816125449,-0.0491691710871702));
#6291=CARTESIAN_POINT('',(1.32100760891006,-0.0398802063186574,-0.0492227762048496));
#6292=CARTESIAN_POINT('',(1.3210076114135,-0.0398140232754887,-0.0492762485078204));
#6293=CARTESIAN_POINT('',(1.32100761389665,-0.0397477330186898,-0.0493295875644063));
#6294=CARTESIAN_POINT('',(1.321007616377,-0.0396815173519349,-0.0493828666036868));
#6295=CARTESIAN_POINT('',(1.32100761883711,-0.039615194711942,-0.0494360126959938));
#6296=CARTESIAN_POINT('',(1.32100762127697,-0.0395487656342828,-0.0494890254132605));
#6297=CARTESIAN_POINT('',(1.32100762371406,-0.0394824117953722,-0.0495419780873858));
#6298=CARTESIAN_POINT('',(1.32100762613092,-0.039415951759019,-0.0495947976881404));
#6299=CARTESIAN_POINT('',(1.32100762852756,-0.0393493860606879,-0.0496474837910621));
#6300=CARTESIAN_POINT('',(1.32100763092146,-0.039282896247586,-0.0497001098315628));
#6301=CARTESIAN_POINT('',(1.32100763329517,-0.0392163010125333,-0.0497526026781422));
#6302=CARTESIAN_POINT('',(1.32100763564868,-0.0391496008908595,-0.0498049619099357));
#6303=CARTESIAN_POINT('',(1.32100763800045,-0.0390829497536209,-0.0498572826892145));
#6304=CARTESIAN_POINT('',(1.32100764033204,-0.0390161938830155,-0.0499094700495907));
#6305=CARTESIAN_POINT('',(1.32100764264344,-0.0389493338148744,-0.0499615235732744));
#6306=CARTESIAN_POINT('',(1.32100764495209,-0.0388825532941107,-0.0500135151658023));
#6307=CARTESIAN_POINT('',(1.32100764724059,-0.0388156688228579,-0.0500653732396112));
#6308=CARTESIAN_POINT('',(1.32100764950892,-0.0387486809367008,-0.0501170973805459));
#6309=CARTESIAN_POINT('',(1.32100765177375,-0.0386817962570169,-0.050168741831458));
#6310=CARTESIAN_POINT('',(1.32100765401848,-0.0386148084800964,-0.0502202527615625));
#6311=CARTESIAN_POINT('',(1.32100765624308,-0.0385477181406975,-0.0502716297607542));
#6312=CARTESIAN_POINT('',(1.32100765846578,-0.0384806852892271,-0.0503229627363609));
#6313=CARTESIAN_POINT('',(1.32100766066839,-0.0384135500502254,-0.0503741620101646));
#6314=CARTESIAN_POINT('',(1.32100766285089,-0.0383463129587076,-0.0504252271752509));
#6315=CARTESIAN_POINT('',(1.32100766503119,-0.0382791438095619,-0.0504762407395263));
#6316=CARTESIAN_POINT('',(1.32100766719143,-0.0382118730128942,-0.0505271204656564));
#6317=CARTESIAN_POINT('',(1.32100766933156,-0.0381445011037155,-0.0505778659500942));
#6318=CARTESIAN_POINT('',(1.32100767146814,-0.0380772412339797,-0.0506285270448231));
#6319=CARTESIAN_POINT('',(1.32100767358472,-0.0380098805870116,-0.0506790543436492));
#6320=CARTESIAN_POINT('',(1.32100767568126,-0.0379424196967542,-0.050729447447164));
#6321=CARTESIAN_POINT('',(1.32100767777574,-0.0378750248573052,-0.0507797912109026));
#6322=CARTESIAN_POINT('',(1.32100767985023,-0.0378075299700254,-0.0508300010416486));
#6323=CARTESIAN_POINT('',(1.32100768190471,-0.0377399355688731,-0.0508800765432912));
#6324=CARTESIAN_POINT('',(1.32100768395748,-0.0376723973347939,-0.0509301104350621));
#6325=CARTESIAN_POINT('',(1.32100768599027,-0.0376047597514126,-0.0509800102205366));
#6326=CARTESIAN_POINT('',(1.32100768800307,-0.0375370233529252,-0.0510297755067149));
#6327=CARTESIAN_POINT('',(1.32100769001228,-0.0374694078677495,-0.0510794519590358));
#6328=CARTESIAN_POINT('',(1.32100769200157,-0.037401693919195,-0.0511289943914651));
#6329=CARTESIAN_POINT('',(1.32100769397091,-0.0373338820401511,-0.0511784024152206));
#6330=CARTESIAN_POINT('',(1.32100769593809,-0.03726614482665,-0.0512277560373437));
#6331=CARTESIAN_POINT('',(1.32100769788537,-0.0371983098974588,-0.0512769755462657));
#6332=CARTESIAN_POINT('',(1.32100769981276,-0.0371303777852422,-0.0513260605566001));
#6333=CARTESIAN_POINT('',(1.32100770173888,-0.0370624899047299,-0.0513751136068852));
#6334=CARTESIAN_POINT('',(1.32100770364511,-0.0369945049669675,-0.0514240323333169));
#6335=CARTESIAN_POINT('',(1.32100770553145,-0.0369264235051,-0.0514728163533732));
#6336=CARTESIAN_POINT('',(1.3210077074142,-0.0368584718639157,-0.051521507349945));
#6337=CARTESIAN_POINT('',(1.32100770927712,-0.0367904240656524,-0.051570064153018));
#6338=CARTESIAN_POINT('',(1.3210077111202,-0.0367222806419129,-0.0516184863843585));
#6339=CARTESIAN_POINT('',(1.32100771296103,-0.0366542205428768,-0.0516668494057586));
#6340=CARTESIAN_POINT('',(1.32100771478208,-0.0365860650525775,-0.05171507818571));
#6341=CARTESIAN_POINT('',(1.32100771658331,-0.0365178146984599,-0.0517631723442193));
#6342=CARTESIAN_POINT('',(1.3210077183837,-0.0364495964907948,-0.0518112438500022));
#6343=CARTESIAN_POINT('',(1.32100772016431,-0.0363812835128434,-0.051859180867743));
#6344=CARTESIAN_POINT('',(1.32100772192512,-0.0363128762927749,-0.0519069830200786));
#6345=CARTESIAN_POINT('',(1.32100772368236,-0.0362446078269848,-0.0519546882125736));
#6346=CARTESIAN_POINT('',(1.32100772541987,-0.0361762455014982,-0.0520022590875813));
#6347=CARTESIAN_POINT('',(1.32100772713767,-0.0361077898464041,-0.0520496952773321));
#6348=CARTESIAN_POINT('',(1.32100772885331,-0.036039420070842,-0.0520970719570574));
#6349=CARTESIAN_POINT('',(1.32100773054925,-0.0359709571989644,-0.0521443142888626));
#6350=CARTESIAN_POINT('',(1.32100773222551,-0.0359024017603063,-0.0521914219084453));
#6351=CARTESIAN_POINT('',(1.32100773390098,-0.0358338785593448,-0.0522385073760123));
#6352=CARTESIAN_POINT('',(1.32100773555677,-0.0357652628771146,-0.0522854582564642));
#6353=CARTESIAN_POINT('',(1.32100773719288,-0.035696555246217,-0.0523322741915995));
#6354=CARTESIAN_POINT('',(1.32100773882562,-0.0356279891475673,-0.0523789936896368));
#6355=CARTESIAN_POINT('',(1.32100774043875,-0.0355593314747747,-0.052425578792688));
#6356=CARTESIAN_POINT('',(1.32100774203225,-0.0354905827585753,-0.0524720291468519));
#6357=CARTESIAN_POINT('',(1.32100774362373,-0.0354219217113692,-0.0525184202670982));
#6358=CARTESIAN_POINT('',(1.32100774519563,-0.0353531698512891,-0.0525646769803412));
#6359=CARTESIAN_POINT('',(1.32100774674796,-0.0352843277060636,-0.0526107989326201));
#6360=CARTESIAN_POINT('',(1.32100774829941,-0.0352155243382706,-0.0526568949053063));
#6361=CARTESIAN_POINT('',(1.3210077498313,-0.0351466307862896,-0.0527028562683953));
#6362=CARTESIAN_POINT('',(1.32100775134361,-0.0350776475783382,-0.0527486826705932));
#6363=CARTESIAN_POINT('',(1.321007752853,-0.0350087978983626,-0.0527944203684976));
#6364=CARTESIAN_POINT('',(1.3210077543429,-0.0349398589084447,-0.0528400236270705));
#6365=CARTESIAN_POINT('',(1.32100775581328,-0.0348708311351042,-0.0528854920991154));
#6366=CARTESIAN_POINT('',(1.32100775728166,-0.0348018978013815,-0.0529308983639512));
#6367=CARTESIAN_POINT('',(1.32100775873058,-0.0347328759262854,-0.0529761702104039));
#6368=CARTESIAN_POINT('',(1.32100776016004,-0.0346637660355245,-0.0530213072947536));
#6369=CARTESIAN_POINT('',(1.32100776158851,-0.0345947034269125,-0.053066413498164));
#6370=CARTESIAN_POINT('',(1.32100776299756,-0.0345255529223079,-0.0531113851233834));
#6371=CARTESIAN_POINT('',(1.32100776438714,-0.0344563150476757,-0.0531562218294501));
#6372=CARTESIAN_POINT('',(1.32100776577437,-0.0343871947174629,-0.0532009824167075));
#6373=CARTESIAN_POINT('',(1.32100776714222,-0.0343179873129073,-0.0532456085420975));
#6374=CARTESIAN_POINT('',(1.32100776849068,-0.0342486933586191,-0.0532900998684382));
#6375=CARTESIAN_POINT('',(1.32100776983804,-0.0341794557108646,-0.0533345550422403));
#6376=CARTESIAN_POINT('',(1.32100777116604,-0.0341101316532596,-0.0533788756355394));
#6377=CARTESIAN_POINT('',(1.32100777247466,-0.034040721710442,-0.0534230613140168));
#6378=CARTESIAN_POINT('',(1.32100777378112,-0.0339714264163387,-0.0534671740082643));
#6379=CARTESIAN_POINT('',(1.32100777506828,-0.0339020455197981,-0.0535111522325789));
#6380=CARTESIAN_POINT('',(1.32100777633612,-0.0338325795441527,-0.0535549956563318));
#6381=CARTESIAN_POINT('',(1.32100777760224,-0.0337632072848758,-0.0535987799310347));
#6382=CARTESIAN_POINT('',(1.3210077788491,-0.0336937501751868,-0.0536424297682056));
#6383=CARTESIAN_POINT('',(1.32100778007669,-0.0336242087375777,-0.0536859448405805));
#6384=CARTESIAN_POINT('',(1.32100778130217,-0.0335547870447427,-0.0537293849834934));
#6385=CARTESIAN_POINT('',(1.32100778250843,-0.0334852813134401,-0.0537726908248722));
#6386=CARTESIAN_POINT('',(1.32100778369548,-0.0334156920647257,-0.0538158620411608));
#6387=CARTESIAN_POINT('',(1.32100778488129,-0.0333461750167331,-0.0538589884661485));
#6388=CARTESIAN_POINT('',(1.32100778604793,-0.0332765746238342,-0.0539019805448029));
#6389=CARTESIAN_POINT('',(1.32100778719538,-0.0332068914067099,-0.0539448379565904));
#6390=CARTESIAN_POINT('',(1.3210077883415,-0.0331372895623174,-0.0539876453215399));
#6391=CARTESIAN_POINT('',(1.32100778946847,-0.0330676050863167,-0.054030318333496));
#6392=CARTESIAN_POINT('',(1.32100779057628,-0.0329978384987979,-0.0540728566750579));
#6393=CARTESIAN_POINT('',(1.32100779168278,-0.0329281549112812,-0.0541153444095519));
#6394=CARTESIAN_POINT('',(1.32100779277018,-0.0328583894067994,-0.0541576977934285));
#6395=CARTESIAN_POINT('',(1.32100779383847,-0.0327885425048064,-0.054199916512425));
#6396=CARTESIAN_POINT('',(1.32100779490485,-0.0327188202824759,-0.0542420598692295));
#6397=CARTESIAN_POINT('',(1.32100779595217,-0.0326490169522695,-0.0542840690410225));
#6398=CARTESIAN_POINT('',(1.32100779698046,-0.032579133032067,-0.0543259437172201));
#6399=CARTESIAN_POINT('',(1.32100779800782,-0.0325093119883074,-0.0543677807176451));
#6400=CARTESIAN_POINT('',(1.32100779901616,-0.0324394104988045,-0.0544094834639116));
#6401=CARTESIAN_POINT('',(1.32100780000547,-0.0323694290812298,-0.0544510516482663));
#6402=CARTESIAN_POINT('',(1.32100780099316,-0.0322995620773931,-0.0544925518721321));
#6403=CARTESIAN_POINT('',(1.32100780196189,-0.0322296154059258,-0.0545339179732451));
#6404=CARTESIAN_POINT('',(1.32100780291165,-0.0321595895831392,-0.0545751496473458));
#6405=CARTESIAN_POINT('',(1.32100780386002,-0.032089666723499,-0.0546163206960555));
#6406=CARTESIAN_POINT('',(1.32100780478947,-0.0320196649444356,-0.0546573577122928));
#6407=CARTESIAN_POINT('',(1.3210078057,-0.031949584761146,-0.0546982603951179));
#6408=CARTESIAN_POINT('',(1.32100780660965,-0.0318795722502796,-0.0547391235805625));
#6409=CARTESIAN_POINT('',(1.32100780750042,-0.0318094814858424,-0.0547798526914199));
#6410=CARTESIAN_POINT('',(1.32100780837229,-0.0317393129826872,-0.0548204474295954));
#6411=CARTESIAN_POINT('',(1.32100780924249,-0.0316692794905248,-0.0548609640595649));
#6412=CARTESIAN_POINT('',(1.32100781009386,-0.0315991685578209,-0.0549013468329571));
#6413=CARTESIAN_POINT('',(1.32100781092642,-0.0315289806975947,-0.0549415954553618));
#6414=CARTESIAN_POINT('',(1.32100781175808,-0.0314588686939218,-0.054981800578481));
#6415=CARTESIAN_POINT('',(1.32100781257094,-0.0313886799282301,-0.0550218718399317));
#6416=CARTESIAN_POINT('',(1.32100781336502,-0.0313184149129955,-0.055061808948217));
#6417=CARTESIAN_POINT('',(1.32100781415799,-0.0312482480230288,-0.0551016902842317));
#6418=CARTESIAN_POINT('',(1.32100781493222,-0.0311780050956511,-0.0551414378410104));
#6419=CARTESIAN_POINT('',(1.32100781568771,-0.0311076866422992,-0.0551810513302302));
#6420=CARTESIAN_POINT('',(1.32100781644188,-0.0310374912087438,-0.0552205955169675));
#6421=CARTESIAN_POINT('',(1.32100781717737,-0.0309672205125614,-0.055260006104325));
#6422=CARTESIAN_POINT('',(1.32100781789417,-0.0308968750636003,-0.0552992828074361));
#6423=CARTESIAN_POINT('',(1.32100781861034,-0.0308265922191459,-0.0553385245559245));
#6424=CARTESIAN_POINT('',(1.32100781930786,-0.0307562347542271,-0.0553776326578542));
#6425=CARTESIAN_POINT('',(1.32100781998673,-0.0306858031784098,-0.0554166068310587));
#6426=CARTESIAN_POINT('',(1.32100782066435,-0.0306155006541813,-0.0554555095919895));
#6427=CARTESIAN_POINT('',(1.32100782132338,-0.0305451242897153,-0.0554942789140277));
#6428=CARTESIAN_POINT('',(1.32100782196382,-0.030474674592846,-0.0555329145184881));
#6429=CARTESIAN_POINT('',(1.32100782260339,-0.0304043210541194,-0.0555714973884708));
#6430=CARTESIAN_POINT('',(1.32100782322442,-0.0303338943823643,-0.0556099469051366));
#6431=CARTESIAN_POINT('',(1.3210078238269,-0.0302633950843884,-0.0556482627928647));
#6432=CARTESIAN_POINT('',(1.32100782442868,-0.0301929773752143,-0.0556865343376354));
#6433=CARTESIAN_POINT('',(1.32100782501197,-0.0301224872071512,-0.0557246725620658));
#6434=CARTESIAN_POINT('',(1.32100782557674,-0.0300519250862871,-0.0557626771934107));
#6435=CARTESIAN_POINT('',(1.32100782614043,-0.0299814987337081,-0.0558006087002014));
#6436=CARTESIAN_POINT('',(1.32100782668569,-0.0299110007042814,-0.0558384071269785));
#6437=CARTESIAN_POINT('',(1.3210078272125,-0.0298404315022037,-0.0558760722044793));
#6438=CARTESIAN_POINT('',(1.32100782773877,-0.029769935582194,-0.0559136981689578));
#6439=CARTESIAN_POINT('',(1.32100782824664,-0.0296993686366076,-0.0559511910604372));
#6440=CARTESIAN_POINT('',(1.3210078287361,-0.0296287311690824,-0.0559885506123966));
#6441=CARTESIAN_POINT('',(1.32100782922478,-0.0295582068208745,-0.0560258503365174));
#6442=CARTESIAN_POINT('',(1.32100782969512,-0.0294876121757528,-0.0560630171473048));
#6443=CARTESIAN_POINT('',(1.3210078301471,-0.0294169477359378,-0.0561000507814137));
#6444=CARTESIAN_POINT('',(1.32100783059834,-0.0293464009922882,-0.0561370227336252));
#6445=CARTESIAN_POINT('',(1.32100783103128,-0.0292757846855868,-0.05617386195188));
#6446=CARTESIAN_POINT('',(1.32100783144594,-0.0292050993165335,-0.0562105681760352));
#6447=CARTESIAN_POINT('',(1.32100783186019,-0.0291344826051937,-0.056247238746908));
#6448=CARTESIAN_POINT('',(1.32100783225618,-0.0290637969647939,-0.0562837765810848));
#6449=CARTESIAN_POINT('',(1.32100783263392,-0.0289930428959924,-0.0563201814219258));
#6450=CARTESIAN_POINT('',(1.32100783301092,-0.0289224290116921,-0.0563565141341312));
#6451=CARTESIAN_POINT('',(1.32100783336972,-0.028851746968631,-0.0563927143777844));
#6452=CARTESIAN_POINT('',(1.32100783371033,-0.0287809972654589,-0.0564287818996466));
#6453=CARTESIAN_POINT('',(1.32100783405052,-0.0287103365361024,-0.0564648040635088));
#6454=CARTESIAN_POINT('',(1.32100783437257,-0.028639608315906,-0.056500693838352));
#6455=CARTESIAN_POINT('',(1.32100783467647,-0.0285688131021454,-0.0565364509729006));
#6456=CARTESIAN_POINT('',(1.32100783497996,-0.0284981142459199,-0.0565721594393379));
#6457=CARTESIAN_POINT('',(1.32100783526535,-0.0284273485777243,-0.0566077356257483));
#6458=CARTESIAN_POINT('',(1.32100783553264,-0.0283565165937411,-0.0566431792837415));
#6459=CARTESIAN_POINT('',(1.32100783579943,-0.0282858187735421,-0.05667855580744));
#6460=CARTESIAN_POINT('',(1.32100783604819,-0.0282150548878917,-0.0567138003037362));
#6461=CARTESIAN_POINT('',(1.32100783627892,-0.02814422543108,-0.0567489125275003));
#6462=CARTESIAN_POINT('',(1.32100783650941,-0.0280734673924875,-0.056783989347174));
#6463=CARTESIAN_POINT('',(1.32100783672191,-0.0280026439142566,-0.0568189341603636));
#6464=CARTESIAN_POINT('',(1.32100783691642,-0.0279317554900925,-0.0568537467245241));
#6465=CARTESIAN_POINT('',(1.32100783711058,-0.0278609949757323,-0.056888496473517));
#6466=CARTESIAN_POINT('',(1.3210078372868,-0.0277901697489634,-0.0569231144497421));
#6467=CARTESIAN_POINT('',(1.32100783744509,-0.0277192803017201,-0.056957600413802));
#6468=CARTESIAN_POINT('',(1.32100783760322,-0.0276484631836276,-0.0569920511915178));
#6469=CARTESIAN_POINT('',(1.32100783774345,-0.0275775819754067,-0.0570263702257486));
#6470=CARTESIAN_POINT('',(1.32100783786579,-0.0275066371683736,-0.0570605572796607));
#6471=CARTESIAN_POINT('',(1.32100783798795,-0.0274357999183925,-0.0570946925037224));
#6472=CARTESIAN_POINT('',(1.32100783809226,-0.0273648992616596,-0.0571286961467717));
#6473=CARTESIAN_POINT('',(1.32100783817873,-0.0272939356881336,-0.0571625679748748));
#6474=CARTESIAN_POINT('',(1.32100783826507,-0.0272230807336966,-0.057196387957687));
#6475=CARTESIAN_POINT('',(1.32100783833361,-0.0271521630542937,-0.0572300765281887));
#6476=CARTESIAN_POINT('',(1.32100783838437,-0.0270811831384991,-0.0572636334553346));
#6477=CARTESIAN_POINT('',(1.32100783843531,-0.0270099421658699,-0.0572973138014095));
#6478=CARTESIAN_POINT('',(1.32100783846752,-0.0269386356415691,-0.0573308554254843));
#6479=CARTESIAN_POINT('',(1.3210078384848,-0.0268672773317682,-0.0573642864517208));
#6480=CARTESIAN_POINT('',(1.321007838502,-0.0267962484786578,-0.0573975631290764));
#6481=CARTESIAN_POINT('',(1.32100783850145,-0.0267251579578116,-0.0574307081774266));
#6482=CARTESIAN_POINT('',(1.32100783848313,-0.0266540062574416,-0.0574637213681913));
#6483=CARTESIAN_POINT('',(1.32100783846479,-0.0265827411305349,-0.0574967871869589));
#6484=CARTESIAN_POINT('',(1.32100783842864,-0.0265114146289329,-0.0575297207282592));
#6485=CARTESIAN_POINT('',(1.32100783837467,-0.0264400272440377,-0.0575625217642432));
#6486=CARTESIAN_POINT('',(1.32100783832064,-0.0263685761892434,-0.0575953520552369));
#6487=CARTESIAN_POINT('',(1.32100783824878,-0.0262970641425429,-0.0576280496053022));
#6488=CARTESIAN_POINT('',(1.32100783815907,-0.0262254915975018,-0.0576606141878157));
#6489=CARTESIAN_POINT('',(1.32100783806917,-0.0261537691321656,-0.057693246982125));
#6490=CARTESIAN_POINT('',(1.32100783796135,-0.0260819859148093,-0.0577257462521096));
#6491=CARTESIAN_POINT('',(1.32100783783562,-0.0260101424429545,-0.0577581117715737));
#6492=CARTESIAN_POINT('',(1.32100783770968,-0.0259381868034458,-0.0577905278226212));
#6493=CARTESIAN_POINT('',(1.32100783756577,-0.0258661707211721,-0.0578228097060343));
#6494=CARTESIAN_POINT('',(1.32100783740389,-0.0257940946968351,-0.0578549571964246));
#6495=CARTESIAN_POINT('',(1.32100783724181,-0.0257219321139225,-0.0578871432938413));
#6496=CARTESIAN_POINT('',(1.32100783706171,-0.0256497094449107,-0.0579191946761022));
#6497=CARTESIAN_POINT('',(1.3210078368636,-0.0255774271931511,-0.057951111118888));
#6498=CARTESIAN_POINT('',(1.32100783666521,-0.0255050419754781,-0.0579830730265784));
#6499=CARTESIAN_POINT('',(1.32100783644874,-0.0254325970052039,-0.0580148996109322));
#6500=CARTESIAN_POINT('',(1.32100783621421,-0.0253600927886748,-0.0580465906485652));
#6501=CARTESIAN_POINT('',(1.32100783597939,-0.025287500353617,-0.0580783202458414));
#6502=CARTESIAN_POINT('',(1.32100783572647,-0.0252148485285669,-0.0581099139683812));
#6503=CARTESIAN_POINT('',(1.32100783545543,-0.0251421378210278,-0.0581413715903523));
#6504=CARTESIAN_POINT('',(1.32100783518385,-0.0250692801729851,-0.0581728927847871));
#6505=CARTESIAN_POINT('',(1.32100783489408,-0.0249963634062792,-0.0582042773335959));
#6506=CARTESIAN_POINT('',(1.32100783458614,-0.0249233880323405,-0.058235525011516));
#6507=CARTESIAN_POINT('',(1.32100783427788,-0.0248503391009336,-0.0582668041863637));
#6508=CARTESIAN_POINT('',(1.32100783395141,-0.0247772314446015,-0.0582979462162968));
#6509=CARTESIAN_POINT('',(1.32100783360673,-0.0247040655786947,-0.058328950880864));
#6510=CARTESIAN_POINT('',(1.32100783326148,-0.0246307807419865,-0.0583600059603309));
#6511=CARTESIAN_POINT('',(1.32100783289796,-0.0245574375062466,-0.0583909232281993));
#6512=CARTESIAN_POINT('',(1.32100783251617,-0.0244840363901753,-0.058421702464894));
#6513=CARTESIAN_POINT('',(1.32100783213374,-0.0244105130019386,-0.0584525329738871));
#6514=CARTESIAN_POINT('',(1.32100783173299,-0.024336931540369,-0.0584832249923105));
#6515=CARTESIAN_POINT('',(1.3210078313139,-0.0242632925275931,-0.0585137783014593));
#6516=CARTESIAN_POINT('',(1.32100783089438,-0.0241895781541259,-0.058544362878253));
#6517=CARTESIAN_POINT('',(1.3210078304565,-0.0241158061115883,-0.0585748084625759));
#6518=CARTESIAN_POINT('',(1.32100783000025,-0.0240419769245368,-0.0586051148370305));
#6519=CARTESIAN_POINT('',(1.32100782954313,-0.0239680066010412,-0.0586354791470266));
#6520=CARTESIAN_POINT('',(1.32100782906758,-0.0238939789143254,-0.058665703715255));
#6521=CARTESIAN_POINT('',(1.32100782857359,-0.0238198943927848,-0.0586957883250687));
#6522=CARTESIAN_POINT('',(1.321007828079,-0.0237457194440796,-0.0587259096559937));
#6523=CARTESIAN_POINT('',(1.32100782756595,-0.0236714875216997,-0.0587558906874831));
#6524=CARTESIAN_POINT('',(1.32100782703441,-0.0235971991567985,-0.058785731204107));
#6525=CARTESIAN_POINT('',(1.32100782650218,-0.0235228123787352,-0.058815611251815));
#6526=CARTESIAN_POINT('',(1.32100782595142,-0.0234483690084823,-0.0588453504129703));
#6527=CARTESIAN_POINT('',(1.32100782538214,-0.0233738695801243,-0.0588749484733115));
#6528=CARTESIAN_POINT('',(1.32100782481179,-0.0232992297398998,-0.058904602318227));
#6529=CARTESIAN_POINT('',(1.32100782422286,-0.0232245336300306,-0.0589341145308025));
#6530=CARTESIAN_POINT('',(1.32100782361534,-0.023149781788443,-0.0589634848976072));
#6531=CARTESIAN_POINT('',(1.32100782300728,-0.0230749626057089,-0.0589928817230802));
#6532=CARTESIAN_POINT('',(1.3210078223806,-0.0230000875907624,-0.0590221364479508));
#6533=CARTESIAN_POINT('',(1.32100782173531,-0.0229251572837956,-0.0590512488602642));
#6534=CARTESIAN_POINT('',(1.3210078210889,-0.0228500978246057,-0.0590804114516431));
#6535=CARTESIAN_POINT('',(1.32100782042382,-0.0227749828825846,-0.059109431240304));
#6536=CARTESIAN_POINT('',(1.32100781974007,-0.0226998130015314,-0.0591383080152663));
#6537=CARTESIAN_POINT('',(1.32100781905532,-0.0226245333219284,-0.0591672269697287));
#6538=CARTESIAN_POINT('',(1.32100781835185,-0.0225491985426346,-0.0591960024932449));
#6539=CARTESIAN_POINT('',(1.32100781762965,-0.0224738092106408,-0.0592246343759949));
#6540=CARTESIAN_POINT('',(1.3210078169067,-0.0223983404809197,-0.0592532964129639));
#6541=CARTESIAN_POINT('',(1.32100781616498,-0.0223228170834814,-0.0592818145073006));
#6542=CARTESIAN_POINT('',(1.32100781540451,-0.0222472395678475,-0.0593101884506197));
#6543=CARTESIAN_POINT('',(1.32100781464257,-0.0221715155762419,-0.0593386173851737));
#6544=CARTESIAN_POINT('',(1.32100781386179,-0.02209573725641,-0.0593669016102623));
#6545=CARTESIAN_POINT('',(1.3210078130622,-0.0220199051618739,-0.0593950409184056));
#6546=CARTESIAN_POINT('',(1.32100781226181,-0.0219439960276411,-0.0594232088139666));
#6547=CARTESIAN_POINT('',(1.32100781144254,-0.0218680330093257,-0.0594512314988298));
#6548=CARTESIAN_POINT('',(1.32100781060442,-0.0217920166629327,-0.0594791087670122));
#6549=CARTESIAN_POINT('',(1.3210078097651,-0.0217158915465657,-0.0595070259241116));
#6550=CARTESIAN_POINT('',(1.32100780890688,-0.0216397129493345,-0.0595347972489319));
#6551=CARTESIAN_POINT('',(1.32100780802975,-0.0215634814304245,-0.0595624225367496));
#6552=CARTESIAN_POINT('',(1.32100780715113,-0.0214871203124999,-0.0595900947895254));
#6553=CARTESIAN_POINT('',(1.32100780625355,-0.0214107060927312,-0.0596176205091748));
#6554=CARTESIAN_POINT('',(1.32100780533701,-0.0213342393339483,-0.0596449994920914));
#6555=CARTESIAN_POINT('',(1.32100780441965,-0.0212577048990278,-0.059672402706502));
#6556=CARTESIAN_POINT('',(1.32100780348331,-0.0211811178319779,-0.0596996589251733));
#6557=CARTESIAN_POINT('',(1.32100780252798,-0.0211044786979058,-0.0597267679461302));
#6558=CARTESIAN_POINT('',(1.32100780157095,-0.0210277037030085,-0.0597539250241796));
#6559=CARTESIAN_POINT('',(1.32100780059487,-0.0209508764562424,-0.0597809343830105));
#6560=CARTESIAN_POINT('',(1.32100779959975,-0.0208739975265045,-0.0598077958217647));
#6561=CARTESIAN_POINT('',(1.32100779860337,-0.0207970222140092,-0.05983469093658));
#6562=CARTESIAN_POINT('',(1.32100779758791,-0.0207199950887852,-0.0598614377610339));
#6563=CARTESIAN_POINT('',(1.32100779655336,-0.0206429167226464,-0.0598880360957181));
#6564=CARTESIAN_POINT('',(1.32100779551763,-0.0205657514332116,-0.0599146644260422));
#6565=CARTESIAN_POINT('',(1.32100779446279,-0.0204885347871342,-0.0599411439323361));
#6566=CARTESIAN_POINT('',(1.32100779338882,-0.0204112673589342,-0.059967474416735));
#6567=CARTESIAN_POINT('',(1.32100779231284,-0.0203338554895924,-0.0599938541224593));
#6568=CARTESIAN_POINT('',(1.32100779121767,-0.0202563926479929,-0.0600200842494531));
#6569=CARTESIAN_POINT('',(1.32100779010332,-0.0201788794126504,-0.0600461646009796));
#6570=CARTESIAN_POINT('',(1.32100778898834,-0.0201013231097808,-0.0600722594431444));
#6571=CARTESIAN_POINT('',(1.32100778785416,-0.0200237163570518,-0.0600982043441962));
#6572=CARTESIAN_POINT('',(1.32100778670078,-0.0199460597347024,-0.0601239991093166));
#6573=CARTESIAN_POINT('',(1.32100778554586,-0.0198682989242927,-0.0601498284820013));
#6574=CARTESIAN_POINT('',(1.32100778437169,-0.0197904881102509,-0.0601755073164587));
#6575=CARTESIAN_POINT('',(1.32100778317827,-0.0197126278759094,-0.0602010354193465));
#6576=CARTESIAN_POINT('',(1.32100778198235,-0.0196346043007696,-0.0602266170769241));
#6577=CARTESIAN_POINT('',(1.32100778076711,-0.0195565310976452,-0.0602520473706716));
#6578=CARTESIAN_POINT('',(1.32100777953256,-0.0194784088542998,-0.0602773261083103));
#6579=CARTESIAN_POINT('',(1.32100777829703,-0.0194002242592622,-0.0603026250216634));
#6580=CARTESIAN_POINT('',(1.32100777704214,-0.0193219905455743,-0.0603277721377209));
#6581=CARTESIAN_POINT('',(1.32100777576793,-0.0192437083031535,-0.0603527672660366));
#6582=CARTESIAN_POINT('',(1.32100777449157,-0.0191652941186095,-0.060377804522812));
#6583=CARTESIAN_POINT('',(1.32100777319581,-0.0190868312414852,-0.0604026892799043));
#6584=CARTESIAN_POINT('',(1.32100777188066,-0.0190083202654279,-0.0604274213482158));
#6585=CARTESIAN_POINT('',(1.32100777056384,-0.0189297095581122,-0.0604521848332848));
#6586=CARTESIAN_POINT('',(1.32100776922758,-0.0188510506294595,-0.060476795242239));
#6587=CARTESIAN_POINT('',(1.3210077678719,-0.0187723440761185,-0.0605012523875859));
#6588=CARTESIAN_POINT('',(1.32100776651485,-0.0186935583917115,-0.0605257341219905));
#6589=CARTESIAN_POINT('',(1.32100776513833,-0.0186147249866724,-0.0605500622852794));
#6590=CARTESIAN_POINT('',(1.32100776374236,-0.0185358444601818,-0.0605742366917332));
#6591=CARTESIAN_POINT('',(1.32100776234491,-0.0184568805779157,-0.060598436644117));
#6592=CARTESIAN_POINT('',(1.32100776092796,-0.0183778694744179,-0.0606224825153577));
#6593=CARTESIAN_POINT('',(1.32100775949153,-0.0182988117514949,-0.0606463741214992));
#6594=CARTESIAN_POINT('',(1.3210077580526,-0.0182196162373755,-0.0606703073687718));
#6595=CARTESIAN_POINT('',(1.3210077565941,-0.0181403739410383,-0.0606940858135558));
#6596=CARTESIAN_POINT('',(1.32100775511607,-0.0180610854681616,-0.0607177092733026));
#6597=CARTESIAN_POINT('',(1.32100775363628,-0.0179817029099256,-0.0607413607651404));
#6598=CARTESIAN_POINT('',(1.3210077521369,-0.0179022740653489,-0.0607648569047267));
#6599=CARTESIAN_POINT('',(1.32100775061794,-0.0178227995429823,-0.060788197511247));
#6600=CARTESIAN_POINT('',(1.32100774909756,-0.0177432506643732,-0.0608115599552033));
#6601=CARTESIAN_POINT('',(1.32100774755757,-0.0176636560223089,-0.0608347665757425));
#6602=CARTESIAN_POINT('',(1.32100774599797,-0.0175840162277576,-0.0608578171939399));
#6603=CARTESIAN_POINT('',(1.32100774443585,-0.0175042472977836,-0.0608809051885688));
#6604=CARTESIAN_POINT('',(1.32100774285405,-0.0174244330686162,-0.060903836675348));
#6605=CARTESIAN_POINT('',(1.3210077412526,-0.0173445741549027,-0.060926611476896));
#6606=CARTESIAN_POINT('',(1.32100773964896,-0.0172646060241768,-0.0609494174258221));
#6607=CARTESIAN_POINT('',(1.32100773802561,-0.0171845930864341,-0.0609720662614653));
#6608=CARTESIAN_POINT('',(1.32100773638257,-0.0171045359595435,-0.0609945578081467));
#6609=CARTESIAN_POINT('',(1.32100773473819,-0.0170244136477779,-0.0610170676681092));
#6610=CARTESIAN_POINT('',(1.32100773307408,-0.0169442470747062,-0.0610394199836779));
#6611=CARTESIAN_POINT('',(1.32100773139025,-0.0168640368603974,-0.0610616145811876));
#6612=CARTESIAN_POINT('',(1.32100772970389,-0.0167837063452142,-0.0610838424665959));
#6613=CARTESIAN_POINT('',(1.32100772799777,-0.0167033320576137,-0.0611059121613015));
#6614=CARTESIAN_POINT('',(1.32100772627188,-0.0166229146211427,-0.0611278234933154));
#6615=CARTESIAN_POINT('',(1.32100772454332,-0.0165423726658101,-0.0611497687529728));
#6616=CARTESIAN_POINT('',(1.32100772279493,-0.0164617874277004,-0.0611715551599465));
#6617=CARTESIAN_POINT('',(1.32100772102674,-0.0163811595339392,-0.0611931825439244));
#6618=CARTESIAN_POINT('',(1.32100771925733,-0.0163004757949224,-0.0612148249076659));
#6619=CARTESIAN_POINT('',(1.32100771746807,-0.0162197493409604,-0.0612363080288511));
#6620=CARTESIAN_POINT('',(1.32100771565899,-0.0161389808011536,-0.0612576317393016));
#6621=CARTESIAN_POINT('',(1.32100771384742,-0.0160581009704137,-0.0612789848316827));
#6622=CARTESIAN_POINT('',(1.32100771201598,-0.0159771789375795,-0.0613001780745235));
#6623=CARTESIAN_POINT('',(1.32100771016466,-0.0158962153350191,-0.0613212113014523));
#6624=CARTESIAN_POINT('',(1.32100770831015,-0.0158151117490011,-0.0613422808941521));
#6625=CARTESIAN_POINT('',(1.32100770643571,-0.0157339664491924,-0.0613631899179362));
#6626=CARTESIAN_POINT('',(1.32100770454135,-0.0156527800719055,-0.0613839382080924));
#6627=CARTESIAN_POINT('',(1.32100770264591,-0.0155715473534009,-0.0614046983413812));
#6628=CARTESIAN_POINT('',(1.32100770073053,-0.0154902735103108,-0.0614252975582911));
#6629=CARTESIAN_POINT('',(1.32100769879522,-0.0154089591806883,-0.06144573569636));
#6630=CARTESIAN_POINT('',(1.32100769685749,-0.0153275427418392,-0.0614661994993084));
#6631=CARTESIAN_POINT('',(1.32100769489977,-0.0152460857145085,-0.0614865018194097));
#6632=CARTESIAN_POINT('',(1.3210076929221,-0.0151645887397987,-0.0615066424961353));
#6633=CARTESIAN_POINT('',(1.32100769094066,-0.0150829361620175,-0.0615268216276768));
#6634=CARTESIAN_POINT('',(1.32100768893917,-0.0150012434839574,-0.0615468384987891));
#6635=CARTESIAN_POINT('',(1.32100768691767,-0.0149195113510382,-0.0615666929505918));
#6636=CARTESIAN_POINT('',(1.32100768489527,-0.0148377425412749,-0.0615865563119702));
#6637=CARTESIAN_POINT('',(1.32100768285282,-0.0147559342410191,-0.0616062571090234));
#6638=CARTESIAN_POINT('',(1.32100768079035,-0.0146740870971888,-0.0616257951852338));
#6639=CARTESIAN_POINT('',(1.32100767872542,-0.0145921425764835,-0.061645356506688));
#6640=CARTESIAN_POINT('',(1.32100767664043,-0.0145101591195631,-0.0616647547209261));
#6641=CARTESIAN_POINT('',(1.32100767453539,-0.0144281373760922,-0.061683989672667));
#6642=CARTESIAN_POINT('',(1.32100767242618,-0.0143459535060915,-0.0617032626447649));
#6643=CARTESIAN_POINT('',(1.32100767029684,-0.0142637311980578,-0.061722371710154));
#6644=CARTESIAN_POINT('',(1.32100766814739,-0.0141814711061322,-0.0617413167152474));
#6645=CARTESIAN_POINT('',(1.32100766599711,-0.0140991795318652,-0.0617602689709176));
#6646=CARTESIAN_POINT('',(1.3210076638267,-0.0140168501446116,-0.0617790570417338));
#6647=CARTESIAN_POINT('',(1.32100766163618,-0.0139344836000575,-0.0617976807773519));
#6648=CARTESIAN_POINT('',(1.3210076594431,-0.0138520208529292,-0.0618163262651427));
#6649=CARTESIAN_POINT('',(1.32100765722986,-0.0137695208614163,-0.0618348070344037));
#6650=CARTESIAN_POINT('',(1.32100765499648,-0.0136869842841036,-0.0618531229368988));
#6651=CARTESIAN_POINT('',(1.32100765275882,-0.0136042895907908,-0.061871473927319));
#6652=CARTESIAN_POINT('',(1.32100765050094,-0.0135215581709128,-0.0618896594184796));
#6653=CARTESIAN_POINT('',(1.32100764822285,-0.0134387906880831,-0.0619076792669074));
#6654=CARTESIAN_POINT('',(1.32100764594377,-0.0133559868889496,-0.0619257070219947));
#6655=CARTESIAN_POINT('',(1.32100764364447,-0.0132731469941054,-0.0619435689857767));
#6656=CARTESIAN_POINT('',(1.32100764132497,-0.0131902716686206,-0.0619612650172543));
#6657=CARTESIAN_POINT('',(1.32100763900289,-0.0131073046025046,-0.061978980637736));
#6658=CARTESIAN_POINT('',(1.32100763666057,-0.0130243020267974,-0.0619965299581194));
#6659=CARTESIAN_POINT('',(1.32100763429803,-0.0129412646087082,-0.0620139128366456));
#6660=CARTESIAN_POINT('',(1.3210076319328,-0.0128581326449033,-0.0620313155071731));
#6661=CARTESIAN_POINT('',(1.32100762954729,-0.0127749657590734,-0.0620485513573687));
#6662=CARTESIAN_POINT('',(1.32100762714153,-0.0126917646212757,-0.0620656202476821));
#6663=CARTESIAN_POINT('',(1.32100762473304,-0.012608469368113,-0.0620827084459627));
#6664=CARTESIAN_POINT('',(1.32100762230425,-0.012525139785188,-0.0620996293071808));
#6665=CARTESIAN_POINT('',(1.3210076198552,-0.0124417765453929,-0.0621163826940202));
#6666=CARTESIAN_POINT('',(1.32100761740339,-0.0123583196270441,-0.0621331549072997));
#6667=CARTESIAN_POINT('',(1.32100761493124,-0.0122748289758742,-0.0621497592703464));
#6668=CARTESIAN_POINT('',(1.32100761243879,-0.0121913052675957,-0.0621661956481034));
#6669=CARTESIAN_POINT('',(1.3210076099419,-0.0121076326944588,-0.0621826613205253));
#6670=CARTESIAN_POINT('',(1.32100760742463,-0.0120239269460016,-0.0621989584090706));
#6671=CARTESIAN_POINT('',(1.32100760488701,-0.0119401887020986,-0.0622150867807026));
#6672=CARTESIAN_POINT('',(1.32100760234793,-0.0118564025730026,-0.0622312243752434));
#6673=CARTESIAN_POINT('',(1.32100759978848,-0.0117725839110101,-0.0622471930606022));
#6674=CARTESIAN_POINT('',(1.32100759720865,-0.0116887333976954,-0.0622629927062666));
#6675=CARTESIAN_POINT('',(1.32100759462632,-0.0116048012628836,-0.0622788077315714));
#6676=CARTESIAN_POINT('',(1.32100759202359,-0.0115208372144299,-0.0622944533886706));
#6677=CARTESIAN_POINT('',(1.32100758940048,-0.0114368419364246,-0.0623099295494367));
#6678=CARTESIAN_POINT('',(1.32100758677451,-0.0113527547917886,-0.0623254226366633));
#6679=CARTESIAN_POINT('',(1.32100758412811,-0.0112686363489663,-0.0623407458573306));
#6680=CARTESIAN_POINT('',(1.3210075814613,-0.0111844872948093,-0.0623558990856703));
#6681=CARTESIAN_POINT('',(1.3210075787916,-0.0111002468429077,-0.0623710687725537));
#6682=CARTESIAN_POINT('',(1.32100757610145,-0.0110159757128489,-0.0623860680983704));
#6683=CARTESIAN_POINT('',(1.32100757339088,-0.0109316745942308,-0.0624008969397358));
#6684=CARTESIAN_POINT('',(1.32100757067739,-0.010847282553116,-0.0624157417746645));
#6685=CARTESIAN_POINT('',(1.32100756794343,-0.0107628604584241,-0.0624304157579219));
#6686=CARTESIAN_POINT('',(1.32100756518902,-0.0106784090024829,-0.0624449187685321));
#6687=CARTESIAN_POINT('',(1.32100756243166,-0.0105938671056306,-0.0624594373107336));
#6688=CARTESIAN_POINT('',(1.32100755965381,-0.0105092957843084,-0.0624737845146192));
#6689=CARTESIAN_POINT('',(1.3210075568555,-0.0104246957335575,-0.0624879602616462));
#6690=CARTESIAN_POINT('',(1.32100755405422,-0.0103400057297992,-0.0625021510813719));
#6691=CARTESIAN_POINT('',(1.32100755123241,-0.0102552869351809,-0.062516170080154));
#6692=CARTESIAN_POINT('',(1.32100754839012,-0.0101705400474408,-0.0625300171419071));
#6693=CARTESIAN_POINT('',(1.32100754554484,-0.0100857037008945,-0.0625438788206173));
#6694=CARTESIAN_POINT('',(1.32100754267902,-0.0100008392015756,-0.0625575681998293));
#6695=CARTESIAN_POINT('',(1.32100753979269,-0.00991594724990222,-0.0625710851659398));
#6696=CARTESIAN_POINT('',(1.32100753690335,-0.00983096633989386,-0.0625846162964884));
#6697=CARTESIAN_POINT('',(1.32100753399344,-0.00974595791965212,-0.0625979746531139));
#6698=CARTESIAN_POINT('',(1.32100753106302,-0.00966092269225744,-0.0626111601247198));
#6699=CARTESIAN_POINT('',(1.32100752812955,-0.00957579901324658,-0.0626243593115388));
#6700=CARTESIAN_POINT('',(1.3210075251755,-0.00949064847096667,-0.0626373852541958));
#6701=CARTESIAN_POINT('',(1.32100752220092,-0.00940547177114275,-0.0626502378441251));
#6702=CARTESIAN_POINT('',(1.32100751922327,-0.00932020713264515,-0.0626631037034077));
#6703=CARTESIAN_POINT('',(1.32100751622502,-0.00923491628224072,-0.0626757958525317));
#6704=CARTESIAN_POINT('',(1.32100751320622,-0.00914959992828095,-0.0626883141854865));
#6705=CARTESIAN_POINT('',(1.32100751018432,-0.00906419615478312,-0.0627008453453712));
#6706=CARTESIAN_POINT('',(1.32100750714182,-0.00897876682511053,-0.0627132023333993));
#6707=CARTESIAN_POINT('',(1.32100750407874,-0.00889331265022262,-0.062725385046139));
#6708=CARTESIAN_POINT('',(1.32100750101254,-0.00880777158109959,-0.0627375801468927));
#6709=CARTESIAN_POINT('',(1.32100749792573,-0.008722205615875,-0.062749600618446));
#6710=CARTESIAN_POINT('',(1.32100749481832,-0.00863661546809736,-0.0627614463599698));
#6711=CARTESIAN_POINT('',(1.32100749170777,-0.0085509389575282,-0.0627733040541696));
#6712=CARTESIAN_POINT('',(1.32100748857658,-0.00846523821524234,-0.0627849866662354));
#6713=CARTESIAN_POINT('',(1.3210074854248,-0.00837951395735819,-0.0627964940979644));
#6714=CARTESIAN_POINT('',(1.32100748226986,-0.00829370387423268,-0.0628080130506809));
#6715=CARTESIAN_POINT('',(1.32100747909426,-0.00820787022805681,-0.0628193564727949));
#6716=CARTESIAN_POINT('',(1.32100747589804,-0.00812201373749933,-0.0628305242687539));
#6717=CARTESIAN_POINT('',(1.32100747269864,-0.0080360719653285,-0.0628417031577318));
#6718=CARTESIAN_POINT('',(1.32100746947857,-0.00795010730302425,-0.0628527060721594));
#6719=CARTESIAN_POINT('',(1.32100746623788,-0.00786412047178576,-0.0628635329191583));
#6720=CARTESIAN_POINT('',(1.32100746299398,-0.00777804890860967,-0.0628743704349971));
#6721=CARTESIAN_POINT('',(1.32100745972941,-0.00769195513243607,-0.0628850315369137));
#6722=CARTESIAN_POINT('',(1.32100745644418,-0.00760583986697431,-0.0628955161347272));
#6723=CARTESIAN_POINT('',(1.32100745315574,-0.00751964042526146,-0.0629060109810621));
#6724=CARTESIAN_POINT('',(1.32100744984662,-0.00743341945187364,-0.0629163289787336));
#6725=CARTESIAN_POINT('',(1.32100744651682,-0.00734717767300978,-0.0629264700402817));
#6726=CARTESIAN_POINT('',(1.32100744318379,-0.00726085227955997,-0.0629366209339631));
#6727=CARTESIAN_POINT('',(1.32100743983007,-0.0071745060399113,-0.0629465945489252));
#6728=CARTESIAN_POINT('',(1.32100743645567,-0.0070881396827313,-0.0629563908004518));
#6729=CARTESIAN_POINT('',(1.32100743307802,-0.00700169027857604,-0.0629661964717235));
#6730=CARTESIAN_POINT('',(1.32100742967966,-0.00691522071781787,-0.0629758244389599));
#6731=CARTESIAN_POINT('',(1.3210074262606,-0.00682873173157153,-0.0629852746202115));
#6732=CARTESIAN_POINT('',(1.32100742283829,-0.00674216027186587,-0.0629947338128895));
#6733=CARTESIAN_POINT('',(1.32100741939526,-0.00665556934923857,-0.0630040148810102));
#6734=CARTESIAN_POINT('',(1.32100741593152,-0.00656895969722992,-0.0630131177454136));
#6735=CARTESIAN_POINT('',(1.32100741246451,-0.00648226815114785,-0.0630222292170636));
#6736=CARTESIAN_POINT('',(1.32100740897677,-0.00639555783987545,-0.0630311621484818));
#6737=CARTESIAN_POINT('',(1.32100740546831,-0.00630882949935663,-0.0630399164633205));
#6738=CARTESIAN_POINT('',(1.32100740195656,-0.00622201984998395,-0.0630486789854337));
#6739=CARTESIAN_POINT('',(1.32100739842407,-0.00613519213716646,-0.0630572625565419));
#6740=CARTESIAN_POINT('',(1.32100739487087,-0.00604834709922927,-0.0630656671031323));
#6741=CARTESIAN_POINT('',(1.32100739131436,-0.00596142134344806,-0.0630740794613017));
#6742=CARTESIAN_POINT('',(1.3210073877371,-0.00587447822994509,-0.0630823124626474));
#6743=CARTESIAN_POINT('',(1.32100738413911,-0.00578751849940398,-0.063090366036514));
#6744=CARTESIAN_POINT('',(1.32100738053781,-0.00570047864778042,-0.063098427030609));
#6745=CARTESIAN_POINT('',(1.32100737691574,-0.00561342214809834,-0.063106308267069));
#6746=CARTESIAN_POINT('',(1.32100737327295,-0.00552634974337676,-0.0631140096781184));
#6747=CARTESIAN_POINT('',(1.32100736962683,-0.00543919782004664,-0.0631217181224579));
#6748=CARTESIAN_POINT('',(1.32100736595993,-0.00535202996222339,-0.063129246413412));
#6749=CARTESIAN_POINT('',(1.32100736227231,-0.005264846915238,-0.0631365944861058));
#6750=CARTESIAN_POINT('',(1.32100735858134,-0.00517758495778339,-0.0631439492096325));
#6751=CARTESIAN_POINT('',(1.3210073548696,-0.00509030778326437,-0.0631511233891353));
#6752=CARTESIAN_POINT('',(1.32100735113711,-0.00500301613930021,-0.0631581169626632));
#6753=CARTESIAN_POINT('',(1.32100734740128,-0.0049156461986315,-0.063165116809114));
#6754=CARTESIAN_POINT('',(1.32100734364466,-0.004828261762151,-0.0631719357260674));
#6755=CARTESIAN_POINT('',(1.3210073398673,-0.00474086357974214,-0.0631785736545171));
#6756=CARTESIAN_POINT('',(1.32100733608658,-0.00465338771997294,-0.0631852174825948));
#6757=CARTESIAN_POINT('',(1.32100733228507,-0.00456589808942827,-0.0631916800009176));
#6758=CARTESIAN_POINT('',(1.32100732846281,-0.00447839544023131,-0.0631979611534459));
#6759=CARTESIAN_POINT('',(1.32100732463719,-0.00439081573855117,-0.0632042478369884));
#6760=CARTESIAN_POINT('',(1.32100732079077,-0.00430322299487471,-0.0632103528357861));
#6761=CARTESIAN_POINT('',(1.3210073169236,-0.00421561796354011,-0.0632162760967873));
#6762=CARTESIAN_POINT('',(1.32100731305306,-0.0041279365100862,-0.0632222045249365));
#6763=CARTESIAN_POINT('',(1.32100730916172,-0.00404024274711638,-0.0632279508986693));
#6764=CARTESIAN_POINT('',(1.32100730524963,-0.0039525374311587,-0.0632335151679431));
#6765=CARTESIAN_POINT('',(1.32100730133415,-0.00386475632888674,-0.0632390842453115));
#6766=CARTESIAN_POINT('',(1.32100729739788,-0.0037769636532383,-0.0632444709039613));
#6767=CARTESIAN_POINT('',(1.32100729344085,-0.00368916016290585,-0.0632496750968796));
#6768=CARTESIAN_POINT('',(1.32100728948043,-0.00360128152745207,-0.0632548837437176));
#6769=CARTESIAN_POINT('',(1.32100728549922,-0.00351339205837728,-0.0632599096129538));
#6770=CARTESIAN_POINT('',(1.32100728149724,-0.0034254925165126,-0.0632647526606256));
#6771=CARTESIAN_POINT('',(1.32100727749187,-0.00333751847606142,-0.0632695998129855));
#6772=CARTESIAN_POINT('',(1.32100727346571,-0.00324953434531712,-0.0632742638343293));
#6773=CARTESIAN_POINT('',(1.32100726941878,-0.00316154088722333,-0.0632787446837653));
#6774=CARTESIAN_POINT('',(1.32100726536317,-0.00307335878672166,-0.0632832351393498));
#6775=CARTESIAN_POINT('',(1.32100726128672,-0.00298516731840831,-0.0632875416373808));
#6776=CARTESIAN_POINT('',(1.32100725718945,-0.00289696725030864,-0.0632916641399118));
#6777=CARTESIAN_POINT('',(1.32100725309295,-0.00280878380516884,-0.0632957858654797));
#6778=CARTESIAN_POINT('',(1.32100724897564,-0.00272059176305424,-0.0632997236654634));
#6779=CARTESIAN_POINT('',(1.32100724483756,-0.00263239189170702,-0.0633034775051474));
#6780=CARTESIAN_POINT('',(1.32100724069725,-0.002544144389452,-0.0633072333720316));
#6781=CARTESIAN_POINT('',(1.32100723653614,-0.00245588904907301,-0.0633108050804324));
#6782=CARTESIAN_POINT('',(1.32100723235428,-0.00236762663969455,-0.0633141925987963));
#6783=CARTESIAN_POINT('',(1.321007228169,-0.00227929237130075,-0.0633175828751149));
#6784=CARTESIAN_POINT('',(1.32100722396294,-0.00219095102195577,-0.0633207886619097));
#6785=CARTESIAN_POINT('',(1.32100721973612,-0.00210260336278891,-0.0633238099307776));
#6786=CARTESIAN_POINT('',(1.3210072155059,-0.00201418451706681,-0.0633268336340475));
#6787=CARTESIAN_POINT('',(1.32100721125488,-0.00192575935091028,-0.0633296725224645));
#6788=CARTESIAN_POINT('',(1.32100720698312,-0.00183732863742566,-0.0633323265707951));
#6789=CARTESIAN_POINT('',(1.32100720270795,-0.0017488274148678,-0.0633349827352965));
#6790=CARTESIAN_POINT('',(1.32100719841199,-0.00166032063568852,-0.0633374537653741));
#6791=CARTESIAN_POINT('',(1.32100719409529,-0.00157180907494316,-0.0633397396389836));
#6792=CARTESIAN_POINT('',(1.32100718976833,-0.00148308719430569,-0.063342030944253));
#6793=CARTESIAN_POINT('',(1.32100718542052,-0.00139436050890245,-0.0633441362126099));
#6794=CARTESIAN_POINT('',(1.32100718105191,-0.00130562979941235,-0.0633460554251327));
#6795=CARTESIAN_POINT('',(1.3210071766868,-0.00121697034881036,-0.063347973096352));
#6796=CARTESIAN_POINT('',(1.32100717230092,-0.00112830688013145,-0.0633497050109834));
#6797=CARTESIAN_POINT('',(1.3210071678943,-0.00103964017224655,-0.0633512511534221));
#6798=CARTESIAN_POINT('',(1.32100716348429,-0.000950905018373941,-0.0633527984894006));
#6799=CARTESIAN_POINT('',(1.3210071590535,-0.000862166619838552,-0.0633541597667828));
#6800=CARTESIAN_POINT('',(1.32100715460198,-0.000773425757374209,-0.0633553349732083));
#6801=CARTESIAN_POINT('',(1.32100715014707,-0.000684617145908749,-0.0633565110768424));
#6802=CARTESIAN_POINT('',(1.3210071456714,-0.000595806066293581,-0.0633575008258136));
#6803=CARTESIAN_POINT('',(1.321007141175,-0.000506993301096155,-0.0633583042110243));
#6804=CARTESIAN_POINT('',(1.32100713667521,-0.000418113488611144,-0.0633591082027334));
#6805=CARTESIAN_POINT('',(1.32100713215467,-0.000329231987537524,-0.0633597255496991));
#6806=CARTESIAN_POINT('',(1.32100712761342,-0.000240349582246768,-0.063360156246105));
#6807=CARTESIAN_POINT('',(1.32100712306877,-0.000151400836042866,-0.0633605872639782));
#6808=CARTESIAN_POINT('',(1.32100711850338,-6.24511838079379E-05,-0.0633608313530583));
#6809=CARTESIAN_POINT('',(1.32100711391729,2.64985883124241E-05,-0.0633608885108269));
#6810=CARTESIAN_POINT('',(1.32100710932054,0.00011565516838188,-0.0633609458014872));
#6811=CARTESIAN_POINT('',(1.32100710470299,0.000204811869363455,-0.0633608152910883));
#6812=CARTESIAN_POINT('',(1.32100710006468,0.000293967899612931,-0.0633604969804354));
#6813=CARTESIAN_POINT('',(1.32100709543033,0.000383047769492947,-0.0633601789416953));
#6814=CARTESIAN_POINT('',(1.32100709077526,0.000472126970256467,-0.0633596734239011));
#6815=CARTESIAN_POINT('',(1.3210070860995,0.000561204712297871,-0.063358980431188));
#6816=CARTESIAN_POINT('',(1.32100708142038,0.000650346647636838,-0.0633582869390742));
#6817=CARTESIAN_POINT('',(1.32100707672054,0.000739487122623298,-0.0633574057022167));
#6818=CARTESIAN_POINT('',(1.32100707200004,0.000828625345969045,-0.0633563367280995));
#6819=CARTESIAN_POINT('',(1.32100706727618,0.000917827038216549,-0.063355266992843));
#6820=CARTESIAN_POINT('',(1.32100706253161,0.00100702647609149,-0.0633540092533541));
#6821=CARTESIAN_POINT('',(1.32100705776639,0.00109622286665417,-0.0633525635204823));
#6822=CARTESIAN_POINT('',(1.32100705299781,0.0011854819973813,-0.0633511167706914));
#6823=CARTESIAN_POINT('',(1.32100704820855,0.00127473807698638,-0.0633494817634217));
#6824=CARTESIAN_POINT('',(1.32100704339865,0.00136399031090956,-0.0633476585129046));
#6825=CARTESIAN_POINT('',(1.3210070385854,0.00145330455199007,-0.0633458339957012));
#6826=CARTESIAN_POINT('',(1.32100703375149,0.00154261494263067,-0.0633438209783504));
#6827=CARTESIAN_POINT('',(1.32100702889694,0.00163192068636536,-0.0633416194655961));
#6828=CARTESIAN_POINT('',(1.32100702403135,0.00172142943203524,-0.0633394129485573));
#6829=CARTESIAN_POINT('',(1.32100701914505,0.00181093351056041,-0.063337017095887));
#6830=CARTESIAN_POINT('',(1.32100701423806,0.00190043212011631,-0.0633344319158171));
#6831=CARTESIAN_POINT('',(1.32100700933552,0.00198984963769948,-0.0633318490781004));
#6832=CARTESIAN_POINT('',(1.32100700441234,0.00207926169681268,-0.0633290772606557));
#6833=CARTESIAN_POINT('',(1.32100699946857,0.00216866749822422,-0.0633261164879591));
#6834=CARTESIAN_POINT('',(1.32100699452148,0.00225813308164194,-0.0633231537355147));
#6835=CARTESIAN_POINT('',(1.32100698955377,0.00234759239947625,-0.0633200017754751));
#6836=CARTESIAN_POINT('',(1.32100698456548,0.00243704465100359,-0.0633166606357592));
#6837=CARTESIAN_POINT('',(1.3210069795739,0.0025265559351265,-0.0633133172911111));
#6838=CARTESIAN_POINT('',(1.32100697456171,0.00261606014410495,-0.0633097845174398));
#6839=CARTESIAN_POINT('',(1.32100696952895,0.00270555647575623,-0.0633060623461217));
#6840=CARTESIAN_POINT('',(1.32100696449291,0.00279511108667359,-0.0633023377509566));
#6841=CARTESIAN_POINT('',(1.3210069594363,0.00288465781049583,-0.0632984235118164));
#6842=CARTESIAN_POINT('',(1.32100695435913,0.00297419584361414,-0.06329431966355));
#6843=CARTESIAN_POINT('',(1.32100694927716,0.00306381861937259,-0.0632902119312255));
#6844=CARTESIAN_POINT('',(1.32100694417461,0.00315343268846632,-0.0632859142311093));
#6845=CARTESIAN_POINT('',(1.32100693905151,0.00324303724515968,-0.0632814266015719));
#6846=CARTESIAN_POINT('',(1.32100693392016,0.00333278628479221,-0.0632769317359526));
#6847=CARTESIAN_POINT('',(1.3210069287682,0.00342252578182429,-0.0632722463283208));
#6848=CARTESIAN_POINT('',(1.32100692359568,0.00351225492678911,-0.0632673704206766));
#6849=CARTESIAN_POINT('',(1.32100691842656,0.00360192524504362,-0.0632624977096928));
#6850=CARTESIAN_POINT('',(1.32100691323691,0.0036915852253023,-0.0632574347487973));
#6851=CARTESIAN_POINT('',(1.32100690802677,0.00378123405987643,-0.0632521815833448));
#6852=CARTESIAN_POINT('',(1.32100690281342,0.00387093812143048,-0.0632469251817491));
#6853=CARTESIAN_POINT('',(1.32100689757956,0.00396063102406754,-0.0632414783415677));
#6854=CARTESIAN_POINT('',(1.32100689232524,0.00405031195880737,-0.0632358411116813));
#6855=CARTESIAN_POINT('',(1.32100688706773,0.00414004734869432,-0.0632302004588135));
#6856=CARTESIAN_POINT('',(1.32100688178973,0.00422977075665184,-0.0632243691853393));
#6857=CARTESIAN_POINT('',(1.3210068764913,0.00431948137244242,-0.0632183473436788));
#6858=CARTESIAN_POINT('',(1.32100687118969,0.00440924566807483,-0.063212321898749));
#6859=CARTESIAN_POINT('',(1.32100686586762,0.00449899715673527,-0.0632061056578794));
#6860=CARTESIAN_POINT('',(1.32100686052514,0.00458873502696346,-0.0631996986770413));
#6861=CARTESIAN_POINT('',(1.3210068551758,0.00467858799477741,-0.0631932834786243));
#6862=CARTESIAN_POINT('',(1.32100684980599,0.00476842730971401,-0.0631866770510063));
#6863=CARTESIAN_POINT('',(1.32100684441577,0.00485825215743513,-0.0631798794538468));
#6864=CARTESIAN_POINT('',(1.32100683902133,0.00494814720492568,-0.0631730765442402));
#6865=CARTESIAN_POINT('',(1.32100683360644,0.00503802776309284,-0.06316608216653));
#6866=CARTESIAN_POINT('',(1.32100682817115,0.00512789301595191,-0.0631588963839993));
#6867=CARTESIAN_POINT('',(1.3210068227376,0.00521772945239376,-0.0631517129056796));
#6868=CARTESIAN_POINT('',(1.32100681728367,0.00530755059385616,-0.0631443381456237));
#6869=CARTESIAN_POINT('',(1.32100681180939,0.00539735562541803,-0.0631367721705334));
#6870=CARTESIAN_POINT('',(1.32100680632629,0.0054873053809036,-0.0631291940026119));
#6871=CARTESIAN_POINT('',(1.32100680082279,0.00557723897504087,-0.063121424003203));
#6872=CARTESIAN_POINT('',(1.32100679529893,0.00566715558925792,-0.0631134622428289));
#6873=CARTESIAN_POINT('',(1.32100678977483,0.00575707618992648,-0.0631055001294703));
#6874=CARTESIAN_POINT('',(1.32100678423037,0.00584697980968812,-0.0630973462384793));
#6875=CARTESIAN_POINT('',(1.3210067786656,0.00593686563017264,-0.0630890006438868));
#6876=CARTESIAN_POINT('',(1.32100677310079,0.00602675212579859,-0.0630806549866096));
#6877=CARTESIAN_POINT('',(1.32100676751568,0.00611662082239975,-0.0630721176231781));
#6878=CARTESIAN_POINT('',(1.32100676191031,0.00620647090191316,-0.0630633886311239));
#6879=CARTESIAN_POINT('',(1.32100675629406,0.00629649531811087,-0.0630546427021505));
#6880=CARTESIAN_POINT('',(1.32100675065748,0.00638650104542792,-0.0630457044005152));
#6881=CARTESIAN_POINT('',(1.32100674500062,0.00647648726137315,-0.0630365738077225));
#6882=CARTESIAN_POINT('',(1.32100673934767,0.00656641116719113,-0.0630274495373248));
#6883=CARTESIAN_POINT('',(1.32100673367447,0.00665631558917231,-0.0630181332422901));
#6884=CARTESIAN_POINT('',(1.32100672798106,0.0067461997068903,-0.063008625007467));
#6885=CARTESIAN_POINT('',(1.32100672228574,0.00683611400723214,-0.0629991135798276));
#6886=CARTESIAN_POINT('',(1.32100671657021,0.00692600799019662,-0.0629894100837763));
#6887=CARTESIAN_POINT('',(1.32100671083451,0.00701588083490353,-0.0629795146077631));
#6888=CARTESIAN_POINT('',(1.32100670508679,0.00710594202315219,-0.0629695983941288));
#6889=CARTESIAN_POINT('',(1.32100669931883,0.00719598198498043,-0.0629594893953314));
#6890=CARTESIAN_POINT('',(1.32100669353066,0.00728599989472727,-0.0629491877039195));
#6891=CARTESIAN_POINT('',(1.32100668774877,0.00737592029065605,-0.0629388971720343));
#6892=CARTESIAN_POINT('',(1.32100668194672,0.00746581868278167,-0.062928414365072));
#6893=CARTESIAN_POINT('',(1.32100667612457,0.00755569424852828,-0.0629177393788085));
#6894=CARTESIAN_POINT('',(1.32100667029957,0.00764561394345812,-0.0629070591510933));
#6895=CARTESIAN_POINT('',(1.32100666445445,0.00773551079011593,-0.0628961865555873));
#6896=CARTESIAN_POINT('',(1.32100665858926,0.00782538396513417,-0.0628851216917383));
#6897=CARTESIAN_POINT('',(1.32100665271193,0.0079154430450568,-0.0628740339399425));
#6898=CARTESIAN_POINT('',(1.32100664681447,0.00800547835583901,-0.0628627531238266));
#6899=CARTESIAN_POINT('',(1.3210066408969,0.00809548906943231,-0.062851279347014));
#6900=CARTESIAN_POINT('',(1.3210066349859,0.00818539983806319,-0.0628398183103091));
#6901=CARTESIAN_POINT('',(1.32100662905486,0.00827528606462952,-0.062828164741446));
#6902=CARTESIAN_POINT('',(1.32100662310382,0.00836514692429086,-0.0628163187472456));
#6903=CARTESIAN_POINT('',(1.32100661715002,0.00845504946556727,-0.0628044672583262));
#6904=CARTESIAN_POINT('',(1.3210066111762,0.00854492661752926,-0.0627924231701557));
#6905=CARTESIAN_POINT('',(1.32100660518243,0.00863477755286488,-0.0627801865800915));
#6906=CARTESIAN_POINT('',(1.32100659917642,0.00872481189773134,-0.0627679250119095));
#6907=CARTESIAN_POINT('',(1.32100659315037,0.00881481992176278,-0.0627554701729785));
#6908=CARTESIAN_POINT('',(1.32100658710434,0.0089048007930656,-0.0627428221648778));
#6909=CARTESIAN_POINT('',(1.32100658106518,0.00899467930397372,-0.0627301885448918));
#6910=CARTESIAN_POINT('',(1.32100657500608,0.00908453072502569,-0.0627173621995986));
#6911=CARTESIAN_POINT('',(1.3210065689271,0.00917435422945437,-0.0627043432469264));
#6912=CARTESIAN_POINT('',(1.32100656284383,0.00926424124462962,-0.0626913150890534));
#6913=CARTESIAN_POINT('',(1.32100655674063,0.00935410030422439,-0.0626780940515626));
#6914=CARTESIAN_POINT('',(1.32100655061759,0.00944393058023417,-0.0626646802561936));
#6915=CARTESIAN_POINT('',(1.32100654448552,0.00953389315444091,-0.0626512467055592));
#6916=CARTESIAN_POINT('',(1.32100653833354,0.00962382686075422,-0.0626376198290775));
#6917=CARTESIAN_POINT('',(1.3210065321617,0.00971373086804186,-0.0626237997526058));
#6918=CARTESIAN_POINT('',(1.32100652599539,0.0098035543826606,-0.0626099920494962));
#6919=CARTESIAN_POINT('',(1.32100651980926,0.00989334825194575,-0.0625959914924046));
#6920=CARTESIAN_POINT('',(1.32100651360336,0.00998311164754547,-0.0625817982104183));
#6921=CARTESIAN_POINT('',(1.32100650739104,0.0100729679698477,-0.0625675902349716));
#6922=CARTESIAN_POINT('',(1.3210065011589,0.0101627937558733,-0.0625531891355931));
#6923=CARTESIAN_POINT('',(1.32100649490703,0.0102525881752623,-0.0625385950453476));
#6924=CARTESIAN_POINT('',(1.32100648865057,0.01034244853778,-0.06252399023751));
#6925=CARTESIAN_POINT('',(1.32100648237431,0.0104322774881121,-0.0625091921554395));
#6926=CARTESIAN_POINT('',(1.32100647607835,0.010522074194652,-0.0624942009360799));
#6927=CARTESIAN_POINT('',(1.32100646978596,0.0106118198846422,-0.0624792182337396));
#6928=CARTESIAN_POINT('',(1.32100646347388,0.0107015333680047,-0.06246404261369));
#6929=CARTESIAN_POINT('',(1.32100645714215,0.0107912138151484,-0.0624486742162181));
#6930=CARTESIAN_POINT('',(1.32100645080179,0.0108810165226628,-0.0624332848671783));
#6931=CARTESIAN_POINT('',(1.32100644444175,0.0109707861043595,-0.0624177022149128));
#6932=CARTESIAN_POINT('',(1.32100643806207,0.0110605217278673,-0.0624019264038728));
#6933=CARTESIAN_POINT('',(1.32100643168241,0.0111502570323913,-0.0623861506489112));
#6934=CARTESIAN_POINT('',(1.32100642528311,0.0112399583795061,-0.0623701817367186));
#6935=CARTESIAN_POINT('',(1.32100641886425,0.0113296249374824,-0.0623540198153347));
#6936=CARTESIAN_POINT('',(1.32100641244693,0.0114192699033579,-0.0623378617858125));
#6937=CARTESIAN_POINT('',(1.32100640601004,0.0115088800973852,-0.0623215108402034));
#6938=CARTESIAN_POINT('',(1.32100639955366,0.0115984546890834,-0.062304967130025));
#6939=CARTESIAN_POINT('',(1.32100639308635,0.0116881807705489,-0.062288395440899));
#6940=CARTESIAN_POINT('',(1.32100638659947,0.0117778711297003,-0.0622716303347917));
#6941=CARTESIAN_POINT('',(1.32100638009308,0.0118675249325034,-0.062254671967592));
#6942=CARTESIAN_POINT('',(1.32100637359151,0.0119571122984897,-0.0622377261671758));
#6943=CARTESIAN_POINT('',(1.32100636707046,0.0120466631628254,-0.0622205873921334));
#6944=CARTESIAN_POINT('',(1.32100636052999,0.0121361766940102,-0.0622032558015996));
#6945=CARTESIAN_POINT('',(1.32100635398895,0.0122256979839913,-0.0621859227088094));
#6946=CARTESIAN_POINT('',(1.3210063474285,0.012315181934887,-0.0621683967672362));
#6947=CARTESIAN_POINT('',(1.32100634084867,0.0124046277156783,-0.0621506781396464));
#6948=CARTESIAN_POINT('',(1.32100633425626,0.0124942445764745,-0.06213292562222));
#6949=CARTESIAN_POINT('',(1.32100632764441,0.0125838231215524,-0.0621149796811088));
#6950=CARTESIAN_POINT('',(1.32100632101319,0.012673362515833,-0.0620968404836267));
#6951=CARTESIAN_POINT('',(1.32100631439036,0.0127627885605228,-0.0620787242488933));
#6952=CARTESIAN_POINT('',(1.32100630774821,0.0128521755540135,-0.0620604152468912));
#6953=CARTESIAN_POINT('',(1.32100630108678,0.012941522665124,-0.0620419136478932));
#6954=CARTESIAN_POINT('',(1.32100629442331,0.0130308972941792,-0.0620234063506026));
#6955=CARTESIAN_POINT('',(1.32100628774056,0.0131202320168204,-0.0620047063377715));
#6956=CARTESIAN_POINT('',(1.3210062810386,0.0132095260018443,-0.0619858137834236));
#6957=CARTESIAN_POINT('',(1.321006274324,0.0132989882933405,-0.0619668856192956));
#6958=CARTESIAN_POINT('',(1.32100626759012,0.0133884096940436,-0.0619477641872393));
#6959=CARTESIAN_POINT('',(1.32100626083701,0.0134777893688088,-0.0619284496658794));
#6960=CARTESIAN_POINT('',(1.32100625409264,0.013567053416175,-0.0619091601310489));
#6961=CARTESIAN_POINT('',(1.32100624732909,0.0136562758460286,-0.0618896780062698));
#6962=CARTESIAN_POINT('',(1.32100624054643,0.0137454558272414,-0.0618700034730719));
#6963=CARTESIAN_POINT('',(1.32100623376187,0.0138346607962944,-0.061850323427156));
#6964=CARTESIAN_POINT('',(1.32100622695819,0.0139238232937138,-0.0618304508662335));
#6965=CARTESIAN_POINT('',(1.32100622013545,0.0140129424876788,-0.0618103859720771));
#6966=CARTESIAN_POINT('',(1.32100621330004,0.0141022271736771,-0.0617902838179323));
#6967=CARTESIAN_POINT('',(1.3210062064455,0.0141914683968367,-0.0617699886203349));
#6968=CARTESIAN_POINT('',(1.32100619957189,0.0142806653215141,-0.0617495005657019));
#6969=CARTESIAN_POINT('',(1.32100619270737,0.0143697443738531,-0.0617290395857121));
#6970=CARTESIAN_POINT('',(1.32100618582384,0.0144587792455094,-0.0617083862592986));
#6971=CARTESIAN_POINT('',(1.32100617892134,0.0145477691057647,-0.0616875407792372));
#6972=CARTESIAN_POINT('',(1.3210061720157,0.01463679953654,-0.0616666857957115));
#6973=CARTESIAN_POINT('',(1.3210061650911,0.0147257849153967,-0.0616456384833486));
#6974=CARTESIAN_POINT('',(1.32100615814759,0.0148147244113255,-0.0616243990387866));
#6975=CARTESIAN_POINT('',(1.32100615119421,0.0149037903524815,-0.0616031293981191));
#6976=CARTESIAN_POINT('',(1.32100614422188,0.0149928102806873,-0.0615816670786037));
#6977=CARTESIAN_POINT('',(1.32100613723065,0.0150817833622498,-0.0615600122813321));
#6978=CARTESIAN_POINT('',(1.32100613023635,0.0151707953536146,-0.0615383480139615));
#6979=CARTESIAN_POINT('',(1.32100612322316,0.0152597604578866,-0.0615164911004881));
#6980=CARTESIAN_POINT('',(1.32100611619112,0.015348677841162,-0.0614944417458865));
#6981=CARTESIAN_POINT('',(1.32100610916245,0.0154375526329011,-0.0614724029529529));
#6982=CARTESIAN_POINT('',(1.32100610211496,0.0155263797498811,-0.0614501719032368));
#6983=CARTESIAN_POINT('',(1.3210060950487,0.0156151583602936,-0.0614277488050268));
#6984=CARTESIAN_POINT('',(1.32100608798216,0.0157039404505838,-0.0614053248278929));
#6985=CARTESIAN_POINT('',(1.32100608089687,0.015792674031034,-0.0613827087872319));
#6986=CARTESIAN_POINT('',(1.32100607379288,0.0158813582706509,-0.0613599008949611));
#6987=CARTESIAN_POINT('',(1.32100606669244,0.0159699983042247,-0.0613371043716401));
#6988=CARTESIAN_POINT('',(1.32100605957331,0.0160585890466704,-0.0613141161879386));
#6989=CARTESIAN_POINT('',(1.32100605243558,0.0161471296691644,-0.0612909365590519));
#6990=CARTESIAN_POINT('',(1.32100604528763,0.0162357971620723,-0.0612677237159294));
#6991=CARTESIAN_POINT('',(1.321006038121,0.016324414391819,-0.0612443188785865));
#6992=CARTESIAN_POINT('',(1.32100603093579,0.01641298052696,-0.0612207222667525));
#6993=CARTESIAN_POINT('',(1.32100602375559,0.016501484779477,-0.0611971421422617));
#6994=CARTESIAN_POINT('',(1.32100601655682,0.0165899380092907,-0.061173370511175));
#6995=CARTESIAN_POINT('',(1.32100600933956,0.0166783393876598,-0.0611494075963581));
#6996=CARTESIAN_POINT('',(1.32100600212353,0.0167667256083797,-0.0611254487903172));
#6997=CARTESIAN_POINT('',(1.321005994889,0.0168550599959584,-0.0611012987661248));
#6998=CARTESIAN_POINT('',(1.32100598763605,0.0169433417230567,-0.0610769577501218));
#6999=CARTESIAN_POINT('',(1.32100598037038,0.0170317783128223,-0.0610525740354223));
#7000=CARTESIAN_POINT('',(1.3210059730862,0.0171201620554377,-0.0610279986501036));
#7001=CARTESIAN_POINT('',(1.32100596578361,0.0172084921270365,-0.0610032318496895));
#7002=CARTESIAN_POINT('',(1.32100595849143,0.0172966964155789,-0.0609785003174893));
#7003=CARTESIAN_POINT('',(1.32100595118086,0.017384847177277,-0.0609535778824905));
#7004=CARTESIAN_POINT('',(1.32100594385199,0.0174729435928075,-0.0609284648027831));
#7005=CARTESIAN_POINT('',(1.32100593652202,0.0175610531929236,-0.0609033479646306));
#7006=CARTESIAN_POINT('',(1.32100592917375,0.0176491084288462,-0.0608780404165444));
#7007=CARTESIAN_POINT('',(1.32100592180724,0.0177371084750783,-0.0608525423959546));
#7008=CARTESIAN_POINT('',(1.32100591442801,0.0178252604135117,-0.0608270003645871));
#7009=CARTESIAN_POINT('',(1.32100590703048,0.0179133569720887,-0.060801267202571));
#7010=CARTESIAN_POINT('',(1.32100589961472,0.0180013973220772,-0.060775343152168));
#7011=CARTESIAN_POINT('',(1.32100589220225,0.01808939848275,-0.0607494306413124));
#7012=CARTESIAN_POINT('',(1.32100588477157,0.01817734348538,-0.0607233274119165));
#7013=CARTESIAN_POINT('',(1.32100587732275,0.0182652315034022,-0.0606970337095108));
#7014=CARTESIAN_POINT('',(1.32100586987564,0.0183530992767647,-0.0606707460637561));
#7015=CARTESIAN_POINT('',(1.32100586241039,0.0184409100922831,-0.0606442680326671));
#7016=CARTESIAN_POINT('',(1.32100585492707,0.0185286631250388,-0.0606175998651889));
#7017=CARTESIAN_POINT('',(1.32100584743655,0.0186165005981529,-0.0605909060362658));
#7018=CARTESIAN_POINT('',(1.32100583992793,0.018704280177761,-0.0605640217047866));
#7019=CARTESIAN_POINT('',(1.32100583240128,0.0187920010376561,-0.0605369471240075));
#7020=CARTESIAN_POINT('',(1.32100582488517,0.0188795989603378,-0.0605099104871509));
#7021=CARTESIAN_POINT('',(1.32100581735108,0.0189671383282873,-0.0604826841337933));
#7022=CARTESIAN_POINT('',(1.32100580979908,0.019054618319872,-0.0604552683196986));
#7023=CARTESIAN_POINT('',(1.32100580224316,0.0191421436860856,-0.0604278382854106));
#7024=CARTESIAN_POINT('',(1.32100579466931,0.0192296096148301,-0.0604002185937026));
#7025=CARTESIAN_POINT('',(1.32100578707761,0.0193170152843161,-0.0603724095043065));
#7026=CARTESIAN_POINT('',(1.32100577947969,0.0194044925263143,-0.0603445776433168));
#7027=CARTESIAN_POINT('',(1.32100577186388,0.0194919094108321,-0.0603165560742343));
#7028=CARTESIAN_POINT('',(1.32100576423025,0.0195792651152012,-0.0602883450610054));
#7029=CARTESIAN_POINT('',(1.3210057566049,0.019666526103984,-0.0602601646356205));
#7030=CARTESIAN_POINT('',(1.32100574896177,0.0197537260457178,-0.06023179517657));
#7031=CARTESIAN_POINT('',(1.32100574130094,0.0198408641215602,-0.0602032369505018));
#7032=CARTESIAN_POINT('',(1.32100573363363,0.0199280759076787,-0.0601746545669719));
#7033=CARTESIAN_POINT('',(1.32100572594857,0.0200152257236968,-0.0601458830968157));
#7034=CARTESIAN_POINT('',(1.32100571824586,0.0201023127498634,-0.0601169228109205));
#7035=CARTESIAN_POINT('',(1.32100571054253,0.0201894067607543,-0.0600879602022958));
#7036=CARTESIAN_POINT('',(1.32100570282153,0.0202764379722195,-0.0600588087475189));
#7037=CARTESIAN_POINT('',(1.32100569508294,0.0203634055654983,-0.0600294687211017));
#7038=CARTESIAN_POINT('',(1.32100568735021,0.0204503072602482,-0.0600001509266966));
#7039=CARTESIAN_POINT('',(1.32100567959991,0.0205371454336815,-0.0599706448461861));
#7040=CARTESIAN_POINT('',(1.32100567183212,0.020623919270097,-0.0599409507570039));
#7041=CARTESIAN_POINT('',(1.32100566405522,0.0207107948984923,-0.0599112218345097));
#7042=CARTESIAN_POINT('',(1.32100565626078,0.0207976060393304,-0.0598813044618475));
#7043=CARTESIAN_POINT('',(1.32100564844888,0.0208843518752556,-0.0598511989209814));
#7044=CARTESIAN_POINT('',(1.32100564064057,0.0209710577461064,-0.059821107250178));
#7045=CARTESIAN_POINT('',(1.32100563281483,0.0210576983726946,-0.0597908275843653));
#7046=CARTESIAN_POINT('',(1.32100562497171,0.0211442729400279,-0.0597603602086621));
#7047=CARTESIAN_POINT('',(1.32100561712263,0.0212309132121129,-0.0597298697101016));
#7048=CARTESIAN_POINT('',(1.32100560925616,0.021317487325123,-0.0596991912164633));
#7049=CARTESIAN_POINT('',(1.32100560137236,0.0214039944634612,-0.0596683250170629));
#7050=CARTESIAN_POINT('',(1.32100559348515,0.0214905391066534,-0.0596374454357344));
#7051=CARTESIAN_POINT('',(1.32100558558059,0.0215770167175733,-0.0596063779856829));
#7052=CARTESIAN_POINT('',(1.32100557765877,0.0216634264808332,-0.0595751229601494));
#7053=CARTESIAN_POINT('',(1.32100556974056,0.0217497969063957,-0.0595438821633406));
#7054=CARTESIAN_POINT('',(1.3210055618051,0.021836099546541,-0.0595124539616215));
#7055=CARTESIAN_POINT('',(1.32100555385246,0.0219223335882781,-0.0594808386513711));
#7056=CARTESIAN_POINT('',(1.32100554589809,0.0220085863919606,-0.0594492164625757));
#7057=CARTESIAN_POINT('',(1.32100553792654,0.0220947705678609,-0.0594174070836375));
#7058=CARTESIAN_POINT('',(1.32100552993788,0.022180885303757,-0.0593854108146631));
#7059=CARTESIAN_POINT('',(1.3210055219548,0.0222669398835128,-0.0593534368969392));
#7060=CARTESIAN_POINT('',(1.32100551395464,0.0223529251207218,-0.0593212763500034));
#7061=CARTESIAN_POINT('',(1.32100550593747,0.0224388402061751,-0.0592889294768537));
#7062=CARTESIAN_POINT('',(1.32100549792233,0.0225247335332111,-0.0592565907957085));
#7063=CARTESIAN_POINT('',(1.3210054898902,0.0226105567444914,-0.0592240658825138));
#7064=CARTESIAN_POINT('',(1.32100548184113,0.0226963090327473,-0.0591913550435478));
#7065=CARTESIAN_POINT('',(1.32100547379785,0.0227819997563548,-0.0591586676888682));
#7066=CARTESIAN_POINT('',(1.32100546573767,0.0228676196592056,-0.0591257946750796));
#7067=CARTESIAN_POINT('',(1.32100545766066,0.0229531679371061,-0.0590927363112961));
#7068=CARTESIAN_POINT('',(1.32100544957386,0.023038819974262,-0.0590596378518929));
#7069=CARTESIAN_POINT('',(1.32100544147019,0.0231244002130836,-0.0590263535923926));
#7070=CARTESIAN_POINT('',(1.32100543334973,0.0232099078478053,-0.0589928838465382));
#7071=CARTESIAN_POINT('',(1.32100542523732,0.0232953307334431,-0.0589594472735147));
#7072=CARTESIAN_POINT('',(1.32100541710816,0.0233806811592913,-0.0589258255814125));
#7073=CARTESIAN_POINT('',(1.32100540896232,0.0234659583233473,-0.0588920190865298));
#7074=CARTESIAN_POINT('',(1.32100540081967,0.0235512021347195,-0.0588582258136785));
#7075=CARTESIAN_POINT('',(1.32100539266034,0.0236363727420523,-0.0588242478823422));
#7076=CARTESIAN_POINT('',(1.32100538448443,0.0237214693456654,-0.0587900856119225));
#7077=CARTESIAN_POINT('',(1.32100537629618,0.0238066944113291,-0.0587558717700519));
#7078=CARTESIAN_POINT('',(1.32100536809129,0.023891845247397,-0.0587214730251618));
#7079=CARTESIAN_POINT('',(1.32100535986983,0.0239769210601558,-0.0586868897217363));
#7080=CARTESIAN_POINT('',(1.32100535166208,0.0240618549790931,-0.0586523640981252));
#7081=CARTESIAN_POINT('',(1.32100534343784,0.0241467141143256,-0.0586176545040527));
#7082=CARTESIAN_POINT('',(1.32100533519716,0.0242314976775442,-0.0585827612858118));
#7083=CARTESIAN_POINT('',(1.32100532695726,0.0243162732376894,-0.058547871361287));
#7084=CARTESIAN_POINT('',(1.32100531870093,0.0244009732378081,-0.0585127978402978));
#7085=CARTESIAN_POINT('',(1.32100531042825,0.0244855968830651,-0.0584775410523817));
#7086=CARTESIAN_POINT('',(1.32100530214332,0.0245703458894374,-0.058442232035207));
#7087=CARTESIAN_POINT('',(1.32100529384199,0.0246550183150006,-0.0584067392074553));
#7088=CARTESIAN_POINT('',(1.32100528552434,0.0247396133628294,-0.0583710629035937));
#7089=CARTESIAN_POINT('',(1.32100527721222,0.0248241521440787,-0.0583354103290594));
#7090=CARTESIAN_POINT('',(1.32100526888381,0.0249086136509318,-0.0582995745221317));
#7091=CARTESIAN_POINT('',(1.32100526053918,0.0249929970895128,-0.0582635558200625));
#7092=CARTESIAN_POINT('',(1.32100525219878,0.0250773376692037,-0.0582275554121233));
#7093=CARTESIAN_POINT('',(1.32100524384218,0.0251616002603404,-0.0581913722945016));
#7094=CARTESIAN_POINT('',(1.32100523546946,0.0252457840717285,-0.0581550068073743));
#7095=CARTESIAN_POINT('',(1.32100522709077,0.0253300277919582,-0.0581186154409933));
#7096=CARTESIAN_POINT('',(1.32100521869595,0.025414192620705,-0.05808204144516));
#7097=CARTESIAN_POINT('',(1.32100521028505,0.0254982777665744,-0.0580452851642164));
#7098=CARTESIAN_POINT('',(1.32100520188786,0.0255822258369367,-0.0580085888033193));
#7099=CARTESIAN_POINT('',(1.32100519347466,0.0256660944844348,-0.0579717107508541));
#7100=CARTESIAN_POINT('',(1.32100518504552,0.0257498829230352,-0.0579346513528958));
#7101=CARTESIAN_POINT('',(1.32100517661386,0.0258336963958322,-0.0578975808823806));
#7102=CARTESIAN_POINT('',(1.32100516816626,0.0259174296122174,-0.0578603289576871));
#7103=CARTESIAN_POINT('',(1.32100515970278,0.0260010817869653,-0.0578228959286095));
#7104=CARTESIAN_POINT('',(1.32100515123486,0.0260847779527729,-0.0577854432142263));
#7105=CARTESIAN_POINT('',(1.32100514275105,0.0261683929921032,-0.0577478092046168));
#7106=CARTESIAN_POINT('',(1.32100513425144,0.0262519261200212,-0.0577099942535356));
#7107=CARTESIAN_POINT('',(1.32100512576291,0.0263353503328158,-0.0576722286076842));
#7108=CARTESIAN_POINT('',(1.32100511725862,0.0264186928480743,-0.0576342824915776));
#7109=CARTESIAN_POINT('',(1.32100510873864,0.0265019528854664,-0.0575961562609756));
#7110=CARTESIAN_POINT('',(1.32100510021332,0.0265852650405052,-0.0575580061647897));
#7111=CARTESIAN_POINT('',(1.32100509167231,0.0266684946147988,-0.0575196757282195));
#7112=CARTESIAN_POINT('',(1.32100508311567,0.0267516408281063,-0.0574811653110797));
#7113=CARTESIAN_POINT('',(1.32100507456085,0.0268347693777283,-0.057442663075141));
#7114=CARTESIAN_POINT('',(1.32100506599041,0.0269178146021845,-0.0574039809347591));
#7115=CARTESIAN_POINT('',(1.32100505740444,0.0270007757233002,-0.0573651192528962));
#7116=CARTESIAN_POINT('',(1.32100504882686,0.0270836557725671,-0.0573262955477187));
#7117=CARTESIAN_POINT('',(1.32100504023377,0.0271664518831901,-0.0572872926514526));
#7118=CARTESIAN_POINT('',(1.32100503162525,0.0272491632808518,-0.0572481109293552));
#7119=CARTESIAN_POINT('',(1.32100502300853,0.0273319535158612,-0.0572088918607357));
#7120=CARTESIAN_POINT('',(1.32100501437635,0.0274146588767386,-0.0571694936248716));
#7121=CARTESIAN_POINT('',(1.3210050057288,0.027497278588548,-0.057129916591427));
#7122=CARTESIAN_POINT('',(1.32100499708756,0.0275798380883087,-0.0570903684011508));
#7123=CARTESIAN_POINT('',(1.32100498843095,0.0276623120641876,-0.0570506416734516));
#7124=CARTESIAN_POINT('',(1.32100497975908,0.0277446997445503,-0.0570107367805338));
#7125=CARTESIAN_POINT('',(1.32100497108295,0.0278271278436661,-0.0569708123105869));
#7126=CARTESIAN_POINT('',(1.32100496239154,0.0279094695629609,-0.0569307095001992));
#7127=CARTESIAN_POINT('',(1.32100495368493,0.0279917241312892,-0.0568904287254677));
#7128=CARTESIAN_POINT('',(1.32100494497843,0.0280739775779513,-0.0568501485000259));
#7129=CARTESIAN_POINT('',(1.32100493625673,0.0281561438764073,-0.0568096903147202));
#7130=CARTESIAN_POINT('',(1.3210049275199,0.0282382222571835,-0.0567690545489705));
#7131=CARTESIAN_POINT('',(1.32100491879904,0.0283201507076401,-0.0567284930114558));
#7132=CARTESIAN_POINT('',(1.3210049100631,0.0284019915616949,-0.0566877545412887));
#7133=CARTESIAN_POINT('',(1.32100490131219,0.0284837440557271,-0.0566468395191236));
#7134=CARTESIAN_POINT('',(1.32100489256349,0.02856547584519,-0.0566059348590633));
#7135=CARTESIAN_POINT('',(1.3210048837998,0.0286471193197527,-0.0565648537360344));
#7136=CARTESIAN_POINT('',(1.32100487502123,0.0287286737180299,-0.0565235965336987));
#7137=CARTESIAN_POINT('',(1.32100486623105,0.0288103359507341,-0.0564822847794704));
#7138=CARTESIAN_POINT('',(1.32100485742593,0.0288919088718051,-0.0564407964795941));
#7139=CARTESIAN_POINT('',(1.32100484860595,0.02897339171851,-0.0563991320225594));
#7140=CARTESIAN_POINT('',(1.32100483980234,0.0290547234533666,-0.0563575448332365));
#7141=CARTESIAN_POINT('',(1.32100483098392,0.0291359654480005,-0.0563157821391249));
#7142=CARTESIAN_POINT('',(1.32100482215079,0.0292171169455963,-0.0562738443298355));
#7143=CARTESIAN_POINT('',(1.32100481332014,0.0292982456306942,-0.0562319183096838));
#7144=CARTESIAN_POINT('',(1.32100480447479,0.0293792838738605,-0.05618981727981));
#7145=CARTESIAN_POINT('',(1.3210047956148,0.0294602309089785,-0.0561475416104887));
#7146=CARTESIAN_POINT('',(1.32100478674335,0.0295412827175008,-0.056105211221859));
#7147=CARTESIAN_POINT('',(1.32100477785724,0.029622243097605,-0.0560627057707386));
#7148=CARTESIAN_POINT('',(1.32100476895654,0.0297031112819394,-0.0560200256321704));
#7149=CARTESIAN_POINT('',(1.3210047600726,0.0297838272476386,-0.0559774258306655));
#7150=CARTESIAN_POINT('',(1.32100475117414,0.0298644513685381,-0.055934652005709));
#7151=CARTESIAN_POINT('',(1.32100474226123,0.0299449828949107,-0.0558917045556499));
#7152=CARTESIAN_POINT('',(1.32100473334796,0.0300255176606206,-0.0558487553780528));
#7153=CARTESIAN_POINT('',(1.32100472442024,0.0301059598246961,-0.0558056325609558));
#7154=CARTESIAN_POINT('',(1.32100471547817,0.0301863086390504,-0.0557623365059907));
#7155=CARTESIAN_POINT('',(1.32100470653102,0.0302667030820727,-0.055719015863963));
#7156=CARTESIAN_POINT('',(1.32100469756949,0.0303470040696574,-0.0556755217868164));
#7157=CARTESIAN_POINT('',(1.32100468859367,0.03042721085419,-0.0556318546801));
#7158=CARTESIAN_POINT('',(1.32100467963186,0.0305072923736477,-0.0555882557716467));
#7159=CARTESIAN_POINT('',(1.32100467065581,0.0305872799844034,-0.0555444843732271));
#7160=CARTESIAN_POINT('',(1.32100466166559,0.0306671729440929,-0.0555005408917023));
#7161=CARTESIAN_POINT('',(1.32100465267206,0.0307470952787528,-0.0554565812530784));
#7162=CARTESIAN_POINT('',(1.32100464366435,0.0308269228930571,-0.0554124494043332));
#7163=CARTESIAN_POINT('',(1.32100463464256,0.0309066550455901,-0.0553681457559802));
#7164=CARTESIAN_POINT('',(1.3210046256223,0.0309863736348092,-0.0553238496441638));
#7165=CARTESIAN_POINT('',(1.32100461658795,0.0310659967950529,-0.0552793817907275));
#7166=CARTESIAN_POINT('',(1.32100460753959,0.0311455237870643,-0.0552347426091687));
#7167=CARTESIAN_POINT('',(1.32100459850241,0.0312249525736471,-0.0551901585511579));
#7168=CARTESIAN_POINT('',(1.32100458945126,0.0313042854296764,-0.0551454035874375));
#7169=CARTESIAN_POINT('',(1.32100458038623,0.0313835216204166,-0.0551004781331469));
#7170=CARTESIAN_POINT('',(1.32100457131489,0.0314628128952819,-0.0550555214471765));
#7171=CARTESIAN_POINT('',(1.32100456222965,0.0315420073707198,-0.0550103940330371));
#7172=CARTESIAN_POINT('',(1.32100455313058,0.0316211043122647,-0.0549650963099049));
#7173=CARTESIAN_POINT('',(1.32100454403977,0.0317001294754184,-0.0549198396932634));
#7174=CARTESIAN_POINT('',(1.32100453493517,0.0317790572819216,-0.054874413076115));
#7175=CARTESIAN_POINT('',(1.32100452581686,0.0318578870011184,-0.0548288168796492));
#7176=CARTESIAN_POINT('',(1.32100451670682,0.0319366451720501,-0.0547832620676864));
#7177=CARTESIAN_POINT('',(1.32100450758309,0.0320153054339468,-0.0547375379836162));
#7178=CARTESIAN_POINT('',(1.32100449844577,0.0320938670599587,-0.0546916450506162));
#7179=CARTESIAN_POINT('',(1.3210044892991,0.0321725090357314,-0.0546457051801178));
#7180=CARTESIAN_POINT('',(1.32100448013879,0.0322510521738963,-0.0545995961143832));
#7181=CARTESIAN_POINT('',(1.32100447096494,0.0323294957476617,-0.0545533182817931));
#7182=CARTESIAN_POINT('',(1.32100446180618,0.0324078103445094,-0.0545071165392115));
#7183=CARTESIAN_POINT('',(1.32100445263391,0.0324860257037809,-0.0544607465827762));
#7184=CARTESIAN_POINT('',(1.32100444344823,0.0325641411041071,-0.054414208841873));
#7185=CARTESIAN_POINT('',(1.32100443426788,0.032642211193288,-0.0543676980953695));
#7186=CARTESIAN_POINT('',(1.32100442507412,0.0327201814395833,-0.0543210197582346));
#7187=CARTESIAN_POINT('',(1.32100441586705,0.0327980511242771,-0.0542741742614368));
#7188=CARTESIAN_POINT('',(1.32100440664925,0.0328760115466331,-0.0542272741779166));
#7189=CARTESIAN_POINT('',(1.32100439741811,0.0329538711731677,-0.0541802065444322));
#7190=CARTESIAN_POINT('',(1.3210043881737,0.0330316292845192,-0.0541329717965585));
#7191=CARTESIAN_POINT('',(1.32100437894788,0.0331092310358124,-0.0540858320307747));
#7192=CARTESIAN_POINT('',(1.32100436970886,0.033186731680046,-0.054038525821499));
#7193=CARTESIAN_POINT('',(1.32100436045671,0.0332641305040605,-0.0539910536047547));
#7194=CARTESIAN_POINT('',(1.3210043512086,0.0333414954742737,-0.0539436021520856));
#7195=CARTESIAN_POINT('',(1.32100434194739,0.0334187587135828,-0.0538959848366196));
#7196=CARTESIAN_POINT('',(1.32100433267315,0.0334959195116435,-0.0538482020968629));
#7197=CARTESIAN_POINT('',(1.32100432338835,0.0335731681080401,-0.0538003649869448));
#7198=CARTESIAN_POINT('',(1.3210043140905,0.0336503140301856,-0.0537523620755353));
#7199=CARTESIAN_POINT('',(1.32100430477968,0.0337273565672077,-0.0537041938056962));
#7200=CARTESIAN_POINT('',(1.32100429548783,0.0338042420824949,-0.0536561237084458));
#7201=CARTESIAN_POINT('',(1.32100428618307,0.0338810246339032,-0.0536078889255896));
#7202=CARTESIAN_POINT('',(1.32100427686547,0.033957703516799,-0.0535594899005167));
#7203=CARTESIAN_POINT('',(1.3210042675522,0.034034346771295,-0.053511113363771));
#7204=CARTESIAN_POINT('',(1.32100425822612,0.0341108864565303,-0.0534625727410894));
#7205=CARTESIAN_POINT('',(1.3210042488873,0.0341873218626876,-0.0534138684655858));
#7206=CARTESIAN_POINT('',(1.3210042395381,0.034263842156856,-0.0533651100998471));
#7207=CARTESIAN_POINT('',(1.32100423017615,0.0343402579512189,-0.0533161877339626));
#7208=CARTESIAN_POINT('',(1.32100422080151,0.0344165685355371,-0.0532671018055345));
#7209=CARTESIAN_POINT('',(1.32100421144624,0.0344927215179132,-0.0532181172527899));
#7210=CARTESIAN_POINT('',(1.32100420207834,0.0345687697272868,-0.0531689698160702));
#7211=CARTESIAN_POINT('',(1.3210041926979,0.0346447124677721,-0.0531196599458669));
#7212=CARTESIAN_POINT('',(1.32100418331943,0.0347206392960244,-0.0530703604075286));
#7213=CARTESIAN_POINT('',(1.32100417392843,0.034796460699808,-0.0530208985032157));
#7214=CARTESIAN_POINT('',(1.32100416452497,0.0348721759856119,-0.0529712746861115));
#7215=CARTESIAN_POINT('',(1.32100415511664,0.0349479305299454,-0.0529216251389575));
#7216=CARTESIAN_POINT('',(1.32100414569585,0.0350235788464464,-0.0528718135105036));
#7217=CARTESIAN_POINT('',(1.32100413626268,0.0350991202424782,-0.052821840257609));
#7218=CARTESIAN_POINT('',(1.3210041268466,0.0351745248533852,-0.0527719574928176));
#7219=CARTESIAN_POINT('',(1.32100411741818,0.0352498229308956,-0.0527219136878094));
#7220=CARTESIAN_POINT('',(1.32100410797753,0.0353250137880827,-0.0526717092999109));
#7221=CARTESIAN_POINT('',(1.32100409853575,0.0354002135568675,-0.0526214989618036));
#7222=CARTESIAN_POINT('',(1.32100408908172,0.0354753060801202,-0.0525711280021694));
#7223=CARTESIAN_POINT('',(1.32100407961554,0.0355502906726362,-0.0525205968814327));
#7224=CARTESIAN_POINT('',(1.32100407015142,0.0356252588618025,-0.0524700768146954));
#7225=CARTESIAN_POINT('',(1.32100406067515,0.0357001191676497,-0.0524193966563442));
#7226=CARTESIAN_POINT('',(1.32100405118681,0.0357748709073996,-0.0523685568694257));
#7227=CARTESIAN_POINT('',(1.32100404171255,0.0358495117764748,-0.0523177924873271));
#7228=CARTESIAN_POINT('',(1.32100403222625,0.035924044401457,-0.0522668689492485));
#7229=CARTESIAN_POINT('',(1.32100402272801,0.0359984681045805,-0.0522157867190791));
#7230=CARTESIAN_POINT('',(1.32100401322552,0.0360729250503706,-0.052164681672126));
#7231=CARTESIAN_POINT('',(1.32100400371107,0.0361472729771657,-0.0521134177906991));
#7232=CARTESIAN_POINT('',(1.32100399418476,0.0362215112082849,-0.0520619955422039));
#7233=CARTESIAN_POINT('',(1.32100398466754,0.0362956785164901,-0.052010622419552));
#7234=CARTESIAN_POINT('',(1.32100397513848,0.0363697363386956,-0.051959091231686));
#7235=CARTESIAN_POINT('',(1.32100396559765,0.0364436840021576,-0.0519074024475499));
#7236=CARTESIAN_POINT('',(1.32100395606785,0.0365175462364106,-0.0518557733777001));
#7237=CARTESIAN_POINT('',(1.32100394652631,0.0365912985664744,-0.0518039870749069));
#7238=CARTESIAN_POINT('',(1.32100393697313,0.0366649403239361,-0.0517520440093456));
#7239=CARTESIAN_POINT('',(1.32100392741254,0.0367386391479464,-0.051700060692009));
#7240=CARTESIAN_POINT('',(1.32100391784028,0.0368122272280878,-0.0516479203682512));
#7241=CARTESIAN_POINT('',(1.32100390825645,0.036885703896411,-0.0515956235121938));
#7242=CARTESIAN_POINT('',(1.32100389868882,0.0369590562972782,-0.0515434151032231));
#7243=CARTESIAN_POINT('',(1.32100388910966,0.0370322976630223,-0.0514910506903711));
#7244=CARTESIAN_POINT('',(1.32100387951904,0.0371054273310974,-0.0514385307481871));
#7245=CARTESIAN_POINT('',(1.32100386993636,0.0371784965234095,-0.0513860542382195));
#7246=CARTESIAN_POINT('',(1.32100386034224,0.037251454202873,-0.0513334224554398));
#7247=CARTESIAN_POINT('',(1.32100385073677,0.0373242997106081,-0.051280635876029));
#7248=CARTESIAN_POINT('',(1.32100384113705,0.0373971015808173,-0.0512278809180015));
#7249=CARTESIAN_POINT('',(1.321003831526,0.037469791413799,-0.0511749713481336));
#7250=CARTESIAN_POINT('',(1.32100382190371,0.0375423685538874,-0.0511219076445446));
#7251=CARTESIAN_POINT('',(1.32100381228726,0.0376149015760675,-0.0510688761971124));
#7252=CARTESIAN_POINT('',(1.32100380265957,0.0376873220424629,-0.0510156908026729));
#7253=CARTESIAN_POINT('',(1.32100379302075,0.0377596293006405,-0.0509623519412515));
#7254=CARTESIAN_POINT('',(1.32100378338787,0.0378318919673848,-0.0509090459735719));
#7255=CARTESIAN_POINT('',(1.32100377374385,0.037904041565635,-0.0508555867275144));
#7256=CARTESIAN_POINT('',(1.32100376408879,0.0379760774462088,-0.0508019746849794));
#7257=CARTESIAN_POINT('',(1.32100375442447,0.038048182367893,-0.050748311259232));
#7258=CARTESIAN_POINT('',(1.32100374474908,0.0381201733532522,-0.0506944947424238));
#7259=CARTESIAN_POINT('',(1.32100373506272,0.038192049755382,-0.0506405256233788));
#7260=CARTESIAN_POINT('',(1.32100372539783,0.0382637668297522,-0.0505866761371837));
#7261=CARTESIAN_POINT('',(1.321003715722,0.0383353698256761,-0.0505326747202272));
#7262=CARTESIAN_POINT('',(1.32100370603533,0.0384068581026106,-0.0504785218608362));
#7263=CARTESIAN_POINT('',(1.32100369635489,0.0384783004082844,-0.05042440382499));
#7264=CARTESIAN_POINT('',(1.32100368666362,0.0385496281418886,-0.050370134539863));
#7265=CARTESIAN_POINT('',(1.3210036769616,0.0386208406641033,-0.0503157144927917));
#7266=CARTESIAN_POINT('',(1.32100366726591,0.038692006769276,-0.0502613299172573));
#7267=CARTESIAN_POINT('',(1.32100365755949,0.0387630578133125,-0.0502067947756115));
#7268=CARTESIAN_POINT('',(1.32100364784243,0.038833993160212,-0.0501521095569382));
#7269=CARTESIAN_POINT('',(1.32100363813178,0.0389048816512868,-0.0500974604601863));
#7270=CARTESIAN_POINT('',(1.3210036284105,0.0389756545981236,-0.0500426614839625));
#7271=CARTESIAN_POINT('',(1.32100361867869,0.0390463113680569,-0.0499877131190657));
#7272=CARTESIAN_POINT('',(1.32100360895338,0.039116920850409,-0.0499328015287804));
#7273=CARTESIAN_POINT('',(1.32100359921755,0.039187414311407,-0.0498777407490667));
#7274=CARTESIAN_POINT('',(1.32100358947128,0.0392577911217365,-0.0498225312724063));
#7275=CARTESIAN_POINT('',(1.32100357971617,0.0393282316823376,-0.0497672717846822));
#7276=CARTESIAN_POINT('',(1.32100356995061,0.0393985553809307,-0.0497118633298434));
#7277=CARTESIAN_POINT('',(1.32100356017468,0.0394687615885873,-0.0496563064043759));
#7278=CARTESIAN_POINT('',(1.32100355042093,0.0395388084980779,-0.0496008755377945));
#7279=CARTESIAN_POINT('',(1.32100354065684,0.0396087384492865,-0.0495452968729266));
#7280=CARTESIAN_POINT('',(1.32100353088253,0.0396785508196509,-0.0494895709055249));
#7281=CARTESIAN_POINT('',(1.32100352111501,0.0397483146488938,-0.0494338836848518));
#7282=CARTESIAN_POINT('',(1.32100351133726,0.0398179610608223,-0.0493780493657562));
#7283=CARTESIAN_POINT('',(1.32100350154938,0.0398874894362699,-0.0493220684455768));
#7284=CARTESIAN_POINT('',(1.32100349176838,0.0399569688671713,-0.0492661269332033));
#7285=CARTESIAN_POINT('',(1.32100348197727,0.0400263304277869,-0.0492100390254106));
#7286=CARTESIAN_POINT('',(1.32100347217611,0.0400955735023599,-0.0491538052210906));
#7287=CARTESIAN_POINT('',(1.32100346238195,0.0401647672360902,-0.0490976114875402));
#7288=CARTESIAN_POINT('',(1.32100345257776,0.040233842652641,-0.0490412720646465));
#7289=CARTESIAN_POINT('',(1.32100344276363,0.0403027991396786,-0.0489847874528224));
#7290=CARTESIAN_POINT('',(1.32100343295634,0.0403717075703818,-0.0489283422055818));
#7291=CARTESIAN_POINT('',(1.32100342313914,0.0404404972373362,-0.048871751971037));
#7292=CARTESIAN_POINT('',(1.3210034133121,0.0405091675316002,-0.0488150172511263));
#7293=CARTESIAN_POINT('',(1.32100340347714,0.0405778931268365,-0.0487582368420977));
#7294=CARTESIAN_POINT('',(1.32100339363234,0.0406464991570901,-0.0487013117142218));
#7295=CARTESIAN_POINT('',(1.32100338377777,0.0407149850140749,-0.048644242373217));
#7296=CARTESIAN_POINT('',(1.32100337394583,0.0407833135968012,-0.0485873040890273));
#7297=CARTESIAN_POINT('',(1.32100336410417,0.0408515225576122,-0.0485302222526284));
#7298=CARTESIAN_POINT('',(1.32100335425289,0.0409196112945272,-0.0484729973688033));
#7299=CARTESIAN_POINT('',(1.32100334440896,0.0409876491764707,-0.0484158152258185));
#7300=CARTESIAN_POINT('',(1.32100333455542,0.0410555670140756,-0.0483584902483297));
#7301=CARTESIAN_POINT('',(1.32100332469234,0.0411233642088348,-0.0483010229425107));
#7302=CARTESIAN_POINT('',(1.32100331483671,0.0411911101882244,-0.0482435990486546));
#7303=CARTESIAN_POINT('',(1.32100330497157,0.0412587357070006,-0.0481860330407391));
#7304=CARTESIAN_POINT('',(1.321003295097,0.0413262401701417,-0.048128325426296));
#7305=CARTESIAN_POINT('',(1.32100328522998,0.0413936930647335,-0.0480706618963152));
#7306=CARTESIAN_POINT('',(1.32100327535354,0.0414610250885974,-0.0480128569753923));
#7307=CARTESIAN_POINT('',(1.32100326546777,0.0415282356502084,-0.0479549111723844));
#7308=CARTESIAN_POINT('',(1.32100325558619,0.0415954177451622,-0.047896989911997));
#7309=CARTESIAN_POINT('',(1.32100324569529,0.0416624784807458,-0.0478389278881486));
#7310=CARTESIAN_POINT('',(1.32100323579516,0.0417294172683262,-0.0477807256115251));
#7311=CARTESIAN_POINT('',(1.321003225894,0.0417963630409579,-0.0477225172615039));
#7312=CARTESIAN_POINT('',(1.3210032159836,0.0418631868401424,-0.0476641686287396));
#7313=CARTESIAN_POINT('',(1.32100320606405,0.041929888079213,-0.0476056802265428));
#7314=CARTESIAN_POINT('',(1.32100319616457,0.041996454350706,-0.0475473101735411));
#7315=CARTESIAN_POINT('',(1.32100318625599,0.0420628985575778,-0.0474888009154766));
#7316=CARTESIAN_POINT('',(1.32100317633838,0.0421292201188621,-0.0474301529649892));
#7317=CARTESIAN_POINT('',(1.32100316642868,0.042195488770727,-0.047371551802137));
#7318=CARTESIAN_POINT('',(1.32100315650997,0.0422616349726072,-0.047312812167365));
#7319=CARTESIAN_POINT('',(1.32100314658234,0.0423276581470743,-0.0472539345745086));
#7320=CARTESIAN_POINT('',(1.32100313666272,0.0423936280951703,-0.047195104447419));
#7321=CARTESIAN_POINT('',(1.32100312673419,0.0424594752141247,-0.0471361365838917));
#7322=CARTESIAN_POINT('',(1.32100311679683,0.0425251989300558,-0.0470770314989241));
#7323=CARTESIAN_POINT('',(1.32100310686756,0.042590869109927,-0.0470179745587292));
#7324=CARTESIAN_POINT('',(1.32100309692949,0.042656416087713,-0.0469587806198504));
#7325=CARTESIAN_POINT('',(1.3210030869827,0.0427218392930874,-0.0468994501984151));
#7326=CARTESIAN_POINT('',(1.32100307703677,0.0427872568850248,-0.0468401248676441));
#7327=CARTESIAN_POINT('',(1.32100306708211,0.0428525507257635,-0.0467806630770288));
#7328=CARTESIAN_POINT('',(1.32100305711882,0.042917720247287,-0.0467210653449409));
#7329=CARTESIAN_POINT('',(1.32100304716273,0.0429828426664258,-0.0466615106881318));
#7330=CARTESIAN_POINT('',(1.32100303719802,0.0430478409459587,-0.0466018202855759));
#7331=CARTESIAN_POINT('',(1.32100302722478,0.0431127145212673,-0.0465419946568832));
#7332=CARTESIAN_POINT('',(1.32100301726835,0.0431774787258773,-0.0464822698885295));
#7333=CARTESIAN_POINT('',(1.32100300730341,0.0432421186463482,-0.0464224103489004));
#7334=CARTESIAN_POINT('',(1.32100299733006,0.0433066337230753,-0.0463624165573197));
#7335=CARTESIAN_POINT('',(1.32100298736517,0.0433710940972187,-0.0463024736347076));
#7336=CARTESIAN_POINT('',(1.32100297739186,0.043435429839193,-0.0462423966869993));
#7337=CARTESIAN_POINT('',(1.32100296741024,0.0434996403929807,-0.0461821862345186));
#7338=CARTESIAN_POINT('',(1.32100295743717,0.0435637959708478,-0.0461220273331437));
#7339=CARTESIAN_POINT('',(1.32100294745579,0.0436278265747508,-0.0460617351547916));
#7340=CARTESIAN_POINT('',(1.3210029374662,0.043691731652266,-0.0460013102207532));
#7341=CARTESIAN_POINT('',(1.32100292748524,0.0437555814877902,-0.0459409375203367));
#7342=CARTESIAN_POINT('',(1.32100291749607,0.0438193060137923,-0.0458804322929353));
#7343=CARTESIAN_POINT('',(1.32100290749879,0.0438829046814486,-0.045819795060775));
#7344=CARTESIAN_POINT('',(1.32100289751024,0.0439464478483053,-0.0457592107450514));
#7345=CARTESIAN_POINT('',(1.32100288751358,0.0440098653763197,-0.0456984946541424));
#7346=CARTESIAN_POINT('',(1.3210028775089,0.0440731567202744,-0.0456376473111771));
#7347=CARTESIAN_POINT('',(1.32100286751304,0.0441363923118816,-0.0455768535676774));
#7348=CARTESIAN_POINT('',(1.32100285750916,0.0441995019415646,-0.0455159288025335));
#7349=CARTESIAN_POINT('',(1.32100284749738,0.0442624850677185,-0.0454548735397449));
#7350=CARTESIAN_POINT('',(1.32100283749451,0.0443254121972303,-0.0453938725595858));
#7351=CARTESIAN_POINT('',(1.32100282748371,0.0443882130479742,-0.0453327413129991));
#7352=CARTESIAN_POINT('',(1.32100281746511,0.0444508870819625,-0.0452714803248232));
#7353=CARTESIAN_POINT('',(1.32100280745549,0.0445135048822602,-0.0452102743024958));
#7354=CARTESIAN_POINT('',(1.32100279743808,0.0445759960931832,-0.045148938770568));
#7355=CARTESIAN_POINT('',(1.32100278741294,0.0446383601803659,-0.0450874742546843));
#7356=CARTESIAN_POINT('',(1.32100277739688,0.0447006678040508,-0.0450260653878401));
#7357=CARTESIAN_POINT('',(1.32100276737312,0.044762848533989,-0.0449645277697673));
#7358=CARTESIAN_POINT('',(1.32100275734173,0.0448249018394419,-0.0449028619268849));
#7359=CARTESIAN_POINT('',(1.32100274731951,0.0448868984588211,-0.0448412524161267));
#7360=CARTESIAN_POINT('',(1.32100273728969,0.0449487678863138,-0.0447795149139909));
#7361=CARTESIAN_POINT('',(1.32100272725235,0.0450105095948124,-0.0447176499476394));
#7362=CARTESIAN_POINT('',(1.32100271722426,0.0450721944018819,-0.0446558419963119));
#7363=CARTESIAN_POINT('',(1.32100270718866,0.0451337517251539,-0.0445939068148727));
#7364=CARTESIAN_POINT('',(1.32100269714565,0.0451951810411557,-0.044531844931194));
#7365=CARTESIAN_POINT('',(1.32100268711198,0.0452565532475854,-0.0444698407451724));
#7366=CARTESIAN_POINT('',(1.32100267707089,0.0453177976845313,-0.0444077100916545));
#7367=CARTESIAN_POINT('',(1.32100266702248,0.0453789138321588,-0.0443454534991912));
#7368=CARTESIAN_POINT('',(1.3210026569835,0.045439972669271,-0.0442832552866739));
#7369=CARTESIAN_POINT('',(1.32100264693721,0.0455009034574324,-0.0442209313705606));
#7370=CARTESIAN_POINT('',(1.3210026368837,0.0455617056804501,-0.0441584822800495));
#7371=CARTESIAN_POINT('',(1.3210026268397,0.0456224503991946,-0.0440960922513519));
#7372=CARTESIAN_POINT('',(1.32100261678849,0.0456830667957357,-0.0440335772841792));
#7373=CARTESIAN_POINT('',(1.32100260673016,0.0457435543575239,-0.0439709379083453));
#7374=CARTESIAN_POINT('',(1.32100259668142,0.045803984228456,-0.0439083582756902));
#7375=CARTESIAN_POINT('',(1.32100258662556,0.0458642855101394,-0.0438456544708372));
#7376=CARTESIAN_POINT('',(1.3210025765627,0.0459244576936709,-0.0437828270241846));
#7377=CARTESIAN_POINT('',(1.3210025665095,0.0459845720069211,-0.0437200600014985));
#7378=CARTESIAN_POINT('',(1.32100255644929,0.0460445574700775,-0.0436571695739844));
#7379=CARTESIAN_POINT('',(1.32100254638216,0.0461044135778853,-0.0435941562725932));
#7380=CARTESIAN_POINT('',(1.3210025363248,0.0461642116431294,-0.0435312040753013));
#7381=CARTESIAN_POINT('',(1.32100252626051,0.0462238806036272,-0.0434681292415798));
#7382=CARTESIAN_POINT('',(1.3210025161894,0.0462834199577738,-0.0434049323029012));
#7383=CARTESIAN_POINT('',(1.32100250612814,0.0463429011042015,-0.0433417971477219));
#7384=CARTESIAN_POINT('',(1.32100249606005,0.0464022528974143,-0.0432785401254768));
#7385=CARTESIAN_POINT('',(1.32100248598525,0.0464614748394582,-0.0432151617681287));
#7386=CARTESIAN_POINT('',(1.32100247592037,0.0465206384157349,-0.0431518458728736));
#7387=CARTESIAN_POINT('',(1.32100246584877,0.0465796723965029,-0.0430884088808186));
#7388=CARTESIAN_POINT('',(1.32100245577054,0.0466385762874598,-0.0430248513243859));
#7389=CARTESIAN_POINT('',(1.32100244570233,0.0466974216616928,-0.0429613569077547));
#7390=CARTESIAN_POINT('',(1.32100243562749,0.0467561372042877,-0.0428977421654289));
#7391=CARTESIAN_POINT('',(1.32100242554612,0.0468147224245942,-0.0428340076302589));
#7392=CARTESIAN_POINT('',(1.32100241547484,0.0468732489842905,-0.0427703369116405));
#7393=CARTESIAN_POINT('',(1.32100240539704,0.0469316454823731,-0.0427065466392094));
#7394=CARTESIAN_POINT('',(1.3210023953128,0.0469899114318444,-0.0426426373462137));
#7395=CARTESIAN_POINT('',(1.32100238523874,0.0470481185838684,-0.042578792545487));
#7396=CARTESIAN_POINT('',(1.32100237515826,0.0471061954504457,-0.0425148289635436));
#7397=CARTESIAN_POINT('',(1.32100236507143,0.0471641415482308,-0.0424507471339989));
#7398=CARTESIAN_POINT('',(1.32100235499486,0.0472220287187603,-0.0423867304713331));
#7399=CARTESIAN_POINT('',(1.32100234491197,0.0472797853861406,-0.0423225958006993));
#7400=CARTESIAN_POINT('',(1.32100233482282,0.0473374110706775,-0.042258343656049));
#7401=CARTESIAN_POINT('',(1.32100232474402,0.0473949777051578,-0.042194157351706));
#7402=CARTESIAN_POINT('',(1.32100231465899,0.0474524136249038,-0.042129853813234));
#7403=CARTESIAN_POINT('',(1.32100230456781,0.0475097183538722,-0.0420654335748909));
#7404=CARTESIAN_POINT('',(1.32100229448704,0.0475669639169642,-0.0420010798490315));
#7405=CARTESIAN_POINT('',(1.32100228440015,0.0476240785598412,-0.0419366096634113));
#7406=CARTESIAN_POINT('',(1.3210022743072,0.0476810618101092,-0.0418720235525642));
#7407=CARTESIAN_POINT('',(1.32100226422475,0.0477379857856414,-0.0418075046250496));
#7408=CARTESIAN_POINT('',(1.32100225413626,0.0477947786415678,-0.0417428700126108));
#7409=CARTESIAN_POINT('',(1.32100224404182,0.0478514399091426,-0.0416781202500274));
#7410=CARTESIAN_POINT('',(1.32100223395795,0.0479080418000559,-0.0416134383402277));
#7411=CARTESIAN_POINT('',(1.32100222386814,0.047964512378048,-0.0415486415207477));
#7412=CARTESIAN_POINT('',(1.32100221377247,0.0480208511780189,-0.0414837303265829));
#7413=CARTESIAN_POINT('',(1.32100220368746,0.0480771305063094,-0.0414188876531853));
#7414=CARTESIAN_POINT('',(1.3210021935966,0.0481332783344235,-0.0413539308456985));
#7415=CARTESIAN_POINT('',(1.32100218349997,0.0481892942009046,-0.0412888604393043));
#7416=CARTESIAN_POINT('',(1.32100217341408,0.048245250507569,-0.0412238592201195));
#7417=CARTESIAN_POINT('',(1.32100216332244,0.0483010751328452,-0.0411587446427238));
#7418=CARTESIAN_POINT('',(1.32100215322513,0.0483567676189183,-0.0410935172424553));
#7419=CARTESIAN_POINT('',(1.32100214313864,0.0484124004638915,-0.0410283596942291));
#7420=CARTESIAN_POINT('',(1.32100213304649,0.0484679014522924,-0.0409630895638978));
#7421=CARTESIAN_POINT('',(1.32100212294875,0.048523270129944,-0.0408977073869262));
#7422=CARTESIAN_POINT('',(1.32100211286191,0.0485785790920366,-0.0408323957251525));
#7423=CARTESIAN_POINT('',(1.32100210276951,0.0486337560283826,-0.0407669722575474));
#7424=CARTESIAN_POINT('',(1.32100209267163,0.0486888004884399,-0.0407014375196737));
#7425=CARTESIAN_POINT('',(1.32100208258471,0.0487437851652759,-0.0406359739584039));
#7426=CARTESIAN_POINT('',(1.32100207249233,0.0487986376531833,-0.040570399367686));
#7427=CARTESIAN_POINT('',(1.32100206239456,0.048853357505251,-0.0405047142831511));
#7428=CARTESIAN_POINT('',(1.32100205230784,0.048908017513201,-0.0404391010348107));
#7429=CARTESIAN_POINT('',(1.32100204221574,0.0489625451750134,-0.0403733775334559));
#7430=CARTESIAN_POINT('',(1.32100203211834,0.049016940047405,-0.0403075443147577));
#7431=CARTESIAN_POINT('',(1.32100202202915,0.049071290782215,-0.0402417645150478));
#7432=CARTESIAN_POINT('',(1.32100201193466,0.049125508942756,-0.0401758751752299));
#7433=CARTESIAN_POINT('',(1.32100200183498,0.0491795940889855,-0.0401098768314524));
#7434=CARTESIAN_POINT('',(1.32100199174436,0.049233630712053,-0.0400439376989103));
#7435=CARTESIAN_POINT('',(1.32100198164854,0.049287534559107,-0.0399778897571608));
#7436=CARTESIAN_POINT('',(1.32100197154762,0.0493413051934505,-0.0399117335426754));
#7437=CARTESIAN_POINT('',(1.32100196146304,0.0493949888210682,-0.0398456843761294));
#7438=CARTESIAN_POINT('',(1.32100195137336,0.0494485396664606,-0.0397795272862113));
#7439=CARTESIAN_POINT('',(1.32100194127868,0.0495019572972028,-0.0397132628085382));
#7440=CARTESIAN_POINT('',(1.32100193119534,0.0495553149072413,-0.0396470727864432));
#7441=CARTESIAN_POINT('',(1.32100192110699,0.0496085396015471,-0.0395807756170355));
#7442=CARTESIAN_POINT('',(1.32100191101373,0.0496616309513041,-0.0395143718358575));
#7443=CARTESIAN_POINT('',(1.32100190093188,0.0497146622528136,-0.0394480431597712));
#7444=CARTESIAN_POINT('',(1.32100189084512,0.0497675605109551,-0.0393816081121955));
#7445=CARTESIAN_POINT('',(1.32100188075354,0.0498203253005153,-0.0393150672285703));
#7446=CARTESIAN_POINT('',(1.32100187067345,0.0498730300208541,-0.0392486020973381));
#7447=CARTESIAN_POINT('',(1.32100186058853,0.0499256015760394,-0.0391820313701481));
#7448=CARTESIAN_POINT('',(1.32100185049889,0.0499780395444554,-0.0391153555823094));
#7449=CARTESIAN_POINT('',(1.32100184041877,0.0500304279733799,-0.0390487427847949));
#7450=CARTESIAN_POINT('',(1.32100183033393,0.0500826830675254,-0.0389820251242991));
#7451=CARTESIAN_POINT('',(1.32100182024444,0.0501348044086157,-0.0389152031362964));
#7452=CARTESIAN_POINT('',(1.32100181016267,0.0501868859144168,-0.0388484322189907));
#7453=CARTESIAN_POINT('',(1.32100180007626,0.0502388338712315,-0.0387815571328417));
#7454=CARTESIAN_POINT('',(1.32100178998528,0.0502906478638864,-0.0387145784137638));
#7455=CARTESIAN_POINT('',(1.32100177991198,0.0503423711271923,-0.0386477169783628));
#7456=CARTESIAN_POINT('',(1.32100176983414,0.0503939608947783,-0.0385807522719057));
#7457=CARTESIAN_POINT('',(1.32100175975183,0.0504454167557865,-0.038513684829144));
#7458=CARTESIAN_POINT('',(1.32100174968028,0.0504968177018209,-0.0384466889624243));
#7459=CARTESIAN_POINT('',(1.32100173960429,0.0505480850266275,-0.0383795905778245));
#7460=CARTESIAN_POINT('',(1.32100172952392,0.0505992183227977,-0.0383123902100179));
#7461=CARTESIAN_POINT('',(1.32100171944945,0.0506503217078146,-0.0382452291520282));
#7462=CARTESIAN_POINT('',(1.32100170937061,0.050701291220632,-0.0381779662293652));
#7463=CARTESIAN_POINT('',(1.32100169928748,0.0507521264566906,-0.0381106019773826));
#7464=CARTESIAN_POINT('',(1.32100168922325,0.0508028664595336,-0.0380433639235812));
#7465=CARTESIAN_POINT('',(1.32100167915474,0.0508534726879212,-0.0379760249190173));
#7466=CARTESIAN_POINT('',(1.32100166908204,0.050903944741691,-0.0379085854976407));
#7467=CARTESIAN_POINT('',(1.32100165902133,0.0509543567603072,-0.0378412262936462));
#7468=CARTESIAN_POINT('',(1.32100164895644,0.051004634925085,-0.0377737669124056));
#7469=CARTESIAN_POINT('',(1.32100163888743,0.0510547788330906,-0.0377062078828574));
#7470=CARTESIAN_POINT('',(1.32100162882251,0.0511049024141782,-0.0376386762398235));
#7471=CARTESIAN_POINT('',(1.3210016187535,0.0511548918554032,-0.0375710450347642));
#7472=CARTESIAN_POINT('',(1.32100160868047,0.0512047467564407,-0.0375033147975412));
#7473=CARTESIAN_POINT('',(1.32100159862754,0.0512545021763488,-0.0374357197101301));
#7474=CARTESIAN_POINT('',(1.3210015885706,0.0513041235942148,-0.0373680259861989));
#7475=CARTESIAN_POINT('',(1.32100157850974,0.051353610620502,-0.0373002341586573));
#7476=CARTESIAN_POINT('',(1.32100156846107,0.0514030377210422,-0.0372325244228518));
#7477=CARTESIAN_POINT('',(1.32100155840847,0.0514523307549372,-0.0371647168201486));
#7478=CARTESIAN_POINT('',(1.32100154835205,0.0515014893361745,-0.0370968118830583));
#7479=CARTESIAN_POINT('',(1.32100153829992,0.0515506269375315,-0.0370289359264109));
#7480=CARTESIAN_POINT('',(1.32100152824395,0.0515996301990841,-0.0369609627166026));
#7481=CARTESIAN_POINT('',(1.32100151818424,0.0516484987420151,-0.0368928927902801));
#7482=CARTESIAN_POINT('',(1.32100150814481,0.051697268731543,-0.0368249601408741));
#7483=CARTESIAN_POINT('',(1.32100149810164,0.0517459045388156,-0.036756931159542));
#7484=CARTESIAN_POINT('',(1.32100148805481,0.051794405789425,-0.0366888063812081));
#7485=CARTESIAN_POINT('',(1.32100147802036,0.0518428472789855,-0.0366207655431472));
#7486=CARTESIAN_POINT('',(1.32100146798226,0.0518911545413785,-0.0365526291421844));
#7487=CARTESIAN_POINT('',(1.32100145794059,0.051939327201113,-0.0364843977094805));
#7488=CARTESIAN_POINT('',(1.32100144790425,0.0519874742730649,-0.0364162025191403));
#7489=CARTESIAN_POINT('',(1.32100143786434,0.052035486884941,-0.0363479123972532));
#7490=CARTESIAN_POINT('',(1.32100142782095,0.0520833646639463,-0.0362795278756093));
#7491=CARTESIAN_POINT('',(1.32100141779634,0.0521311528461549,-0.0362112713263613));
#7492=CARTESIAN_POINT('',(1.32100140776826,0.0521788066992857,-0.0361429207296062));
#7493=CARTESIAN_POINT('',(1.32100139773678,0.0522263258547233,-0.0360744766156123));
#7494=CARTESIAN_POINT('',(1.32100138771871,0.0522737815033612,-0.0360061239735016));
#7495=CARTESIAN_POINT('',(1.32100137769725,0.0523211028137148,-0.0359376780632159));
#7496=CARTESIAN_POINT('',(1.32100136767247,0.0523682894207278,-0.0358691394143408));
#7497=CARTESIAN_POINT('',(1.32100135765423,0.0524154452340745,-0.0358006454933328));
#7498=CARTESIAN_POINT('',(1.32100134763268,0.0524624665194473,-0.035732058954007));
#7499=CARTESIAN_POINT('',(1.32100133760791,0.0525093529145875,-0.0356633803263411));
#7500=CARTESIAN_POINT('',(1.3210013276001,0.0525561600168028,-0.0355948178459977));
#7501=CARTESIAN_POINT('',(1.32100131758905,0.0526028326842505,-0.0355261635877972));
#7502=CARTESIAN_POINT('',(1.32100130757486,0.052649370558583,-0.0354574180804449));
#7503=CARTESIAN_POINT('',(1.32100129757527,0.0526958405909939,-0.0353887727888283));
#7504=CARTESIAN_POINT('',(1.32100128757255,0.052742176222601,-0.0353200365131821));
#7505=CARTESIAN_POINT('',(1.32100127756677,0.0527883770986903,-0.0352512097812979));
#7506=CARTESIAN_POINT('',(1.32100126756873,0.0528345422264729,-0.035182436304662));
#7507=CARTESIAN_POINT('',(1.32100125756764,0.0528805728067881,-0.0351135725109909));
#7508=CARTESIAN_POINT('',(1.32100124756357,0.0529264684878124,-0.0350446189282343));
#7509=CARTESIAN_POINT('',(1.32100123757461,0.0529722948346447,-0.0349757695130342));
#7510=CARTESIAN_POINT('',(1.32100122758269,0.0530179866890498,-0.0349068305791071));
#7511=CARTESIAN_POINT('',(1.32100121758787,0.0530635437028574,-0.0348378026533799));
#7512=CARTESIAN_POINT('',(1.32100120760883,0.053109028789719,-0.0347688837112642));
#7513=CARTESIAN_POINT('',(1.32100119762692,0.0531543794610136,-0.0346998760574119));
#7514=CARTESIAN_POINT('',(1.3210011876422,0.0531995953722705,-0.0346307802176076));
#7515=CARTESIAN_POINT('',(1.32100117766641,0.0532447708306158,-0.0345617461951552));
#7516=CARTESIAN_POINT('',(1.3210011676878,0.0532898117695236,-0.0344926241437533));
#7517=CARTESIAN_POINT('',(1.3210011577065,0.0533347178474979,-0.0344234145891129));
#7518=CARTESIAN_POINT('',(1.32100114773846,0.0533795642038848,-0.0343542970777915));
#7519=CARTESIAN_POINT('',(1.32100113776769,0.0534242760573823,-0.0342850922951034));
#7520=CARTESIAN_POINT('',(1.32100112779429,0.0534688530698999,-0.0342158007659866));
#7521=CARTESIAN_POINT('',(1.32100111783031,0.0535133879346238,-0.0341465747523657));
#7522=CARTESIAN_POINT('',(1.3210011078637,0.0535577882119262,-0.0340772621550018));
#7523=CARTESIAN_POINT('',(1.32100109789453,0.053602053569343,-0.0340078635003286));
#7524=CARTESIAN_POINT('',(1.32100108794376,0.053646237215139,-0.0339385929520773));
#7525=CARTESIAN_POINT('',(1.32100107799043,0.0536902864347719,-0.0338692366609965));
#7526=CARTESIAN_POINT('',(1.32100106803462,0.0537342008996596,-0.0337997951519087));
#7527=CARTESIAN_POINT('',(1.32100105808839,0.0537780731740757,-0.0337304203581964));
#7528=CARTESIAN_POINT('',(1.32100104813968,0.0538218109512369,-0.0336609605088739));
#7529=CARTESIAN_POINT('',(1.32100103818857,0.0538654139029217,-0.0335914161268625));
#7530=CARTESIAN_POINT('',(1.32100102825668,0.0539089325902623,-0.0335220061419854));
#7531=CARTESIAN_POINT('',(1.32100101832242,0.0539523169722879,-0.0334525119501192));
#7532=CARTESIAN_POINT('',(1.32100100838583,0.0539955667246962,-0.0333829340724207));
#7533=CARTESIAN_POINT('',(1.32100099846165,0.0540387624980507,-0.0333134430333234));
#7534=CARTESIAN_POINT('',(1.32100098853517,0.0540818239771836,-0.0332438685164484));
#7535=CARTESIAN_POINT('',(1.32100097860644,0.0541247508410194,-0.0331742110422502));
#7536=CARTESIAN_POINT('',(1.32100096868508,0.0541676458295856,-0.0331046052920908));
#7537=CARTESIAN_POINT('',(1.3210009587615,0.0542104064022402,-0.0330349167070552));
#7538=CARTESIAN_POINT('',(1.32100094883576,0.0542530322406338,-0.0329651458076737));
#7539=CARTESIAN_POINT('',(1.32100093892602,0.0542955893620386,-0.0328954873857541));
#7540=CARTESIAN_POINT('',(1.32100092901413,0.0543380121827808,-0.0328257469139681));
#7541=CARTESIAN_POINT('',(1.32100091910016,0.0543803003880533,-0.0327559249115524));
#7542=CARTESIAN_POINT('',(1.32100090920058,0.0544225271924925,-0.0326862042879753));
#7543=CARTESIAN_POINT('',(1.32100089929894,0.0544646197716248,-0.0326164023696532));
#7544=CARTESIAN_POINT('',(1.3210008893953,0.0545065778140103,-0.0325465196747694));
#7545=CARTESIAN_POINT('',(1.32100087950086,0.0545484968790867,-0.0324767018980571));
#7546=CARTESIAN_POINT('',(1.32100086960441,0.0545902816547498,-0.0324068034928768));
#7547=CARTESIAN_POINT('',(1.32100085970606,0.0546319318385331,-0.0323368249807987));
#7548=CARTESIAN_POINT('',(1.32100084982684,0.0546735015163873,-0.0322669817306718));
#7549=CARTESIAN_POINT('',(1.3210008399457,0.0547149371135638,-0.0321970586774923));
#7550=CARTESIAN_POINT('',(1.32100083006272,0.0547562383313559,-0.0321270563410028));
#7551=CARTESIAN_POINT('',(1.3210008201901,0.0547974962861467,-0.0320571273319196));
#7552=CARTESIAN_POINT('',(1.32100081031563,0.05483862014042,-0.0319871192036345));
#7553=CARTESIAN_POINT('',(1.32100080043941,0.0548796095923038,-0.0319170324718013));
#7554=CARTESIAN_POINT('',(1.32100079057676,0.0549205427178931,-0.0318470420507436));
#7555=CARTESIAN_POINT('',(1.32100078071234,0.0549613418097366,-0.0317769732413252));
#7556=CARTESIAN_POINT('',(1.32100077084625,0.055002006569179,-0.0317068265582263));
#7557=CARTESIAN_POINT('',(1.32100076099731,0.0550426006076769,-0.0316368018687097));
#7558=CARTESIAN_POINT('',(1.32100075114668,0.0550830607817149,-0.0315666995763679));
#7559=CARTESIAN_POINT('',(1.32100074129445,0.0551233867913685,-0.0314965201915828));
#7560=CARTESIAN_POINT('',(1.32100073145063,0.055163678372817,-0.0314264007222287));
#7561=CARTESIAN_POINT('',(1.32100072160521,0.0552038360247521,-0.0313562042949867));
#7562=CARTESIAN_POINT('',(1.32100071175825,0.0552438594499684,-0.031285931420049));
#7563=CARTESIAN_POINT('',(1.3210007019292,0.0552838100761426,-0.0312157863652056));
#7564=CARTESIAN_POINT('',(1.32100069209863,0.0553236269645384,-0.0311455651407451));
#7565=CARTESIAN_POINT('',(1.32100068226659,0.0553633098262824,-0.0310752682579235));
#7566=CARTESIAN_POINT('',(1.32100067244779,0.0554029392232895,-0.0310050660861227));
#7567=CARTESIAN_POINT('',(1.32100066262756,0.0554424349540466,-0.0309347884590097));
#7568=CARTESIAN_POINT('',(1.32100065280593,0.0554817967327918,-0.0308644358868701));
#7569=CARTESIAN_POINT('',(1.32100064299546,0.0555211138183214,-0.0307941631963512));
#7570=CARTESIAN_POINT('',(1.32100063318361,0.0555602972553497,-0.030723815730221));
#7571=CARTESIAN_POINT('',(1.32100062337045,0.0555993467610275,-0.0306533939981096));
#7572=CARTESIAN_POINT('',(1.321000613576,0.0556383218539059,-0.0305831064617615));
#7573=CARTESIAN_POINT('',(1.32100060378024,0.0556771635248752,-0.030512744941528));
#7574=CARTESIAN_POINT('',(1.32100059398324,0.0557158714946321,-0.0304423099451979));
#7575=CARTESIAN_POINT('',(1.32100058419624,0.0557545399811224,-0.0303719467946336));
#7576=CARTESIAN_POINT('',(1.32100057440801,0.0557930750385026,-0.0303015103171165));
#7577=CARTESIAN_POINT('',(1.32100056461862,0.0558314763902479,-0.0302310010199362));
#7578=CARTESIAN_POINT('',(1.3210005548447,0.0558698170732903,-0.0301606031174701));
#7579=CARTESIAN_POINT('',(1.32100054506962,0.0559080244723161,-0.0300901326245766));
#7580=CARTESIAN_POINT('',(1.32100053529345,0.0559460983140275,-0.0300195900471849));
#7581=CARTESIAN_POINT('',(1.3210005255334,0.0559841093932373,-0.0299491637551068));
#7582=CARTESIAN_POINT('',(1.32100051577226,0.0560219873545684,-0.0298786656153196));
#7583=CARTESIAN_POINT('',(1.32100050601013,0.0560597319279821,-0.0298080961322809));
#7584=CARTESIAN_POINT('',(1.32100049625728,0.0560974406051761,-0.029737593762934));
#7585=CARTESIAN_POINT('',(1.32100048650339,0.0561350161475154,-0.0296670201853034));
#7586=CARTESIAN_POINT('',(1.32100047674858,0.0561724582876355,-0.0295963759034227));
#7587=CARTESIAN_POINT('',(1.3210004670129,0.056209826998908,-0.0295258701640556));
#7588=CARTESIAN_POINT('',(1.32100045727629,0.0562470628301544,-0.0294552939968236));
#7589=CARTESIAN_POINT('',(1.3210004475388,0.0562841655174767,-0.0293846479038014));
#7590=CARTESIAN_POINT('',(1.32100043781339,0.0563212221696006,-0.0293140894649935));
#7591=CARTESIAN_POINT('',(1.32100042808712,0.0563581460074556,-0.0292434612731478));
#7592=CARTESIAN_POINT('',(1.32100041836006,0.0563949367700134,-0.0291727638294598));
#7593=CARTESIAN_POINT('',(1.32100040864602,0.056431678232488,-0.029102161121233));
#7594=CARTESIAN_POINT('',(1.3210003989312,0.0564682869755316,-0.0290314893459783));
#7595=CARTESIAN_POINT('',(1.32100038921564,0.0565047627410464,-0.0289607490038543));
#7596=CARTESIAN_POINT('',(1.32100037951832,0.056541170063245,-0.0288901413992763));
#7597=CARTESIAN_POINT('',(1.32100036982027,0.0565774449059417,-0.0288194654842513));
#7598=CARTESIAN_POINT('',(1.32100036012157,0.0566135870143633,-0.0287487217570895));
#7599=CARTESIAN_POINT('',(1.32100035043248,0.0566496933173455,-0.0286780481146665));
#7600=CARTESIAN_POINT('',(1.32100034074273,0.0566856671483688,-0.0286073067937487));
#7601=CARTESIAN_POINT('',(1.32100033105239,0.0567215082552832,-0.0285364982921158));
#7602=CARTESIAN_POINT('',(1.32100032137934,0.0567572854351014,-0.0284658160863007));
#7603=CARTESIAN_POINT('',(1.32100031170571,0.0567929303632967,-0.0283950669385585));
#7604=CARTESIAN_POINT('',(1.32100030203156,0.0568284427909259,-0.0283242513449474));
#7605=CARTESIAN_POINT('',(1.32100029237232,0.0568639005029843,-0.0282535448600591));
#7606=CARTESIAN_POINT('',(1.32100028271256,0.0568992261219047,-0.0281827721332506));
#7607=CARTESIAN_POINT('',(1.32100027305235,0.0569344194017435,-0.028111933659214));
#7608=CARTESIAN_POINT('',(1.32100026340281,0.0569695738391062,-0.0280411733689033));
#7609=CARTESIAN_POINT('',(1.32100025375281,0.057004596228789,-0.0279703474757707));
#7610=CARTESIAN_POINT('',(1.32100024410245,0.057039486327507,-0.0278994564737847));
#7611=CARTESIAN_POINT('',(1.3210002344717,0.05707430551893,-0.0278287095438812));
#7612=CARTESIAN_POINT('',(1.32100022484057,0.0571089929559896,-0.0277578977688582));
#7613=CARTESIAN_POINT('',(1.32100021520912,0.0571435483987173,-0.027687021640578));
#7614=CARTESIAN_POINT('',(1.32100020558884,0.0571780637793657,-0.0276162276830021));
#7615=CARTESIAN_POINT('',(1.32100019596826,0.0572124474709944,-0.0275453695206626));
#7616=CARTESIAN_POINT('',(1.32100018634743,0.0572466992362965,-0.0274744476446));
#7617=CARTESIAN_POINT('',(1.32100017674144,0.0572808981632824,-0.0274036351758185));
#7618=CARTESIAN_POINT('',(1.32100016713521,0.0573149655700886,-0.0273327591891044));
#7619=CARTESIAN_POINT('',(1.3210001575288,0.0573489012223264,-0.0272618201741049));
#7620=CARTESIAN_POINT('',(1.32100014793361,0.0573827972664307,-0.0271909639558631));
#7621=CARTESIAN_POINT('',(1.32100013833824,0.0574165618627682,-0.0271200448557465));
#7622=CARTESIAN_POINT('',(1.32100012874276,0.0574501947795859,-0.0270490633625544));
#7623=CARTESIAN_POINT('',(1.32100011916193,0.0574837763549959,-0.0269781902242158));
#7624=CARTESIAN_POINT('',(1.32100010958098,0.0575172221208259,-0.0269072527558577));
#7625=CARTESIAN_POINT('',(1.3210001,0.057550545441787,-0.026836257824876));
#7626=CARTESIAN_POINT('',(1.12983331093066,-0.06323391536218,-0.0050799995538383));
#7627=CARTESIAN_POINT('',(1.27,-0.0632254416266364,-0.00507999903584888));
#7628=CARTESIAN_POINT('',(1.12983331093066,-0.0632339154047305,-0.00507999903560797));
#7629=VECTOR('',#8212,0.01);
#7630=CARTESIAN_POINT('',(1.27,-0.0632464995809137,0.00508000262762491));
#7631=AXIS2_PLACEMENT_3D('',#8213,#8214,#8215);
#7632=CARTESIAN_POINT('',(1.12985191841488,-0.0632524806891894,0.00508000313346798));
#7633=CARTESIAN_POINT('',(1.12985191841489,-0.0632524807288484,0.00508000262779475));
#7634=VECTOR('',#8216,0.01);
#7635=CARTESIAN_POINT('',(1.09956184968948,-0.0634419798500254,0.00101600190747059));
#7636=AXIS2_PLACEMENT_3D('',#8217,#8218,#8219);
#7637=CARTESIAN_POINT('',(1.0995582481378,-0.0634383859213069,-0.00101599837978829));
#7638=AXIS2_PLACEMENT_3D('',#8220,#8221,#8222);
#7639=AXIS2_PLACEMENT_3D('',#8223,#8224,#8225);
#7640=CARTESIAN_POINT('',(1.12978232745854,0.00507999734406985,-0.0631830401552378));
#7641=CARTESIAN_POINT('',(1.27,0.0050799973448929,-0.063168131716017));
#7642=CARTESIAN_POINT('',(1.12978232745898,0.00507999734406964,-0.0631830441822135));
#7643=CARTESIAN_POINT('',(1.17652155163925,0.00507999734434408,-0.0631780727265685));
#7644=CARTESIAN_POINT('',(1.22326077581959,0.00507999734461849,-0.063173101904509));
#7645=CARTESIAN_POINT('',(1.27,0.00507999734489284,-0.063168131716017));
#7646=CARTESIAN_POINT('',(1.27,-0.00508000431740975,-0.0631577481249585));
#7647=AXIS2_PLACEMENT_3D('',#8226,#8227,#8228);
#7648=CARTESIAN_POINT('',(1.12977308607462,-0.00508000431829672,-0.0631738187168268));
#7649=CARTESIAN_POINT('',(1.12977308607515,-0.00508000431829692,-0.0631738233093097));
#7650=CARTESIAN_POINT('',(1.17651539071669,-0.00508000431800117,-0.063168464280587));
#7651=CARTESIAN_POINT('',(1.22325769535831,-0.00508000431770544,-0.0631631058857977));
#7652=CARTESIAN_POINT('',(1.27,-0.00508000431740969,-0.0631577481249585));
#7653=CARTESIAN_POINT('',(1.09949603944561,-0.0010160036037675,-0.0633763173001619));
#7654=AXIS2_PLACEMENT_3D('',#8229,#8230,#8231);
#7655=CARTESIAN_POINT('',(1.09949783200368,0.00101599668329176,-0.0633781054277368));
#7656=AXIS2_PLACEMENT_3D('',#8232,#8233,#8234);
#7657=AXIS2_PLACEMENT_3D('',#8235,#8236,#8237);
#7658=CARTESIAN_POINT('',(0.321367221519284,-0.0031907870024191,-0.0618740546648778));
#7659=CARTESIAN_POINT('',(0.425,-0.00315300658603538,-0.0633805385908964));
#7660=CARTESIAN_POINT('',(0.292895487528934,-0.00323583452119486,-0.0600777969885901));
#7661=CARTESIAN_POINT('',(0.293873572278361,-0.0032339867232406,-0.0601514774342565));
#7662=CARTESIAN_POINT('',(0.294851750261549,-0.00323216974926829,-0.0602239287819479));
#7663=CARTESIAN_POINT('',(0.295830017224314,-0.00323038360809829,-0.060295150679951));
#7664=CARTESIAN_POINT('',(0.29664648644303,-0.0032288928807804,-0.0603545930301799));
#7665=CARTESIAN_POINT('',(0.297463016853661,-0.0032274236320645,-0.0604131789269396));
#7666=CARTESIAN_POINT('',(0.298279609049543,-0.00322597586165897,-0.06047090838186));
#7667=CARTESIAN_POINT('',(0.299007797662757,-0.00322468482565695,-0.0605223880946616));
#7668=CARTESIAN_POINT('',(0.299736034480455,-0.00322341087085063,-0.0605731866993842));
#7669=CARTESIAN_POINT('',(0.300464318180267,-0.0032221539988895,-0.060623304130258));
#7670=CARTESIAN_POINT('',(0.301483681790597,-0.003220394781238,-0.0606934524602139));
#7671=CARTESIAN_POINT('',(0.302503137355783,-0.0032186690304381,-0.0607622663084787));
#7672=CARTESIAN_POINT('',(0.30352268124834,-0.00321697675103634,-0.0608297454937579));
#7673=CARTESIAN_POINT('',(0.304902741933064,-0.00321468607155997,-0.0609210857208152));
#7674=CARTESIAN_POINT('',(0.306282964734261,-0.00321245671955958,-0.0610099805312878));
#7675=CARTESIAN_POINT('',(0.307663340646172,-0.00321028870640082,-0.0610964294719742));
#7676=CARTESIAN_POINT('',(0.30945238141699,-0.0032074788457685,-0.0612084719077682));
#7677=CARTESIAN_POINT('',(0.311241680025844,-0.00320477201829196,-0.06131640592423));
#7678=CARTESIAN_POINT('',(0.313031216824969,-0.00320216824900427,-0.0614202305231737));
#7679=CARTESIAN_POINT('',(0.315809333139334,-0.00319812610025353,-0.0615814101157359));
#7680=CARTESIAN_POINT('',(0.318588025985442,-0.00319433231957136,-0.0617326860984688));
#7681=CARTESIAN_POINT('',(0.321367221519283,-0.0031907870024191,-0.0618740546648778));
#7682=CARTESIAN_POINT('',(0.341188232833464,-0.003165502954194,-0.0628822492768446));
#7683=CARTESIAN_POINT('',(0.361035159008926,-0.00315285397791,-0.0633866237987904));
#7684=CARTESIAN_POINT('',(0.38092358481819,-0.00315288131515341,-0.0633855337335737));
#7685=CARTESIAN_POINT('',(0.380990978593068,-0.00315288150204998,-0.0633855262811202));
#7686=CARTESIAN_POINT('',(0.381009916707919,-0.00315288155469335,-0.0633855241819798));
#7687=CARTESIAN_POINT('',(0.381014243356174,-0.00315288156711874,-0.0633855236865194));
#7688=CARTESIAN_POINT('',(0.381482816987949,-0.0031528828992413,-0.0633854705684911));
#7689=CARTESIAN_POINT('',(0.381947063971469,-0.00315288421811667,-0.063385417941045));
#7690=CARTESIAN_POINT('',(0.383113099450351,-0.00315288753306552,-0.0633852857583527));
#7691=CARTESIAN_POINT('',(0.383814887945713,-0.00315288952913601,-0.0633852062032258));
#7692=CARTESIAN_POINT('',(0.387138914902608,-0.00315289897902466,-0.0633848293914614));
#7693=CARTESIAN_POINT('',(0.389761153364141,-0.00315290643368369,-0.0633845321389417));
#7694=CARTESIAN_POINT('',(0.403255594550415,-0.00315294479518775,-0.0633830024843013));
#7695=CARTESIAN_POINT('',(0.414127797275227,-0.00315297568636438,-0.0633817707069549));
#7696=CARTESIAN_POINT('',(0.425,-0.00315300658603538,-0.0633805385908964));
#7697=CARTESIAN_POINT('',(0.425001311607107,-0.00315300658976168,-0.0633805384423111));
#7698=CARTESIAN_POINT('',(0.425002623214214,-0.00315300659338163,-0.0633805382937312));
#7699=CARTESIAN_POINT('',(0.425004590624875,-0.00315300659897108,-0.0633805380708533));
#7700=CARTESIAN_POINT('',(0.425005246428428,-0.00315300660078103,-0.0633805379965634));
#7701=CARTESIAN_POINT('',(0.425006056276211,-0.00315300660308183,-0.0633805379048199));
#7702=CARTESIAN_POINT('',(0.425006726597737,-0.00315300660514642,-0.0633805378288498));
#7703=CARTESIAN_POINT('',(0.425059372925092,-0.00315300675478906,-0.0633805318618896));
#7704=CARTESIAN_POINT('',(0.429071217422623,-0.00315301815932736,-0.0633800771089955));
#7705=CARTESIAN_POINT('',(0.43423509369505,-0.00315303283869651,-0.0633794917731049));
#7706=CARTESIAN_POINT('',(0.439346477684351,-0.00315304736866024,-0.063378912394715));
#7707=CARTESIAN_POINT('',(0.444457861673654,-0.00315306189843857,-0.0633783330237185));
#7708=CARTESIAN_POINT('',(0.321368952093117,0.00319072368948715,-0.061875779190739));
#7709=AXIS2_PLACEMENT_3D('',#8238,#8239,#8240);
#7710=CARTESIAN_POINT('',(0.425,0.00315293341336817,-0.0633826367443123));
#7711=CARTESIAN_POINT('',(0.278156483209311,0.00326597116892474,-0.0588753450996801));
#7712=CARTESIAN_POINT('',(0.279602070008559,0.0032627790468077,-0.0590026284597922));
#7713=CARTESIAN_POINT('',(0.281047895497531,0.00325965433077217,-0.0591272240553919));
#7714=CARTESIAN_POINT('',(0.282493945916759,0.00325659704588042,-0.0592491308871402));
#7715=CARTESIAN_POINT('',(0.283733804711791,0.00325397569775068,-0.0593536550831902));
#7716=CARTESIAN_POINT('',(0.284973831417888,0.00325140391641374,-0.0594562028423411));
#7717=CARTESIAN_POINT('',(0.286214017367597,0.00324888171827192,-0.0595567735105641));
#7718=CARTESIAN_POINT('',(0.287265654079175,0.00324674297757708,-0.0596420541145219));
#7719=CARTESIAN_POINT('',(0.288317406860873,0.00324463988639244,-0.0597259132222836));
#7720=CARTESIAN_POINT('',(0.289369270427383,0.00324257245504067,-0.0598083504222425));
#7721=CARTESIAN_POINT('',(0.290395352477416,0.0032405556971005,-0.0598887670597476));
#7722=CARTESIAN_POINT('',(0.291421541302152,0.00323857286968653,-0.0599678307441931));
#7723=CARTESIAN_POINT('',(0.292447831992678,0.00323662398265656,-0.0600455410825066));
#7724=CARTESIAN_POINT('',(0.293735316311455,0.00323417909884995,-0.0601430289023895));
#7725=CARTESIAN_POINT('',(0.295022963326551,0.0032317876251058,-0.0602383870380173));
#7726=CARTESIAN_POINT('',(0.296310763335199,0.00322944958150355,-0.0603316146887373));
#7727=CARTESIAN_POINT('',(0.29788467858939,0.00322659208618919,-0.0604455550681403));
#7728=CARTESIAN_POINT('',(0.29945880169342,0.00322381443781433,-0.0605563116135977));
#7729=CARTESIAN_POINT('',(0.30103316509571,0.00322111657651958,-0.0606638867119561));
#7730=CARTESIAN_POINT('',(0.302898489465133,0.00321792011856642,-0.0607913429601255));
#7731=CARTESIAN_POINT('',(0.304764119729935,0.00321483571838566,-0.0609143309927087));
#7732=CARTESIAN_POINT('',(0.306630033660709,0.00321186340380586,-0.0610328497000626));
#7733=CARTESIAN_POINT('',(0.308763401420455,0.00320846504764817,-0.0611683564804265));
#7734=CARTESIAN_POINT('',(0.3108971411357,0.00320521321006185,-0.0612980209479346));
#7735=CARTESIAN_POINT('',(0.313031219504111,0.00320210793323361,-0.0614218414204246));
#7736=CARTESIAN_POINT('',(0.315809911546595,0.0031980646852723,-0.061583062754513));
#7737=CARTESIAN_POINT('',(0.318589180363773,0.00319426990567871,-0.0617343766077561));
#7738=CARTESIAN_POINT('',(0.321368952093117,0.00319072368948715,-0.0618757791907389));
#7739=CARTESIAN_POINT('',(0.337570588839054,0.00317005527304079,-0.062699916049241));
#7740=CARTESIAN_POINT('',(0.353789818663563,0.00315782895314027,-0.0631874309442501));
#7741=CARTESIAN_POINT('',(0.372558516672602,0.00315347686905193,-0.0633609668761298));
#7742=CARTESIAN_POINT('',(0.37510466503948,0.0031530949872075,-0.0633761941145388));
#7743=CARTESIAN_POINT('',(0.379709079199073,0.0031527816156466,-0.0633886895591905));
#7744=CARTESIAN_POINT('',(0.381522478894615,0.00315281544213995,-0.0633873407543028));
#7745=CARTESIAN_POINT('',(0.390701151930306,0.00315284035364654,-0.0633863474275599));
#7746=CARTESIAN_POINT('',(0.399468676451477,0.00315286414851012,-0.063385398626081));
#7747=CARTESIAN_POINT('',(0.412619964222814,0.00315289983165891,-0.0633839757885729));
#7748=CARTESIAN_POINT('',(0.417003727472958,0.00315291172451873,-0.0633835015701354));
#7749=CARTESIAN_POINT('',(0.422483432122416,0.00315292658785463,-0.0633829089063003));
#7750=CARTESIAN_POINT('',(0.423579373521719,0.00315292956038605,-0.0633827903789463));
#7751=CARTESIAN_POINT('',(0.424778059471207,0.00315293281143114,-0.0633826607460789));
#7752=CARTESIAN_POINT('',(0.424880804021391,0.00315293309093183,-0.0633826496346961));
#7753=CARTESIAN_POINT('',(0.42498903238105,0.00315293338446325,-0.0633826379303613));
#7754=CARTESIAN_POINT('',(0.424994516190525,0.00315293339937716,-0.0633826373373139));
#7755=CARTESIAN_POINT('',(0.425,0.00315293341336817,-0.0633826367443123));
#7756=CARTESIAN_POINT('',(0.425001296877275,0.00315293341688554,-0.0633826366040618));
#7757=CARTESIAN_POINT('',(0.425002593754551,0.0031529334204766,-0.0633826364638077));
#7758=CARTESIAN_POINT('',(0.425004525589289,0.00315293342571602,-0.0633826362548899));
#7759=CARTESIAN_POINT('',(0.425005217045001,0.00315293342645429,-0.063382636180181));
#7760=CARTESIAN_POINT('',(0.425037847995458,0.00315293351497136,-0.0633826326506324));
#7761=CARTESIAN_POINT('',(0.431092295675412,0.0031529499468486,-0.0633819774847768));
#7762=CARTESIAN_POINT('',(0.434637638602248,0.00315295956827421,-0.0633815938379939));
#7763=CARTESIAN_POINT('',(0.43815098553609,0.00315296910277663,-0.0633812136572055));
#7764=CARTESIAN_POINT('',(0.441664332469933,0.00315297863718722,-0.0633808334800781));
#7765=AXIS2_PLACEMENT_3D('',#8241,#8242,#8243);
#7766=CARTESIAN_POINT('',(0.321387799511502,-0.0618945467325473,0.00319027143497997));
#7767=CARTESIAN_POINT('',(0.425,-0.06340667236993,0.00315234949217311));
#7768=CARTESIAN_POINT('',(0.235090355090242,-0.0542913692993093,0.00338094822310216));
#7769=CARTESIAN_POINT('',(0.237975047168964,-0.0546535951137329,0.00337186411905807));
#7770=CARTESIAN_POINT('',(0.240861101316767,-0.055005052953828,0.00336305006037035));
#7771=CARTESIAN_POINT('',(0.243748418368046,-0.055345737115913,0.00335450619007916));
#7772=CARTESIAN_POINT('',(0.246273127961944,-0.055643636015559,0.0033470353128218));
#7773=CARTESIAN_POINT('',(0.248798815009686,-0.0559332987663085,0.00333977098636927));
#7774=CARTESIAN_POINT('',(0.251325415391806,-0.0562147215801468,0.00333271330571955));
#7775=CARTESIAN_POINT('',(0.25352932470112,-0.0564602017770394,0.00332655701436608));
#7776=CARTESIAN_POINT('',(0.255733918922916,-0.0566994113078733,0.00332055798232611));
#7777=CARTESIAN_POINT('',(0.257939189759065,-0.0569323513929526,0.00331471617899614));
#7778=CARTESIAN_POINT('',(0.259855618911531,-0.0571347814811332,0.00330963952264128));
#7779=CARTESIAN_POINT('',(0.261772553208643,-0.0573324762911219,0.00330468162027372));
#7780=CARTESIAN_POINT('',(0.263689959884432,-0.0575254338828746,0.00329984252054703));
#7781=CARTESIAN_POINT('',(0.26534716449506,-0.0576922061251673,0.00329566011183862));
#7782=CARTESIAN_POINT('',(0.267004728317913,-0.0578554402777647,0.00329156643334667));
#7783=CARTESIAN_POINT('',(0.268662630348901,-0.0580151350213424,0.00328756151815788));
#7784=CARTESIAN_POINT('',(0.270318711553388,-0.0581746543767391,0.0032835610014532));
#7785=CARTESIAN_POINT('',(0.271975135978123,-0.0583306426476391,0.00327964903928458));
#7786=CARTESIAN_POINT('',(0.273631882788446,-0.0584830984544621,0.00327582566624997));
#7787=CARTESIAN_POINT('',(0.275447414908072,-0.0586501658738083,0.00327163585492431));
#7788=CARTESIAN_POINT('',(0.277263341320919,-0.0588129919250185,0.00326755241102996));
#7789=CARTESIAN_POINT('',(0.279079634700649,-0.0589715746999738,0.00326357538241982));
#7790=CARTESIAN_POINT('',(0.281040918388368,-0.0591428167543379,0.00325928087723376));
#7791=CARTESIAN_POINT('',(0.283002638975754,-0.0593091118178021,0.00325511043548617));
#7792=CARTESIAN_POINT('',(0.284964762119765,-0.0594704573561387,0.00325106412073185));
#7793=CARTESIAN_POINT('',(0.287050601028792,-0.0596419760514293,0.00324676267778801));
#7794=CARTESIAN_POINT('',(0.289136905746446,-0.0598079022849799,0.0032426014857658));
#7795=CARTESIAN_POINT('',(0.291223635021305,-0.059968232836615,0.0032385806254226));
#7796=CARTESIAN_POINT('',(0.29340591579281,-0.0601359049367449,0.00323437564956991));
#7797=CARTESIAN_POINT('',(0.295588673504038,-0.060297458137829,0.00323032412693163));
#7798=CARTESIAN_POINT('',(0.297771860893472,-0.0604528885373649,0.00322642615537694));
#7799=CARTESIAN_POINT('',(0.300016951483813,-0.0606127260891663,0.00322241765876267));
#7800=CARTESIAN_POINT('',(0.302262493900622,-0.0607660884814,0.00321857154986589));
#7801=CARTESIAN_POINT('',(0.304508469547183,-0.0609129751561098,0.00321488784267932));
#7802=CARTESIAN_POINT('',(0.307354995609084,-0.0610991377925338,0.00321021915068924));
#7803=CARTESIAN_POINT('',(0.310202203909387,-0.0612748976889658,0.00320581134450208));
#7804=CARTESIAN_POINT('',(0.313050015363136,-0.0614402508647663,0.00320166452394656));
#7805=CARTESIAN_POINT('',(0.315828724163529,-0.0616015917162349,0.00319761832673216));
#7806=CARTESIAN_POINT('',(0.318608010162791,-0.0617530249332443,0.00319382059878382));
#7807=CARTESIAN_POINT('',(0.321387799511502,-0.0618945467325472,0.00319027143497997));
#7808=CARTESIAN_POINT('',(0.341126954128462,-0.0628994521029364,0.00316506984918611));
#7809=CARTESIAN_POINT('',(0.360891861644645,-0.0634047016791458,0.00315239891427275));
#7810=CARTESIAN_POINT('',(0.380758370826521,-0.0634087018336131,0.00315229859613438));
#7811=CARTESIAN_POINT('',(0.380833955326716,-0.0634087082508419,0.00315229843519904));
#7812=CARTESIAN_POINT('',(0.380971722570313,-0.0634087032349669,0.00315229856098999));
#7813=CARTESIAN_POINT('',(0.380995910163861,-0.0634087021555453,0.00315229858806033));
#7814=CARTESIAN_POINT('',(0.380999730036994,-0.0634087019891828,0.00315229859223247));
#7815=CARTESIAN_POINT('',(0.381004271505796,-0.0634087017895822,0.00315229859723814));
#7816=CARTESIAN_POINT('',(0.381005563798013,-0.0634087017299412,0.00315229859873385));
#7817=CARTESIAN_POINT('',(0.381006453985118,-0.063408701688858,0.00315229859976418));
#7818=CARTESIAN_POINT('',(0.381009132364726,-0.0634087015652473,0.00315229860286416));
#7819=CARTESIAN_POINT('',(0.381010920557229,-0.0634087014827191,0.00315229860494941));
#7820=CARTESIAN_POINT('',(0.381016296313507,-0.0634087012346209,0.00315229861117135));
#7821=CARTESIAN_POINT('',(0.381019883877283,-0.0634087010690446,0.00315229861543773));
#7822=CARTESIAN_POINT('',(0.381030776744099,-0.0634087005663246,0.00315229862804523));
#7823=CARTESIAN_POINT('',(0.381038082047141,-0.0634087002291267,0.00315229863749042));
#7824=CARTESIAN_POINT('',(0.381060539258808,-0.0634086991926971,0.00315229866348259));
#7825=CARTESIAN_POINT('',(0.381075691167435,-0.0634086984934719,0.00315229867989988));
#7826=CARTESIAN_POINT('',(0.381123488865701,-0.0634086962875461,0.00315229873522133));
#7827=CARTESIAN_POINT('',(0.38115613465534,-0.0634086947809006,0.00315229877300583));
#7828=CARTESIAN_POINT('',(0.381698196399736,-0.0634086697640502,0.00315229940039257));
#7829=CARTESIAN_POINT('',(0.382207612354491,-0.063408646253868,0.00315229998999424));
#7830=CARTESIAN_POINT('',(0.383712032621803,-0.0634085768231854,0.0031523017312162));
#7831=CARTESIAN_POINT('',(0.384707036934359,-0.0634085309028666,0.00315230288283195));
#7832=CARTESIAN_POINT('',(0.390061640063077,-0.063408283786251,0.00315230908016234));
#7833=CARTESIAN_POINT('',(0.394421238879239,-0.0634080826000973,0.00315231412562259));
#7834=CARTESIAN_POINT('',(0.407520558463592,-0.0634074782053454,0.00315232928297635));
#7835=CARTESIAN_POINT('',(0.416260279231809,-0.0634070755646932,0.00315233938062654));
#7836=CARTESIAN_POINT('',(0.425,-0.06340667236993,0.00315234949217311));
#7837=CARTESIAN_POINT('',(0.425000676264398,-0.0634066723387668,0.00315234949295461));
#7838=CARTESIAN_POINT('',(0.425001352528795,-0.0634066723069288,0.00315234950787823));
#7839=CARTESIAN_POINT('',(0.425059085246729,-0.0634066696444777,0.00315234957464868));
#7840=CARTESIAN_POINT('',(0.439704696386739,-0.0634059937636147,0.00315236651064647));
#7841=CARTESIAN_POINT('',(0.439761752840275,-0.0634059911305376,0.00315236657668026));
#7842=CARTESIAN_POINT('',(0.444566871684488,-0.0634057693808983,0.00315237213784326));
#7843=CARTESIAN_POINT('',(0.4493719905287,-0.0634055476328352,0.00315237769896672));
#7844=CARTESIAN_POINT('',(0.454177109372912,-0.0634053258863485,0.00315238326005065));
#7845=CARTESIAN_POINT('',(0.321384896683579,-0.0618916570518092,-0.00319032714700057));
#7846=AXIS2_PLACEMENT_3D('',#8244,#8245,#8246);
#7847=CARTESIAN_POINT('',(0.425,-0.0634029310012359,-0.00315242615320919));
#7848=CARTESIAN_POINT('',(0.304141932702835,-0.0608863211913126,-0.00321553980167607));
#7849=CARTESIAN_POINT('',(0.30476213320988,-0.0609270736600514,-0.00321451777713496));
#7850=CARTESIAN_POINT('',(0.305382366203654,-0.0609673322576997,-0.00321350813830668));
#7851=CARTESIAN_POINT('',(0.3060026308669,-0.0610070969430102,-0.00321251088622565));
#7852=CARTESIAN_POINT('',(0.306490449098778,-0.0610383705905817,-0.00321172657950026));
#7853=CARTESIAN_POINT('',(0.306978286935625,-0.0610693387387568,-0.00321094993434456));
#7854=CARTESIAN_POINT('',(0.307466143979637,-0.061100001367393,-0.00321018095126375));
#7855=CARTESIAN_POINT('',(0.308087218293386,-0.0611390369235498,-0.00320920198489429));
#7856=CARTESIAN_POINT('',(0.308708323763332,-0.0611775773266466,-0.00320823543638796));
#7857=CARTESIAN_POINT('',(0.309329459568112,-0.0612156225349564,-0.00320728130679121));
#7858=CARTESIAN_POINT('',(0.310568921062746,-0.0612915408291401,-0.00320537736422832));
#7859=CARTESIAN_POINT('',(0.311808503536772,-0.0613654873069306,-0.00320352287252833));
#7860=CARTESIAN_POINT('',(0.313048200454213,-0.0614374616343955,-0.00320171784006587));
#7861=CARTESIAN_POINT('',(0.315826546774732,-0.0615987668736604,-0.00319767249218291));
#7862=CARTESIAN_POINT('',(0.318605470144089,-0.0617501666205902,-0.00319387556253365));
#7863=CARTESIAN_POINT('',(0.321384896683578,-0.0618916570518091,-0.00319032714700171));
#7864=CARTESIAN_POINT('',(0.322505447911273,-0.0619487002127272,-0.00318889657083759));
#7865=CARTESIAN_POINT('',(0.323626087037209,-0.0620041330526387,-0.00318750637965345));
#7866=CARTESIAN_POINT('',(0.339555005852428,-0.0627691127020139,-0.00316832157933812));
#7867=CARTESIAN_POINT('',(0.354377084399318,-0.0631990483844917,-0.00315753929222303));
#7868=CARTESIAN_POINT('',(0.371752058386129,-0.0633725970252207,-0.00315318689406433));
#7869=CARTESIAN_POINT('',(0.374302666137263,-0.0633897295156386,-0.00315275723112166));
#7870=CARTESIAN_POINT('',(0.377902448515014,-0.0634021288529539,-0.00315244627015606));
#7871=CARTESIAN_POINT('',(0.378951603057891,-0.0634043303901322,-0.0031523910587068));
#7872=CARTESIAN_POINT('',(0.380263452102438,-0.0634053170023182,-0.00315236631562011));
#7873=CARTESIAN_POINT('',(0.380526146064783,-0.0634054260150424,-0.00315236358117228));
#7874=CARTESIAN_POINT('',(0.381176273685321,-0.0634054766377545,-0.0031523623116135));
#7875=CARTESIAN_POINT('',(0.381563707342718,-0.0634054134966509,-0.00315236389511009));
#7876=CARTESIAN_POINT('',(0.390715213096058,-0.0634048902478743,-0.00315237701758113));
#7877=CARTESIAN_POINT('',(0.399479285193135,-0.06340438916295,-0.00315238958420852));
#7878=CARTESIAN_POINT('',(0.412625399002787,-0.0634036378720532,-0.00315240842571083));
#7879=CARTESIAN_POINT('',(0.417007440715353,-0.0634033874976746,-0.0031524147048092));
#7880=CARTESIAN_POINT('',(0.422484998117367,-0.0634030746328069,-0.00315242255109637));
#7881=CARTESIAN_POINT('',(0.423580513806811,-0.0634030120647633,-0.00315242412023018));
#7882=CARTESIAN_POINT('',(0.424778734525687,-0.0634029436370504,-0.00315242583631767));
#7883=CARTESIAN_POINT('',(0.424881439555119,-0.0634029377718059,-0.00315242598417419));
#7884=CARTESIAN_POINT('',(0.424989429723033,-0.0634029316048318,-0.00315242613883473));
#7885=CARTESIAN_POINT('',(0.424994714861517,-0.0634029313032588,-0.00315242614586666));
#7886=CARTESIAN_POINT('',(0.425,-0.0634029310012359,-0.00315242615320919));
#7887=CARTESIAN_POINT('',(0.425000655839748,-0.063402930963783,-0.00315242615414843));
#7888=CARTESIAN_POINT('',(0.425001311679496,-0.0634029309263284,-0.00315242615512201));
#7889=CARTESIAN_POINT('',(0.425002781924856,-0.0634029308423674,-0.00315242615722766));
#7890=CARTESIAN_POINT('',(0.425003295607618,-0.0634029308130043,-0.00315242615792983));
#7891=CARTESIAN_POINT('',(0.425141578848425,-0.0634029229077038,-0.00315242635618558));
#7892=CARTESIAN_POINT('',(0.43955621602181,-0.0634020987578763,-0.00315244702490518));
#7893=CARTESIAN_POINT('',(0.445159819359173,-0.0634017783764659,-0.00315245505969851));
#7894=CARTESIAN_POINT('',(0.450625953861342,-0.0634014658563551,-0.00315246289733956));
#7895=CARTESIAN_POINT('',(0.45609208836351,-0.0634011533378764,-0.00315247073493971));
#7896=AXIS2_PLACEMENT_3D('',#8247,#8248,#8249);
#7897=CARTESIAN_POINT('',(1.27,-0.1524000008213,-0.0050799965033103));
#7898=CARTESIAN_POINT('',(1.27,-0.106444738302782,-0.00507999780842998));
#7899=VECTOR('',#8250,0.01);
#7900=CARTESIAN_POINT('',(1.27,-0.15240000029532,0.0050800051595652));
#7901=CARTESIAN_POINT('',(1.27,-0.1524000008213,-0.0050799965033103));
#7902=VECTOR('',#8251,0.01);
#7903=CARTESIAN_POINT('',(1.27,-0.107726769269088,0.00508000389085498));
#7904=VECTOR('',#8252,0.01);
#7905=CARTESIAN_POINT('',(1.2192,-0.15240000029532,0.0050800051595652));
#7906=CARTESIAN_POINT('',(1.2192,-0.15240000029532,0.0050800051595652));
#7907=VECTOR('',#8253,0.01);
#7908=CARTESIAN_POINT('',(1.2192,-0.15240000029532,0.00508000515956518));
#7909=VECTOR('',#8254,0.01);
#7910=CARTESIAN_POINT('',(1.2192,-0.1524000008213,-0.0050799965033103));
#7911=CARTESIAN_POINT('',(1.2192,-0.1524000008213,-0.0050799965033103));
#7912=VECTOR('',#8255,0.01);
#7913=CARTESIAN_POINT('',(1.1887200001135,-0.15240000061091,-0.00101599585329723));
#7914=CARTESIAN_POINT('',(1.1887200001135,-0.15240000061091,-0.00101599585329726));
#7915=VECTOR('',#8256,0.01);
#7916=CARTESIAN_POINT('',(1.18871999954579,-0.15240000050571,0.00101600443385495));
#7917=CARTESIAN_POINT('',(1.18871999954579,-0.15240000050571,0.00101600443385495));
#7918=VECTOR('',#8257,0.01);
#7919=CARTESIAN_POINT('',(1.18871999954579,-0.15240000050571,0.00101600443385437));
#7920=VECTOR('',#8258,0.01);
#7921=CARTESIAN_POINT('',(1.2192,-0.1524000008213,-0.0050799965033103));
#7922=CARTESIAN_POINT('',(1.21296499641421,-0.146178992661442,-0.00507999667998561));
#7923=CARTESIAN_POINT('',(1.20672999282841,-0.139957984501584,-0.00507999685666115));
#7924=CARTESIAN_POINT('',(1.20049498924262,-0.133736976341727,-0.00507999703333617));
#7925=CARTESIAN_POINT('',(1.19426005141897,-0.127516033796402,-0.00507999721000932));
#7926=CARTESIAN_POINT('',(1.18802511359531,-0.121295091251078,-0.00507999738668269));
#7927=CARTESIAN_POINT('',(1.18179017577166,-0.115074148705752,-0.00507999756335644));
#7928=CARTESIAN_POINT('',(1.17555530370912,-0.108853271773919,-0.00507999774002832));
#7929=CARTESIAN_POINT('',(1.16932043164657,-0.102632394842089,-0.00507999791669954));
#7930=CARTESIAN_POINT('',(1.16308555958401,-0.0964115179102587,-0.00507999809337121));
#7931=CARTESIAN_POINT('',(1.15685075328153,-0.0901907065908813,-0.00507999827004101));
#7932=CARTESIAN_POINT('',(1.15061594697904,-0.0839698952715056,-0.00507999844671079));
#7933=CARTESIAN_POINT('',(1.14438114067654,-0.0777490839521332,-0.00507999862338034));
#7934=CARTESIAN_POINT('',(1.13961457494607,-0.0729932175126606,-0.00507999875844581));
#7935=CARTESIAN_POINT('',(1.1348480092156,-0.0682373510731884,-0.00507999889351117));
#7936=CARTESIAN_POINT('',(1.13008144348513,-0.063481484633717,-0.00507999902857705));
#7937=CARTESIAN_POINT('',(1.13001198688108,-0.0634121839357135,-0.00507999903054518));
#7938=CARTESIAN_POINT('',(1.12994253027703,-0.0633428832377111,-0.0050799990325133));
#7939=CARTESIAN_POINT('',(1.12987307367298,-0.0632735825397065,-0.00507999903448144));
#7940=CARTESIAN_POINT('',(1.12985982047703,-0.0632603590925956,-0.00507999903485698));
#7941=CARTESIAN_POINT('',(1.12984657336636,-0.0632471295421979,-0.00507999803551672));
#7942=CARTESIAN_POINT('',(1.12983331093066,-0.06323391536218,-0.0050799995538383));
#7943=CARTESIAN_POINT('',(1.1448059706927,-0.108584542993318,-0.00101599709764788));
#7944=VECTOR('',#8259,0.01);
#7945=CARTESIAN_POINT('',(1.14670589493011,-0.110480203019393,0.00101600324334328));
#7946=VECTOR('',#8260,0.01);
#7947=CARTESIAN_POINT('',(1.27,0.005079992419768,-0.15240000095742));
#7948=CARTESIAN_POINT('',(1.27,0.00507999495787484,-0.10641537624749));
#7949=VECTOR('',#8261,0.01);
#7950=CARTESIAN_POINT('',(1.27,-0.0050800092431075,-0.1524000001592));
#7951=CARTESIAN_POINT('',(1.27,0.005079992419768,-0.15240000095742));
#7952=VECTOR('',#8262,0.01);
#7953=CARTESIAN_POINT('',(1.27,-0.00508000677535863,-0.10769009819171));
#7954=VECTOR('',#8263,0.01);
#7955=CARTESIAN_POINT('',(1.2192,-0.0050800092431075,-0.1524000001592));
#7956=CARTESIAN_POINT('',(1.2192,-0.0050800092431075,-0.1524000001592));
#7957=VECTOR('',#8264,0.01);
#7958=CARTESIAN_POINT('',(1.2192,-0.00508000924310747,-0.1524000001592));
#7959=VECTOR('',#8265,0.01);
#7960=CARTESIAN_POINT('',(1.2192,0.005079992419768,-0.15240000095742));
#7961=CARTESIAN_POINT('',(1.2192,0.005079992419768,-0.15240000095742));
#7962=VECTOR('',#8266,0.01);
#7963=CARTESIAN_POINT('',(1.1887200001135,0.00101599176975448,-0.15240000063813));
#7964=CARTESIAN_POINT('',(1.1887200001135,0.0010159917697545,-0.15240000063813));
#7965=VECTOR('',#8267,0.01);
#7966=CARTESIAN_POINT('',(1.18871999954578,-0.00101600851739694,-0.15240000047848));
#7967=CARTESIAN_POINT('',(1.18871999954579,-0.00101600851739694,-0.15240000047849));
#7968=VECTOR('',#8268,0.01);
#7969=CARTESIAN_POINT('',(1.18871999954578,-0.00101600851739548,-0.15240000047849));
#7970=VECTOR('',#8269,0.01);
#7971=CARTESIAN_POINT('',(1.2192,0.005079992419768,-0.15240000095742));
#7972=VECTOR('',#8270,0.01);
#7973=CARTESIAN_POINT('',(1.14397218652887,0.00101599423405383,-0.107752630413695));
#7974=VECTOR('',#8271,0.01);
#7975=CARTESIAN_POINT('',(1.14631184478864,-0.00101600618194825,-0.110087037356938));
#7976=VECTOR('',#8272,0.01);
#7977=CARTESIAN_POINT('',(0.41869999,-0.000760025859500806,-0.158800000522049));
#7978=CARTESIAN_POINT('',(0.377002388000147,-0.00180137002628267,-0.117276682307335));
#7979=VECTOR('',#8273,0.01);
#7980=CARTESIAN_POINT('',(0.418699989999993,0.0007599742894333,-0.15880000072291));
#7981=CARTESIAN_POINT('',(0.41869999,0.000759974289433307,-0.158800000641459));
#7982=VECTOR('',#8274,0.01);
#7983=CARTESIAN_POINT('',(0.377002710852629,0.00180132387792026,-0.117277004479567));
#7984=VECTOR('',#8275,0.01);
#7985=CARTESIAN_POINT('',(0.425,0.000759974291476012,-0.158800000641459));
#7986=CARTESIAN_POINT('',(0.425,0.00196224131730969,-0.110860548079978));
#7987=VECTOR('',#8276,0.01);
#7988=CARTESIAN_POINT('',(0.425,0.000759974291476014,-0.158800000641459));
#7989=VECTOR('',#8277,0.01);
#7990=CARTESIAN_POINT('',(0.425,-0.000760025857457956,-0.158800000522049));
#7991=CARTESIAN_POINT('',(0.41869999,-0.000760025857457954,-0.158800000522049));
#7992=VECTOR('',#8278,0.01);
#7993=CARTESIAN_POINT('',(0.425,0.000759974291476012,-0.158800000641459));
#7994=VECTOR('',#8279,0.01);
#7995=CARTESIAN_POINT('',(0.425,-0.0019622880564904,-0.110860119200882));
#7996=VECTOR('',#8280,0.01);
#7997=CARTESIAN_POINT('',(0.41869999,-0.158800000542409,0.000760021604471204));
#7998=CARTESIAN_POINT('',(0.377010644391269,-0.117284904237403,0.00180116069085959));
#7999=VECTOR('',#8281,0.01);
#8000=CARTESIAN_POINT('',(0.418699989999993,-0.15880000070255,-0.0007599785444629));
#8001=CARTESIAN_POINT('',(0.41869999,-0.158800000621099,-0.000759978544462904));
#8002=VECTOR('',#8282,0.01);
#8003=CARTESIAN_POINT('',(0.377010103335003,-0.117284366015183,-0.00180114240037962));
#8004=VECTOR('',#8283,0.01);
#8005=CARTESIAN_POINT('',(0.425,-0.158800000621099,-0.000759978546505587));
#8006=CARTESIAN_POINT('',(0.425,-0.110870092129491,-0.00196200493282128));
#8007=VECTOR('',#8284,0.01);
#8008=CARTESIAN_POINT('',(0.425,-0.158800000621099,-0.000759978546505588));
#8009=VECTOR('',#8285,0.01);
#8010=CARTESIAN_POINT('',(0.425,-0.158800000542409,0.000760021602428544));
#8011=CARTESIAN_POINT('',(0.41869999,-0.158800000542409,0.000760021602428546));
#8012=VECTOR('',#8286,0.01);
#8013=CARTESIAN_POINT('',(0.425,-0.158800000621099,-0.000759978546505587));
#8014=VECTOR('',#8287,0.01);
#8015=CARTESIAN_POINT('',(0.425,-0.110870809893526,0.00196201698008104));
#8016=VECTOR('',#8288,0.01);
#8017=CARTESIAN_POINT('',(1.27,-0.0050800005868526,0.15240000068518));
#8018=CARTESIAN_POINT('',(1.27,-0.00508000072963958,0.0634301279288798));
#8019=VECTOR('',#8289,0.01);
#8020=CARTESIAN_POINT('',(1.27,0.0050800010760229,0.15240000043143));
#8021=CARTESIAN_POINT('',(1.27,0.0050800010760229,0.15240000043143));
#8022=VECTOR('',#8290,0.01);
#8023=CARTESIAN_POINT('',(1.27,0.00508000093325132,0.0634395721277334));
#8024=VECTOR('',#8291,0.01);
#8025=CARTESIAN_POINT('',(1.2192,0.0050800010760229,0.15240000043143));
#8026=CARTESIAN_POINT('',(1.2192,0.0050800010760229,0.15240000043143));
#8027=VECTOR('',#8292,0.01);
#8028=CARTESIAN_POINT('',(1.2192,0.0050800010760229,0.15240000043143));
#8029=VECTOR('',#8293,0.01);
#8030=CARTESIAN_POINT('',(1.2192,-0.0050800005868526,0.15240000068518));
#8031=CARTESIAN_POINT('',(1.27,-0.0050800005868526,0.15240000068518));
#8032=VECTOR('',#8294,0.01);
#8033=CARTESIAN_POINT('',(1.1887200165778,-0.0010160021320814,0.15240000058368));
#8034=CARTESIAN_POINT('',(1.1887200165778,-0.00101600213208236,0.15240000058368));
#8035=VECTOR('',#8295,0.01);
#8036=CARTESIAN_POINT('',(1.1887200154424,0.0010160024698559,0.15240000053293));
#8037=CARTESIAN_POINT('',(1.1887200154424,0.0010160024698559,0.15240000053293));
#8038=VECTOR('',#8296,0.01);
#8039=CARTESIAN_POINT('',(1.2192,0.0050800010760229,0.15240000043143));
#8040=VECTOR('',#8297,0.01);
#8041=CARTESIAN_POINT('',(1.2192,-0.0050800005868526,0.15240000068518));
#8042=CARTESIAN_POINT('',(1.21296499641421,-0.00508000059683655,0.146178992525322));
#8043=CARTESIAN_POINT('',(1.20672999282841,-0.00508000060682048,0.139957984365466));
#8044=CARTESIAN_POINT('',(1.20049498924262,-0.00508000061680467,0.133736976205608));
#8045=CARTESIAN_POINT('',(1.19426005141897,-0.00508000062678875,0.127516033660281));
#8046=CARTESIAN_POINT('',(1.18802511359532,-0.00508000063677251,0.121295091114957));
#8047=CARTESIAN_POINT('',(1.18179017577166,-0.00508000064675644,0.115074148569633));
#8048=CARTESIAN_POINT('',(1.17555530370912,-0.00508000065674026,0.108853271637801));
#8049=CARTESIAN_POINT('',(1.16932043164657,-0.00508000066672394,0.10263239470597));
#8050=CARTESIAN_POINT('',(1.16308555958402,-0.00508000067670789,0.0964115177741401));
#8051=CARTESIAN_POINT('',(1.15792571519389,-0.00508000068497039,0.0912632554495318));
#8052=CARTESIAN_POINT('',(1.15276587080376,-0.00508000069323272,0.0861149931249246));
#8053=CARTESIAN_POINT('',(1.14760602641363,-0.00508000070149504,0.0809667308003193));
#8054=CARTESIAN_POINT('',(1.1417644987708,-0.00508000071084892,0.0751383153660779));
#8055=CARTESIAN_POINT('',(1.13592310688944,-0.00507997870489884,0.0693097638617233));
#8056=CARTESIAN_POINT('',(1.13008144348513,-0.00508000072955691,0.0634814844975981));
#8057=CARTESIAN_POINT('',(1.13005929050527,-0.00508000081307966,0.0634593822732046));
#8058=CARTESIAN_POINT('',(1.13003713649575,-0.00508000106357697,0.0634372810808561));
#8059=CARTESIAN_POINT('',(1.13001498300106,-0.005080001230587,0.063415179372485));
#8060=CARTESIAN_POINT('',(1.1887200165778,-0.0010160021320814,0.15240000058368));
#8061=CARTESIAN_POINT('',(1.18128678344767,-0.00101597930861413,0.144983623371155));
#8062=CARTESIAN_POINT('',(1.17385371298338,-0.00101599996064717,0.137567083124903));
#8063=CARTESIAN_POINT('',(1.16642056529297,-0.00101599997254978,0.130150620279427));
#8064=CARTESIAN_POINT('',(1.15859534830462,-0.00101599998508019,0.122342968195946));
#8065=CARTESIAN_POINT('',(1.15077013131628,-0.00101599999761062,0.114535316112467));
#8066=CARTESIAN_POINT('',(1.14294491432793,-0.00101600001014104,0.106727664028989));
#8067=CARTESIAN_POINT('',(1.13579123585669,-0.00101600002159613,0.0995900430909786));
#8068=CARTESIAN_POINT('',(1.12863755738545,-0.00101600003305123,0.0924524221529699));
#8069=CARTESIAN_POINT('',(1.12148387891421,-0.00101600004450632,0.0853148012149596));
#8070=CARTESIAN_POINT('',(1.11682956000868,-0.00101600005195921,0.0806709296451231));
#8071=CARTESIAN_POINT('',(1.11217524110314,-0.00101600005941211,0.0760270580752882));
#8072=CARTESIAN_POINT('',(1.1075209221976,-0.00101600006686499,0.0713831865054519));
#8073=CARTESIAN_POINT('',(1.10492422473612,-0.00101600007102304,0.0687923177313992));
#8074=CARTESIAN_POINT('',(1.10232756856533,-0.00101599868858906,0.066201407573051));
#8075=CARTESIAN_POINT('',(1.09973082669117,-0.00101600018417925,0.063610583312358));
#8076=CARTESIAN_POINT('',(1.09973243271454,0.00101600020781981,0.0636121800024557));
#8077=CARTESIAN_POINT('',(1.10559045206697,0.00101600021720015,0.0694570501281253));
#8078=CARTESIAN_POINT('',(1.1114484714194,0.00101600022658051,0.0753019202537924));
#8079=CARTESIAN_POINT('',(1.11730649077184,0.00101600023596087,0.08114679037946));
#8080=CARTESIAN_POINT('',(1.12245341032311,0.00101600024420255,0.0862821568770093));
#8081=CARTESIAN_POINT('',(1.12760032987439,0.00101600025244361,0.0914175233745568));
#8082=CARTESIAN_POINT('',(1.13274724942567,0.00101600026068595,0.0965528898721038));
#8083=CARTESIAN_POINT('',(1.13896644388346,0.00101600027064543,0.102758124389973));
#8084=CARTESIAN_POINT('',(1.14518563834126,0.00101600028060264,0.108963358907843));
#8085=CARTESIAN_POINT('',(1.15140483279905,0.00101600029056201,0.115168593425713));
#8086=CARTESIAN_POINT('',(1.15762402725685,0.00101600030052137,0.121373827943582));
#8087=CARTESIAN_POINT('',(1.16384322171464,0.00101600031047969,0.127579062461452));
#8088=CARTESIAN_POINT('',(1.17006241617244,0.00101600032043826,0.133784296979323));
#8089=CARTESIAN_POINT('',(1.17628161328563,0.00101600033039685,0.139989534146634));
#8090=CARTESIAN_POINT('',(1.18250074166971,0.00101598197124106,0.14619484019856));
#8091=CARTESIAN_POINT('',(1.1887200154424,0.0010160024698559,0.15240000053293));
#8092=CARTESIAN_POINT('',(1.27,0.15240000109354,0.0050799883362262));
#8093=CARTESIAN_POINT('',(1.27,0.0633716096272048,0.0050799956356265));
#8094=VECTOR('',#8298,0.01);
#8095=CARTESIAN_POINT('',(1.27,0.15240000002308,-0.0050800133266493));
#8096=CARTESIAN_POINT('',(1.27,0.15240000002308,-0.0050800133266493));
#8097=VECTOR('',#8299,0.01);
#8098=CARTESIAN_POINT('',(1.27,0.0633493804553339,-0.00508000602542679));
#8099=VECTOR('',#8300,0.01);
#8100=CARTESIAN_POINT('',(1.2192,0.15240000002308,-0.00508001332664929));
#8101=CARTESIAN_POINT('',(1.2192,0.15240000002308,-0.0050800133266493));
#8102=VECTOR('',#8301,0.01);
#8103=CARTESIAN_POINT('',(1.27,0.15240000002308,-0.0050800133266493));
#8104=VECTOR('',#8302,0.01);
#8105=CARTESIAN_POINT('',(1.2192,0.15240000109354,0.0050799883362262));
#8106=CARTESIAN_POINT('',(1.27,0.15240000109354,0.0050799883362262));
#8107=VECTOR('',#8303,0.01);
#8108=CARTESIAN_POINT('',(1.2192,0.15240000109354,0.0050799883362262));
#8109=VECTOR('',#8304,0.01);
#8110=CARTESIAN_POINT('',(1.2192,0.15240000109354,0.0050799883362262));
#8111=CARTESIAN_POINT('',(1.2129649964142,0.146178992933684,0.00507998884628352));
#8112=CARTESIAN_POINT('',(1.20672999282841,0.139957984773825,0.00507998935634171));
#8113=CARTESIAN_POINT('',(1.20049498924262,0.133736976613967,0.00507998986639965));
#8114=CARTESIAN_POINT('',(1.19426005141897,0.127516034068641,0.00507999037645221));
#8115=CARTESIAN_POINT('',(1.18802511359531,0.121295091523316,0.00507999088650436));
#8116=CARTESIAN_POINT('',(1.18179017577166,0.115074148977991,0.00507999139655696));
#8117=CARTESIAN_POINT('',(1.17555530370912,0.108853272046157,0.00507999190660419));
#8118=CARTESIAN_POINT('',(1.16932043164657,0.102632395114326,0.00507999241665112));
#8119=CARTESIAN_POINT('',(1.16308555958401,0.0964115181824954,0.00507999292669818));
#8120=CARTESIAN_POINT('',(1.15792571519389,0.091263255857887,0.00507999334880202));
#8121=CARTESIAN_POINT('',(1.15276587080376,0.0861149935332798,0.00507999377090587));
#8122=CARTESIAN_POINT('',(1.14760602641363,0.0809667312086738,0.00507999419300971));
#8123=CARTESIAN_POINT('',(1.1417644987708,0.0751383157744318,0.00507999467087902));
#8124=CARTESIAN_POINT('',(1.13592304308763,0.0693098282177392,0.00507998388054327));
#8125=CARTESIAN_POINT('',(1.13008144348513,0.0634814849059525,0.00507999562661766));
#8126=CARTESIAN_POINT('',(1.13004190202075,0.0634420331726723,0.00507999570612618));
#8127=CARTESIAN_POINT('',(1.13000235958221,0.0634025824157901,0.00507999593818242));
#8128=CARTESIAN_POINT('',(1.12996281763074,0.0633631311707089,0.0050799960939648));
#8129=CARTESIAN_POINT('',(1.1887200165778,0.15240000066535,0.001015989881455));
#8130=CARTESIAN_POINT('',(1.1887200165778,0.15240000066535,0.001015989881455));
#8131=CARTESIAN_POINT('',(1.18128678344767,0.144983623452824,0.00101596765415089));
#8132=CARTESIAN_POINT('',(1.17385371298338,0.137567083206573,0.00101598890236021));
#8133=CARTESIAN_POINT('',(1.16642056529297,0.130150620361097,0.00101598951043285));
#8134=CARTESIAN_POINT('',(1.15859534830462,0.122342968277617,0.00101599015057894));
#8135=CARTESIAN_POINT('',(1.15077013131628,0.114535316194137,0.00101599079072504));
#8136=CARTESIAN_POINT('',(1.14294491432793,0.106727664110659,0.00101599143087113));
#8137=CARTESIAN_POINT('',(1.13579123585669,0.0995900431726491,0.00101599201608165));
#8138=CARTESIAN_POINT('',(1.12863755738545,0.0924524222346395,0.00101599260129218));
#8139=CARTESIAN_POINT('',(1.12148387891421,0.0853148012966301,0.0010159931865027));
#8140=CARTESIAN_POINT('',(1.11682956000868,0.0806709297267941,0.00101599356725177));
#8141=CARTESIAN_POINT('',(1.11217524110314,0.0760270581569588,0.00101599394800083));
#8142=CARTESIAN_POINT('',(1.1075209221976,0.0713831865871225,0.00101599432874989));
#8143=CARTESIAN_POINT('',(1.10490365074607,0.0687717900045066,0.00101599454285718));
#8144=CARTESIAN_POINT('',(1.10228641082908,0.0661603618159809,0.00101599386668239));
#8145=CARTESIAN_POINT('',(1.09966910459712,0.0635490000925015,0.00101599506270934));
#8146=CARTESIAN_POINT('',(1.1887200165778,0.15240000066535,0.00101598988145596));
#8147=VECTOR('',#8305,0.01);
#8148=CARTESIAN_POINT('',(1.1887200154424,0.15240000045126,-0.0010160147204823));
#8149=CARTESIAN_POINT('',(1.0996652687092,0.0635451666754003,-0.00101600531577056));
#8150=CARTESIAN_POINT('',(1.10554567606341,0.0694123745495313,-0.00101600579682074));
#8151=CARTESIAN_POINT('',(1.11142608341762,0.0752795824236608,-0.00101600627787036));
#8152=CARTESIAN_POINT('',(1.11730649077184,0.0811467902977891,-0.00101600675892023));
#8153=CARTESIAN_POINT('',(1.12245341032311,0.0862821567953375,-0.00101600717996674));
#8154=CARTESIAN_POINT('',(1.12760032987439,0.091417523292885,-0.00101600760101337));
#8155=CARTESIAN_POINT('',(1.13274724942567,0.0965528897904319,-0.00101600802205973));
#8156=CARTESIAN_POINT('',(1.13896644388346,0.102758124308302,-0.00101600853082408));
#8157=CARTESIAN_POINT('',(1.14518563834126,0.108963358826173,-0.00101600903958888));
#8158=CARTESIAN_POINT('',(1.15140483279905,0.115168593344042,-0.00101600954835344));
#8159=CARTESIAN_POINT('',(1.15762402725685,0.121373827861912,-0.001016010057118));
#8160=CARTESIAN_POINT('',(1.16384322171464,0.127579062379781,-0.00101601056588256));
#8161=CARTESIAN_POINT('',(1.17006241617244,0.133784296897652,-0.00101601107464713));
#8162=CARTESIAN_POINT('',(1.17628161328563,0.139989534064964,-0.0010160115834119));
#8163=CARTESIAN_POINT('',(1.18250074166971,0.146194840116891,-0.00101599372306761));
#8164=CARTESIAN_POINT('',(1.1887200154424,0.15240000045126,-0.0010160147204823));
#8165=CARTESIAN_POINT('',(1.1887200154424,0.15240000045126,-0.0010160147204823));
#8166=CARTESIAN_POINT('',(1.18872001582087,0.152400000522623,-0.000338679853169867));
#8167=CARTESIAN_POINT('',(1.18872001619933,0.152400000593987,0.000338655014142567));
#8168=CARTESIAN_POINT('',(1.1887200165778,0.15240000066535,0.001015989881455));
#8169=CARTESIAN_POINT('',(1.2192,0.15240000002308,-0.0050800133266493));
#8170=VECTOR('',#8306,0.01);
#8171=CARTESIAN_POINT('',(0.425,0.158800000235296,0.000759970047143886));
#8172=VECTOR('',#8307,0.01);
#8173=CARTESIAN_POINT('',(0.425,0.0634398738523918,-0.00315151345110506));
#8174=VECTOR('',#8308,0.01);
#8175=CARTESIAN_POINT('',(0.41869999,0.0007600003293235,0.15880000056278));
#8176=CARTESIAN_POINT('',(0.41869999,0.0007600003293235,0.15880000056278));
#8177=CARTESIAN_POINT('',(0.386717585110234,0.0015588184454623,0.126951272416484));
#8178=CARTESIAN_POINT('',(0.354735177583257,0.00235745997038269,0.0951025424895394));
#8179=CARTESIAN_POINT('',(0.322752771247867,0.00315618128402653,0.063253813367116));
#8180=CARTESIAN_POINT('',(0.322313476386496,0.00316715213359525,0.0628163546312735));
#8181=CARTESIAN_POINT('',(0.321874181525125,0.00317812298316397,0.062378895895431));
#8182=CARTESIAN_POINT('',(0.321434886663754,0.0031890938327327,0.0619414371595886));
#8183=CARTESIAN_POINT('',(0.41869999,-0.0007599998196107,0.15880000060073));
#8184=CARTESIAN_POINT('',(0.41869999,-0.0007599998196107,0.15880000060073));
#8185=VECTOR('',#8309,0.01);
#8186=CARTESIAN_POINT('',(0.321433784141451,-0.00318910789057809,0.0619403400884389));
#8187=CARTESIAN_POINT('',(0.334517354346256,-0.00286235896082465,0.0749692246656198));
#8188=CARTESIAN_POINT('',(0.34760092455106,-0.00253561003107114,0.0879981092428035));
#8189=CARTESIAN_POINT('',(0.360684494755861,-0.00220886110131763,0.101026993819988));
#8190=CARTESIAN_POINT('',(0.370173221224224,-0.00197188975712571,0.110476060092083));
#8191=CARTESIAN_POINT('',(0.379661947692586,-0.00173491841293379,0.119925126364178));
#8192=CARTESIAN_POINT('',(0.389150674160948,-0.00149794706874186,0.129374192636273));
#8193=CARTESIAN_POINT('',(0.399000446022628,-0.00125195898110665,0.139182795233929));
#8194=CARTESIAN_POINT('',(0.408850216140547,-0.00100585409618339,0.148991396654324));
#8195=CARTESIAN_POINT('',(0.41869999,-0.0007599998196107,0.15880000060073));
#8196=CARTESIAN_POINT('',(0.425,-0.0007599998196107,0.15880000060073));
#8197=CARTESIAN_POINT('',(0.425,-0.000759982812232209,0.158800000174207));
#8198=VECTOR('',#8310,0.01);
#8199=CARTESIAN_POINT('',(0.425,-0.00075998280153553,0.15880000060073));
#8200=VECTOR('',#8311,0.01);
#8201=CARTESIAN_POINT('',(0.425,0.0007600003293235,0.15880000056278));
#8202=CARTESIAN_POINT('',(0.41869999,0.0007600003293235,0.15880000056278));
#8203=VECTOR('',#8312,0.01);
#8204=CARTESIAN_POINT('',(0.425,0.0007600003293235,0.15880000056278));
#8205=VECTOR('',#8313,0.01);
#8206=CARTESIAN_POINT('',(0.425,0.00315082237059207,0.0634672272346018));
#8207=VECTOR('',#8314,0.01);
#8208=DIRECTION('',(-1.0,5.63921911044671E-15,1.7622559720146E-16));
#8209=DIRECTION('',(4.6746228035462E-14,-1.05348690201001E-07,-0.999999999999994));
#8210=DIRECTION('',(1.0,2.81960955522333E-15,2.20281996501822E-17));
#8211=DIRECTION('',(0.0,1.05348666827887E-07,0.999999999999994));
#8212=DIRECTION('',(0.999999998172596,6.04550063563814E-05,-1.71811011660061E-12));
#8213=CARTESIAN_POINT('',(1.2700000000003,6.15732261970219E-05,0.000134967757397695));
#8214=DIRECTION('',(1.0,-4.67558858598991E-12,6.12323399574812E-17));
#8215=DIRECTION('',(-4.39728649769238E-12,-0.940482086098644,-0.339843266414892));
#8216=DIRECTION('',(0.999999999089322,4.26773442891386E-05,-1.21219952049987E-12));
#8217=CARTESIAN_POINT('',(1.02912090393658,4.90960858612732E-05,0.000108395468892368));
#8218=DIRECTION('',(0.131019310967981,0.131314037709821,-0.98264467823004));
#8219=DIRECTION('',(0.991379813753469,-0.0172833233141471,0.129874368592717));
#8220=CARTESIAN_POINT('',(1.03592748525392,4.95476454554478E-05,0.000109049157652759));
#8221=DIRECTION('',(0.706311838538704,0.707900831148014,1.61180702179703E-07));
#8222=DIRECTION('',(0.70790082931697,-0.706311836728109,7.17642754047149E-05));
#8223=CARTESIAN_POINT('',(1.02749782947374,4.907804788431E-05,0.000108016902937518));
#8224=DIRECTION('',(0.131019311758208,0.131314094310318,0.982644670560964));
#8225=DIRECTION('',(0.991379815839603,-0.0173279739496434,-0.129868402872426));
#8226=CARTESIAN_POINT('',(1.27,6.82867032997084E-05,0.000136466644540632));
#8227=DIRECTION('',(1.0,1.70883271708162E-13,6.12323399573625E-17));
#8228=DIRECTION('',(4.10703512471781E-14,-0.239993698893676,-0.970774445734606));
#8229=CARTESIAN_POINT('',(1.02782982364666,5.56650624394983E-05,0.000109586530361829));
#8230=DIRECTION('',(0.131019310967925,0.982644681748291,0.131314011382223));
#8231=DIRECTION('',(0.991379812033012,-0.12987716722072,-0.0172623789818117));
#8232=CARTESIAN_POINT('',(1.03586632097544,5.61999244825144E-05,0.000110574678544637));
#8233=DIRECTION('',(0.706311838604942,-1.41724516344133E-07,0.70790083108193));
#8234=DIRECTION('',(0.707900831062377,-7.29372368124644E-06,-0.706311838586893));
#8235=CARTESIAN_POINT('',(1.02866673363978,5.59482529338062E-05,0.000109775750093302));
#8236=DIRECTION('',(0.131019311758116,-0.982644667041709,0.131314120645562));
#8237=DIRECTION('',(0.991379808915245,0.12988093116209,-0.0172342158406391));
#8238=CARTESIAN_POINT('',(0.26523835904273,1.60294877728546E-05,-0.00597979538860587));
#8239=DIRECTION('',(-0.7056243869267,-1.31616079952749E-07,-0.708586074217029));
#8240=DIRECTION('',(0.708586074208165,-5.13645393403181E-06,-0.705624386916919));
#8241=CARTESIAN_POINT('',(0.424999999999885,2.10618427040968E-05,2.91365363420582E-05));
#8242=DIRECTION('',(-1.0,-2.31379652631069E-14,-1.81019818474811E-12));
#8243=DIRECTION('',(1.80685301314142E-12,0.0493293054349424,-0.99878256874322));
#8244=CARTESIAN_POINT('',(0.265253640522026,-0.00599501299397069,2.40614135834822E-05));
#8245=DIRECTION('',(-0.705624386926634,-0.708586074217099,1.11510079897801E-07));
#8246=DIRECTION('',(0.708586072649795,-0.705624385355397,6.66225021632193E-05));
#8247=CARTESIAN_POINT('',(0.424999999999942,8.81751443387202E-06,3.75924660399013E-05));
#8248=DIRECTION('',(-1.0,-9.07392527220989E-13,-5.38463251738811E-16));
#8249=DIRECTION('',(9.06273570077854E-13,-0.99873702828658,-0.0502428933212581));
#8250=DIRECTION('',(0.0,-1.0,2.83997869994151E-08));
#8251=DIRECTION('',(0.0,5.17696771781258E-08,0.999999999999999));
#8252=DIRECTION('',(0.0,-1.0,2.83997855720321E-08));
#8253=DIRECTION('',(-0.707900831071178,0.706311838615731,-2.00591045730979E-08));
#8254=DIRECTION('',(1.0,-3.49676543189021E-16,-1.31128703695883E-16));
#8255=DIRECTION('',(1.0,0.0,0.0));
#8256=DIRECTION('',(0.991227897848883,-6.84201313077821E-09,-0.132163741344152));
#8257=DIRECTION('',(2.79397532961487E-07,-5.1771536865937E-08,-0.99999999999996));
#8258=DIRECTION('',(0.991227897848875,6.84201242565854E-09,0.132163741344216));
#8259=DIRECTION('',(0.707900831071064,-0.706311838615846,2.00590718481787E-08));
#8260=DIRECTION('',(-0.707900831071064,0.706311838615846,-2.00590691047246E-08));
#8261=DIRECTION('',(0.0,-5.519468409276E-08,-0.999999999999999));
#8262=DIRECTION('',(0.0,-0.999999999999997,7.85649474530879E-08));
#8263=DIRECTION('',(0.0,-5.5194682513732E-08,-0.999999999999999));
#8264=DIRECTION('',(-0.707900831071186,3.89846578490833E-08,0.706311838615722));
#8265=DIRECTION('',(1.0,-1.74838271594514E-16,0.0));
#8266=DIRECTION('',(1.0,0.0,0.0));
#8267=DIRECTION('',(0.991227897848882,0.132163741344157,-1.03835082563835E-08));
#8268=DIRECTION('',(2.79394176067252E-07,0.999999999999958,-7.85628144343448E-08));
#8269=DIRECTION('',(0.991227897848871,-0.132163741344242,1.03835074852999E-08));
#8270=DIRECTION('',(-0.707900831071098,3.89846580219836E-08,0.706311838615811));
#8271=DIRECTION('',(0.707900831071084,-3.89846374576532E-08,-0.706311838615825));
#8272=DIRECTION('',(-0.707900831071084,3.89846250998939E-08,0.706311838615825));
#8273=DIRECTION('',(-0.708475151957616,-0.0176932588786152,0.705513931576753));
#8274=DIRECTION('',(0.0,-0.999999999999997,7.8559186540083E-08));
#8275=DIRECTION('',(0.708475152370984,-0.0176934880035549,-0.705513925415494));
#8276=DIRECTION('',(0.0,-0.0250709813584474,-0.999685673546302));
#8277=DIRECTION('',(-1.0,3.52451194402916E-16,0.0));
#8278=DIRECTION('',(1.0,-2.20281996501822E-16,0.0));
#8279=DIRECTION('',(0.0,-0.999999999999997,7.85591982266476E-08));
#8280=DIRECTION('',(0.0,-0.025070656682617,0.999685681688751));
#8281=DIRECTION('',(-0.708475151957598,0.705513931102681,0.0176932777827876));
#8282=DIRECTION('',(0.0,5.17697413119508E-08,0.999999999999999));
#8283=DIRECTION('',(0.708475152370965,-0.705513925889608,0.0176934690993821));
#8284=DIRECTION('',(0.0,-0.999685674218077,0.0250709545719729));
#8285=DIRECTION('',(-1.0,2.81960955522333E-15,4.40563993003645E-17));
#8286=DIRECTION('',(1.0,0.0,-3.74479394053098E-16));
#8287=DIRECTION('',(0.0,5.1769729625393E-08,0.999999999999999));
#8288=DIRECTION('',(0.0,0.999685681016985,0.0250706834690896));
#8289=DIRECTION('',(4.7917978102972E-15,1.60489132178377E-09,1.0));
#8290=DIRECTION('',(0.0,-1.0,2.49753894940891E-08));
#8291=DIRECTION('',(-3.19487101988503E-15,1.60488863235334E-09,1.0));
#8292=DIRECTION('',(-0.707900831071212,-1.13355209716381E-09,-0.706311838615698));
#8293=DIRECTION('',(1.0,0.0,-3.49676543189026E-16));
#8294=DIRECTION('',(-1.0,2.18547839493141E-17,0.0));
#8295=DIRECTION('',(0.991227897848895,-0.132163741344066,3.30084329005031E-09));
#8296=DIRECTION('',(5.58758352313837E-07,-0.999999999999844,2.49753370193104E-08));
#8297=DIRECTION('',(-0.991227897848875,-0.132163741344213,3.30084316709151E-09));
#8298=DIRECTION('',(0.0,0.999999999999997,-8.19895785500428E-08));
#8299=DIRECTION('',(0.0,1.05360219476432E-07,0.999999999999994));
#8300=DIRECTION('',(0.0,0.999999999999997,-8.19895756271471E-08));
#8301=DIRECTION('',(-0.707900831071193,-0.706311838615715,5.79102087553501E-08));
#8302=DIRECTION('',(-1.0,0.0,8.74191357972565E-17));
#8303=DIRECTION('',(-1.0,0.0,2.18547839493139E-17));
#8304=DIRECTION('',(4.19611783149451E-14,-1.0536022472158E-07,-0.999999999999994));
#8305=DIRECTION('',(0.991227897848895,1.3925003393956E-08,0.132163741344066));
#8306=DIRECTION('',(-0.991227897848875,1.39246776401605E-08,0.132163741344212));
#8307=DIRECTION('',(7.44915866422809E-16,-0.999685672874528,0.0250710081449174));
#8308=DIRECTION('',(7.44880929476614E-16,0.999685679673451,0.0250707370420391));
#8309=DIRECTION('',(4.67462280354592E-14,1.0,-2.49670435281686E-08));
#8310=DIRECTION('',(-7.45082849863313E-16,-0.0250709277854963,-0.99968567488985));
#8311=DIRECTION('',(-1.0,-2.2028199650182E-17,5.63921911044659E-15));
#8312=DIRECTION('',(1.0,0.0,0.0));
#8313=DIRECTION('',(0.0,-1.0,2.49671019609537E-08));
#8314=DIRECTION('',(-7.45094652662804E-16,-0.0250708174014607,0.999685677658144));
#8315=PRESENTATION_LAYER_ASSIGNMENT('','',(#67,#68,#69,#70,#71,#72,#73,#74,#75,#76,#77,#78,#79,#80,#81,#82,#83,#84,#85,#86,#87,#88,#89,#90,#91,#92,#93,#94,#95,#96,#97,#98,#99,#100,#101,#102,#103,#104,#105,#106,#107,#108,#109,#110,#111,#112,#113,#114,#115,#116,#117,#118,#119,#1004,#1005,#1006,#1007,#1008,#1009,#1010,#1011,#1012,#1013,#1014,#1015,#1016,#1017,#1018,#1019,#1020,#1021,#1022,#1023,#1024,#1025,#1026,#1027,#1028,#1029,#1030,#1031,#1032,#1033,#1034,#1035,#1036,#1037,#1038,#1039,#1040,#1041,#1042,#1043,#1044,#1045,#1046,#1047,#1048,#1049,#1050,#1051,#1052,#1053,#1054,#1055,#1056,#1057,#1058,#1059,#1060,#1061,#1062,#1063,#1064,#1065,#1066,#1067,#1068,#1069,#1070,#1071,#1072,#1073,#1074,#1075,#1076,#1077,#1078,#1079,#1080,#1081,#1082,#1083,#1084,#1085,#1086,#1087,#1088,#1089,#1090,#1091,#1092,#1093,#1094,#1095,#1096,#1097,#1098,#1099,#1100,#1101,#1102,#1103,#1104,#1105,#1106,#1107,#1108,#1109,#1110,#1111,#1112,#1113,#1114,#1115,#1116,#1117,#1118,#1119,#1120,#1121,#1122,#1123,#1124,#1125,#1126,#1127,#1128,#1129,#1130,#1143,#1144,#1146,#1148,#1151,#1152,#1156,#1157,#1159,#1161,#1164,#1165,#1167,#1169,#1171,#1173,#1176,#1177,#1179,#1181,#1183,#1185,#1188,#1190,#1193,#1194,#1196,#1198,#1203,#1204,#1206,#1208,#1210,#1212,#1215,#1216,#1218,#1220,#1222,#1224,#1227,#1228,#1230,#1232,#1235,#1236,#1238,#1240,#1243,#1245,#1248,#1251,#1253,#1255,#1261,#1263,#1266,#1269,#1271,#1273,#1279,#1281,#1284,#1287,#1291,#1293,#1296,#1299,#1303,#1305,#1308,#1311,#1313,#1315,#1321,#1323,#1326,#1329,#1333,#1336,#1342,#1344,#1347,#1350));
#8316=PRESENTATION_LAYER_ASSIGNMENT('9','\X2\56FE5C42\X0\0',(#25));
ENDSEC;
END-ISO-10303-21;
